image_path,sample_id,center,class_name,target,split
center_1/ndbe/f6482bca196d4f8ca051515518844ac8.png,f6482bca196d4f8ca051515518844ac8.png,center_1,ndbe,0,fold_3
center_1/ndbe/2e4c25257d2b4309b9ee77c72c3b8348.png,2e4c25257d2b4309b9ee77c72c3b8348.png,center_1,ndbe,0,fold_1
center_1/ndbe/8036a5c0c3d040c9927f15eacdfd095c.png,8036a5c0c3d040c9927f15eacdfd095c.png,center_1,ndbe,0,fold_0
center_1/ndbe/b085c18138e54d428410b92419204f76.png,b085c18138e54d428410b92419204f76.png,center_1,ndbe,0,fold_1
center_1/ndbe/daa4c97b20634abbbe65e630b4c00b5f.png,daa4c97b20634abbbe65e630b4c00b5f.png,center_1,ndbe,0,fold_4
center_1/ndbe/597521a29be14893988b4fdf397faf88.png,597521a29be14893988b4fdf397faf88.png,center_1,ndbe,0,fold_4
center_1/ndbe/7addb90c6064436bafe0bfd3e4705731.png,7addb90c6064436bafe0bfd3e4705731.png,center_1,ndbe,0,fold_4
center_1/ndbe/816b9aead899431788d1fe285cf8539c.png,816b9aead899431788d1fe285cf8539c.png,center_1,ndbe,0,fold_1
center_1/ndbe/5ff79394bca641e99985422dcf0d6cd2.png,5ff79394bca641e99985422dcf0d6cd2.png,center_1,ndbe,0,fold_0
center_1/ndbe/2c3932cb8df642ffb281f275b637695c.png,2c3932cb8df642ffb281f275b637695c.png,center_1,ndbe,0,fold_1
center_1/ndbe/41b461675edf4d6c8f08b9965a3427b4.png,41b461675edf4d6c8f08b9965a3427b4.png,center_1,ndbe,0,fold_1
center_1/ndbe/f85937ba8409408fafa8e1de9e543d74.png,f85937ba8409408fafa8e1de9e543d74.png,center_1,ndbe,0,fold_3
center_1/ndbe/48625ae386674cf8a25b8bae719b5898.png,48625ae386674cf8a25b8bae719b5898.png,center_1,ndbe,0,fold_3
center_1/ndbe/0abf3b9e102e4cf5818df7bd98d31757.png,0abf3b9e102e4cf5818df7bd98d31757.png,center_1,ndbe,0,fold_0
center_1/ndbe/81ebafe30655432f96f76d304f996afa.png,81ebafe30655432f96f76d304f996afa.png,center_1,ndbe,0,fold_4
center_1/ndbe/7bf62f0f2659446f8085f397dbd3de64.png,7bf62f0f2659446f8085f397dbd3de64.png,center_1,ndbe,0,fold_3
center_1/ndbe/33db8ccca68c4844b14c41bbf9680023.png,33db8ccca68c4844b14c41bbf9680023.png,center_1,ndbe,0,fold_0
center_1/ndbe/e7cd354930614200aefa45ce09087ad4.png,e7cd354930614200aefa45ce09087ad4.png,center_1,ndbe,0,fold_2
center_1/ndbe/ca9959c811c64c5fbec2cda6787d7ced.png,ca9959c811c64c5fbec2cda6787d7ced.png,center_1,ndbe,0,fold_3
center_1/ndbe/dcb5261648474bbe8453a233dbe6223f.png,dcb5261648474bbe8453a233dbe6223f.png,center_1,ndbe,0,fold_2
center_1/ndbe/af3cbf63686f45258d17485d4db0ce94.png,af3cbf63686f45258d17485d4db0ce94.png,center_1,ndbe,0,fold_0
center_1/ndbe/86b63243d8ac429db7046abfcf72f754.png,86b63243d8ac429db7046abfcf72f754.png,center_1,ndbe,0,fold_2
center_1/ndbe/8515995ce8974d9cabf9cbac7347d1b0.png,8515995ce8974d9cabf9cbac7347d1b0.png,center_1,ndbe,0,fold_0
center_1/ndbe/9812eef8af4e45e2bb09705c485f29ac.png,9812eef8af4e45e2bb09705c485f29ac.png,center_1,ndbe,0,fold_3
center_1/ndbe/95a0deef1b0c4583bc8151af9ca02742.png,95a0deef1b0c4583bc8151af9ca02742.png,center_1,ndbe,0,fold_2
center_1/ndbe/521fc9a44a1b4311a7fc66f69aebd55f.png,521fc9a44a1b4311a7fc66f69aebd55f.png,center_1,ndbe,0,fold_3
center_1/ndbe/eb6b309c74d143b8a651943d41b495d9.png,eb6b309c74d143b8a651943d41b495d9.png,center_1,ndbe,0,fold_0
center_1/ndbe/ee9307c3be4949d0a1a2f1434d12a443.png,ee9307c3be4949d0a1a2f1434d12a443.png,center_1,ndbe,0,fold_3
center_1/ndbe/e3772f6b98604d5ba4207abbb88986ad.png,e3772f6b98604d5ba4207abbb88986ad.png,center_1,ndbe,0,fold_1
center_1/ndbe/45d5d9dbdd2a453984fa5f240988763f.png,45d5d9dbdd2a453984fa5f240988763f.png,center_1,ndbe,0,fold_1
center_1/ndbe/d93faa9ed0cc4b829b69100ab53b8e70.png,d93faa9ed0cc4b829b69100ab53b8e70.png,center_1,ndbe,0,fold_4
center_1/ndbe/e23b2eae6a4f45b889f5720d25c55767.png,e23b2eae6a4f45b889f5720d25c55767.png,center_1,ndbe,0,fold_2
center_1/ndbe/7a366c0ab4d949ce9e66f0b792eb9ef0.png,7a366c0ab4d949ce9e66f0b792eb9ef0.png,center_1,ndbe,0,fold_1
center_1/ndbe/d39429baf6ad47ddb743fe8f9f9b5466.png,d39429baf6ad47ddb743fe8f9f9b5466.png,center_1,ndbe,0,fold_0
center_1/ndbe/c0a958d1b7f64290953eb63d0bf37430.png,c0a958d1b7f64290953eb63d0bf37430.png,center_1,ndbe,0,fold_4
center_1/ndbe/2d14cd0a4350447bbf74274f208ebecd.png,2d14cd0a4350447bbf74274f208ebecd.png,center_1,ndbe,0,fold_3
center_1/ndbe/db71a5f512b74b7eae9c1e4d828627e9.png,db71a5f512b74b7eae9c1e4d828627e9.png,center_1,ndbe,0,fold_3
center_1/ndbe/c3262f2b3afc446484b0d6a1734a71ef.png,c3262f2b3afc446484b0d6a1734a71ef.png,center_1,ndbe,0,fold_2
center_1/ndbe/0d4982db8639466c8891f2952efaf036.png,0d4982db8639466c8891f2952efaf036.png,center_1,ndbe,0,fold_4
center_1/ndbe/c48149370c664a3faac3b78c9da13ab5.png,c48149370c664a3faac3b78c9da13ab5.png,center_1,ndbe,0,fold_1
center_1/ndbe/1dc26cc9b2334750b1637d7acacc0246.png,1dc26cc9b2334750b1637d7acacc0246.png,center_1,ndbe,0,fold_0
center_1/ndbe/f6c09dd20db5480aa8da4fa89c947c6f.png,f6c09dd20db5480aa8da4fa89c947c6f.png,center_1,ndbe,0,fold_4
center_1/ndbe/2640d084e9104b39a12dae1b258313dc.png,2640d084e9104b39a12dae1b258313dc.png,center_1,ndbe,0,fold_4
center_1/ndbe/13ca09262498428fa9ba7e4721a1b8c1.png,13ca09262498428fa9ba7e4721a1b8c1.png,center_1,ndbe,0,fold_1
center_1/ndbe/622d5610cb504337aeccb688da37afb1.png,622d5610cb504337aeccb688da37afb1.png,center_1,ndbe,0,fold_4
center_1/ndbe/a797f914ab6249a294f5a9d3e9c6d2cc.png,a797f914ab6249a294f5a9d3e9c6d2cc.png,center_1,ndbe,0,fold_0
center_1/ndbe/56666c4f15e34d91bd863e83a9613c5d.png,56666c4f15e34d91bd863e83a9613c5d.png,center_1,ndbe,0,fold_1
center_1/ndbe/468d58a79ea945e7ad3546f47855c6dc.png,468d58a79ea945e7ad3546f47855c6dc.png,center_1,ndbe,0,fold_3
center_1/ndbe/8ca1a293f72c4b989ba34839bbfebfac.png,8ca1a293f72c4b989ba34839bbfebfac.png,center_1,ndbe,0,fold_3
center_1/ndbe/c0594cdeea724b1fac438fb3b0151593.png,c0594cdeea724b1fac438fb3b0151593.png,center_1,ndbe,0,fold_1
center_1/ndbe/0239a5b829f94786a840e0ad9f9dc4ed.png,0239a5b829f94786a840e0ad9f9dc4ed.png,center_1,ndbe,0,fold_0
center_1/ndbe/10c82961c07446cba03a00612ba1b13e.png,10c82961c07446cba03a00612ba1b13e.png,center_1,ndbe,0,fold_0
center_1/ndbe/499c7d77f9794124b92a355e1919acb3.png,499c7d77f9794124b92a355e1919acb3.png,center_1,ndbe,0,fold_0
center_1/ndbe/287116442ca7441b910b4e59133bb879.png,287116442ca7441b910b4e59133bb879.png,center_1,ndbe,0,fold_4
center_1/ndbe/b12fcabff65a4681954f5def0b2ec912.png,b12fcabff65a4681954f5def0b2ec912.png,center_1,ndbe,0,fold_1
center_1/ndbe/fb148002159a49b19bd4d120b3f71207.png,fb148002159a49b19bd4d120b3f71207.png,center_1,ndbe,0,fold_2
center_1/ndbe/dc4f2464205849cdbc0fb3da8098791d.png,dc4f2464205849cdbc0fb3da8098791d.png,center_1,ndbe,0,fold_4
center_1/ndbe/e8d0154ff21f4eed866f26228e8692d6.png,e8d0154ff21f4eed866f26228e8692d6.png,center_1,ndbe,0,fold_3
center_1/ndbe/f4f181c5ad4b409d830bb325a401b22d.png,f4f181c5ad4b409d830bb325a401b22d.png,center_1,ndbe,0,fold_0
center_1/ndbe/0cc4f7df392c49219c9f53ec47c0a198.png,0cc4f7df392c49219c9f53ec47c0a198.png,center_1,ndbe,0,fold_0
center_1/ndbe/25b1a26289f64ca9a120f1a00581cbd6.png,25b1a26289f64ca9a120f1a00581cbd6.png,center_1,ndbe,0,fold_1
center_1/ndbe/c4a746d481fb4428ab336d9671f81272.png,c4a746d481fb4428ab336d9671f81272.png,center_1,ndbe,0,fold_1
center_1/ndbe/60aee65639584b2c9c7154a59c3f8baa.png,60aee65639584b2c9c7154a59c3f8baa.png,center_1,ndbe,0,fold_2
center_1/ndbe/d720a8b1495a43188963632fb4ce0a65.png,d720a8b1495a43188963632fb4ce0a65.png,center_1,ndbe,0,fold_3
center_1/ndbe/9b349f539bcb47d7afd6f3d6b95f5898.png,9b349f539bcb47d7afd6f3d6b95f5898.png,center_1,ndbe,0,fold_1
center_1/ndbe/d2e2c760700242f3bb46943745eb3d77.png,d2e2c760700242f3bb46943745eb3d77.png,center_1,ndbe,0,fold_3
center_1/ndbe/88ada68b818640959821713fb38783fa.png,88ada68b818640959821713fb38783fa.png,center_1,ndbe,0,fold_0
center_1/ndbe/53b1d976ac3349e7884f2ba5891cdaed.png,53b1d976ac3349e7884f2ba5891cdaed.png,center_1,ndbe,0,fold_4
center_1/ndbe/b891e53ca352475986472da91639ff3a.png,b891e53ca352475986472da91639ff3a.png,center_1,ndbe,0,fold_4
center_1/ndbe/f364144ef5664489a3d002cfa942f02c.png,f364144ef5664489a3d002cfa942f02c.png,center_1,ndbe,0,fold_0
center_1/ndbe/6227498eac2a4063849c2e03bd75ccbc.png,6227498eac2a4063849c2e03bd75ccbc.png,center_1,ndbe,0,fold_0
center_1/ndbe/fb327c60396c410792dcc722a01d06e6.png,fb327c60396c410792dcc722a01d06e6.png,center_1,ndbe,0,fold_4
center_1/ndbe/dbd63c7ab00a4eddb3a2cea71ea6086d.png,dbd63c7ab00a4eddb3a2cea71ea6086d.png,center_1,ndbe,0,fold_4
center_1/ndbe/a19b59994e2d4405a168d61db982e65a.png,a19b59994e2d4405a168d61db982e65a.png,center_1,ndbe,0,fold_2
center_1/ndbe/35cb21bc83a94a4cb51a6d0819c24eee.png,35cb21bc83a94a4cb51a6d0819c24eee.png,center_1,ndbe,0,fold_2
center_1/ndbe/2dbccda678b845d59445376558d7bea1.png,2dbccda678b845d59445376558d7bea1.png,center_1,ndbe,0,fold_2
center_1/ndbe/41a867c7736045fab963dcb9a6d32d2f.png,41a867c7736045fab963dcb9a6d32d2f.png,center_1,ndbe,0,fold_1
center_1/ndbe/9f30c8956bb14ca982be9b47df299dc3.png,9f30c8956bb14ca982be9b47df299dc3.png,center_1,ndbe,0,fold_3
center_1/ndbe/9401610064b243e9b5592a1f13b108d7.png,9401610064b243e9b5592a1f13b108d7.png,center_1,ndbe,0,fold_0
center_1/ndbe/16eeefc3a4274687a5e08d1e06372f0e.png,16eeefc3a4274687a5e08d1e06372f0e.png,center_1,ndbe,0,fold_1
center_1/ndbe/7c58378b5de641e6839b4dd080227d67.png,7c58378b5de641e6839b4dd080227d67.png,center_1,ndbe,0,fold_1
center_1/ndbe/fdb23c11702f4187a2c591d1f66861f9.png,fdb23c11702f4187a2c591d1f66861f9.png,center_1,ndbe,0,fold_1
center_1/ndbe/916f61e16c4c47db8838a3dc851d9bc4.png,916f61e16c4c47db8838a3dc851d9bc4.png,center_1,ndbe,0,fold_1
center_1/ndbe/dc03bc9810184e05b533b85f4ca16875.png,dc03bc9810184e05b533b85f4ca16875.png,center_1,ndbe,0,fold_3
center_1/ndbe/0d065c06b53a466baeaa0fb7a4f28407.png,0d065c06b53a466baeaa0fb7a4f28407.png,center_1,ndbe,0,fold_4
center_1/ndbe/f896c1e5a7fe45b098ef8f1429180848.png,f896c1e5a7fe45b098ef8f1429180848.png,center_1,ndbe,0,fold_0
center_1/ndbe/776d6d751395412f9e16edbd43359466.png,776d6d751395412f9e16edbd43359466.png,center_1,ndbe,0,fold_1
center_1/ndbe/bd5082f0d48142c38a5ea887824ef62c.png,bd5082f0d48142c38a5ea887824ef62c.png,center_1,ndbe,0,fold_0
center_1/ndbe/1ccb07732273422e85c3de3ab5b2f81b.png,1ccb07732273422e85c3de3ab5b2f81b.png,center_1,ndbe,0,fold_1
center_1/ndbe/b893d46f378d49939b7bac5360122b1e.png,b893d46f378d49939b7bac5360122b1e.png,center_1,ndbe,0,fold_0
center_1/ndbe/0bd30ea753ec4d6db7b4f076e7bd0282.png,0bd30ea753ec4d6db7b4f076e7bd0282.png,center_1,ndbe,0,fold_1
center_1/ndbe/572bf48f639b4a2aaa8e14553151d03a.png,572bf48f639b4a2aaa8e14553151d03a.png,center_1,ndbe,0,fold_3
center_1/ndbe/a7a20904e2e4459d965ff6ef42150ac6.png,a7a20904e2e4459d965ff6ef42150ac6.png,center_1,ndbe,0,fold_4
center_1/ndbe/b31a9e88a4384abd9741e07aad7feee3.png,b31a9e88a4384abd9741e07aad7feee3.png,center_1,ndbe,0,fold_3
center_1/ndbe/d8508e57dadd4390a1f55227840e99e7.png,d8508e57dadd4390a1f55227840e99e7.png,center_1,ndbe,0,fold_0
center_1/ndbe/2dce53d985644d0eb65602912f04d49a.png,2dce53d985644d0eb65602912f04d49a.png,center_1,ndbe,0,fold_0
center_1/ndbe/02a9ca7d9943457db5f751dc3e707804.png,02a9ca7d9943457db5f751dc3e707804.png,center_1,ndbe,0,fold_2
center_1/ndbe/dfc88e5e7062423db75459fa8c805062.png,dfc88e5e7062423db75459fa8c805062.png,center_1,ndbe,0,fold_2
center_1/ndbe/86888d6e56e54e4bbd3f2370fc93cc2f.png,86888d6e56e54e4bbd3f2370fc93cc2f.png,center_1,ndbe,0,fold_3
center_1/ndbe/f5766e3ad8a94cd595ae09d8b2ef22fd.png,f5766e3ad8a94cd595ae09d8b2ef22fd.png,center_1,ndbe,0,fold_0
center_1/ndbe/740ef06ed5b14065a2eef0a733cae4b7.png,740ef06ed5b14065a2eef0a733cae4b7.png,center_1,ndbe,0,fold_0
center_1/ndbe/9362e8d9388b44be908f728c779f434b.png,9362e8d9388b44be908f728c779f434b.png,center_1,ndbe,0,fold_1
center_1/ndbe/e899c7571787485797aa830b56be26e2.png,e899c7571787485797aa830b56be26e2.png,center_1,ndbe,0,fold_2
center_1/ndbe/f994ec3e9b0444d6a22e006ab628d679.png,f994ec3e9b0444d6a22e006ab628d679.png,center_1,ndbe,0,fold_0
center_1/ndbe/93d9053322834350bf6a9836fbd6ac5f.png,93d9053322834350bf6a9836fbd6ac5f.png,center_1,ndbe,0,fold_4
center_1/ndbe/7e489de5638a41e1bfde0181e4020d55.png,7e489de5638a41e1bfde0181e4020d55.png,center_1,ndbe,0,fold_0
center_1/ndbe/17aaedf06c9641809d8c3a38f46ab060.png,17aaedf06c9641809d8c3a38f46ab060.png,center_1,ndbe,0,fold_0
center_1/ndbe/a2dc4b2700194d93963a80e24c2b8ec4.png,a2dc4b2700194d93963a80e24c2b8ec4.png,center_1,ndbe,0,fold_1
center_1/ndbe/6680150023e54d9fb9dd2f266e34eaf2.png,6680150023e54d9fb9dd2f266e34eaf2.png,center_1,ndbe,0,fold_3
center_1/ndbe/89e31fd8d55b4736b406b10c14f6e141.png,89e31fd8d55b4736b406b10c14f6e141.png,center_1,ndbe,0,fold_4
center_1/ndbe/0a9fc4755a154eb9accb4c3012337b6b.png,0a9fc4755a154eb9accb4c3012337b6b.png,center_1,ndbe,0,fold_3
center_1/ndbe/242e98ba53964c2aaed0c942bd72171f.png,242e98ba53964c2aaed0c942bd72171f.png,center_1,ndbe,0,fold_3
center_1/ndbe/8d3e78248aa04ddfaac33511b052ba68.png,8d3e78248aa04ddfaac33511b052ba68.png,center_1,ndbe,0,fold_0
center_1/ndbe/5c4e5f1143a5456a83c2d071ddd71464.png,5c4e5f1143a5456a83c2d071ddd71464.png,center_1,ndbe,0,fold_3
center_1/ndbe/7b1d4e9178964b79879390dc1b81a547.png,7b1d4e9178964b79879390dc1b81a547.png,center_1,ndbe,0,fold_1
center_1/ndbe/94e9b21aeb184396b0e59753338e8c49.png,94e9b21aeb184396b0e59753338e8c49.png,center_1,ndbe,0,fold_0
center_1/ndbe/60cfc03cc3994e2781b6da0f0c90fcbd.png,60cfc03cc3994e2781b6da0f0c90fcbd.png,center_1,ndbe,0,fold_2
center_1/ndbe/b9ddce99f32f42549a5f5641fd57bdc8.png,b9ddce99f32f42549a5f5641fd57bdc8.png,center_1,ndbe,0,fold_2
center_1/ndbe/8060a9f006ab41a5b79e9d777e790db1.png,8060a9f006ab41a5b79e9d777e790db1.png,center_1,ndbe,0,fold_2
center_1/ndbe/6cefe4bf03574d08b92f6774b36e2859.png,6cefe4bf03574d08b92f6774b36e2859.png,center_1,ndbe,0,fold_4
center_1/ndbe/bf91463b3e324380b524202763a2cc1e.png,bf91463b3e324380b524202763a2cc1e.png,center_1,ndbe,0,fold_0
center_1/ndbe/a3b07d9ead28463990ea5cf29afe5a9a.png,a3b07d9ead28463990ea5cf29afe5a9a.png,center_1,ndbe,0,fold_4
center_1/ndbe/4330ebcdab994daaa33292fc7684138d.png,4330ebcdab994daaa33292fc7684138d.png,center_1,ndbe,0,fold_3
center_1/ndbe/22275dbd1c1e418c945a70b9670d3557.png,22275dbd1c1e418c945a70b9670d3557.png,center_1,ndbe,0,fold_0
center_1/ndbe/f8cdd934aa5f4d48b4ee599aa5cd5d9a.png,f8cdd934aa5f4d48b4ee599aa5cd5d9a.png,center_1,ndbe,0,fold_4
center_1/ndbe/d4ed9a6fb1474579bf9309b484d5f6af.png,d4ed9a6fb1474579bf9309b484d5f6af.png,center_1,ndbe,0,fold_0
center_1/ndbe/b63b075a42d0485d92caab4bc28e09a0.png,b63b075a42d0485d92caab4bc28e09a0.png,center_1,ndbe,0,fold_4
center_1/ndbe/5330dc260e7c45c687c6ddd5ca586c4b.png,5330dc260e7c45c687c6ddd5ca586c4b.png,center_1,ndbe,0,fold_4
center_1/ndbe/37a06539e645437e88eb17ce78504a0f.png,37a06539e645437e88eb17ce78504a0f.png,center_1,ndbe,0,fold_1
center_1/ndbe/0414c518db0145f0baca01060d54cd2d.png,0414c518db0145f0baca01060d54cd2d.png,center_1,ndbe,0,fold_2
center_1/ndbe/320089414e434cfebeed2d72131ce483.png,320089414e434cfebeed2d72131ce483.png,center_1,ndbe,0,fold_3
center_1/ndbe/53748ca637304fc39fad8be9f2b1fe42.png,53748ca637304fc39fad8be9f2b1fe42.png,center_1,ndbe,0,fold_2
center_1/ndbe/25cff16b88b04068b57b6375084ecbe0.png,25cff16b88b04068b57b6375084ecbe0.png,center_1,ndbe,0,fold_3
center_1/ndbe/a425e43db45b4612a1bfe7819e053497.png,a425e43db45b4612a1bfe7819e053497.png,center_1,ndbe,0,fold_0
center_1/ndbe/b6ee0d8572c44979a949cdab61791ec8.png,b6ee0d8572c44979a949cdab61791ec8.png,center_1,ndbe,0,fold_1
center_1/ndbe/b60a42a2a250404b94c59936b1a928f8.png,b60a42a2a250404b94c59936b1a928f8.png,center_1,ndbe,0,fold_2
center_1/ndbe/0f26ec7b5daa44b5bdc8227708772ac4.png,0f26ec7b5daa44b5bdc8227708772ac4.png,center_1,ndbe,0,fold_2
center_1/ndbe/e0c180ab4b154a4daae116ff7d6e031d.png,e0c180ab4b154a4daae116ff7d6e031d.png,center_1,ndbe,0,fold_1
center_1/ndbe/490f536e3c0e4286b28377e11ff7d30f.png,490f536e3c0e4286b28377e11ff7d30f.png,center_1,ndbe,0,fold_1
center_1/ndbe/b8ee63cf80bb4d3a8446620075765cb9.png,b8ee63cf80bb4d3a8446620075765cb9.png,center_1,ndbe,0,fold_0
center_1/ndbe/c05d446ac4c74cadae9bcd61880c9824.png,c05d446ac4c74cadae9bcd61880c9824.png,center_1,ndbe,0,fold_2
center_1/ndbe/d008d2457941461790fa3ce0801095b3.png,d008d2457941461790fa3ce0801095b3.png,center_1,ndbe,0,fold_0
center_1/ndbe/1b9d82109b0a49ca919222100c44449c.png,1b9d82109b0a49ca919222100c44449c.png,center_1,ndbe,0,fold_2
center_1/ndbe/16e35a2b11c14a54a2f82d6b01ad86ac.png,16e35a2b11c14a54a2f82d6b01ad86ac.png,center_1,ndbe,0,fold_3
center_1/ndbe/08493be9808442e4930d890d78522998.png,08493be9808442e4930d890d78522998.png,center_1,ndbe,0,fold_4
center_1/ndbe/ec832bb09e2f4b24b3327252cb4309c4.png,ec832bb09e2f4b24b3327252cb4309c4.png,center_1,ndbe,0,fold_2
center_1/ndbe/e584d897d4fd4dfa8f4906909e1df765.png,e584d897d4fd4dfa8f4906909e1df765.png,center_1,ndbe,0,fold_3
center_1/ndbe/c7d3e17ce63e42e78299037a98a77572.png,c7d3e17ce63e42e78299037a98a77572.png,center_1,ndbe,0,fold_2
center_1/ndbe/491bb01cda024836abbabd4d98cf2c7d.png,491bb01cda024836abbabd4d98cf2c7d.png,center_1,ndbe,0,fold_4
center_1/ndbe/74e5d61866e44949802d9540048d9556.png,74e5d61866e44949802d9540048d9556.png,center_1,ndbe,0,fold_3
center_1/ndbe/ec0886297f61421eb282ac47d6b22559.png,ec0886297f61421eb282ac47d6b22559.png,center_1,ndbe,0,fold_2
center_1/ndbe/758afbbd1b044588b87af4bca9e9ea54.png,758afbbd1b044588b87af4bca9e9ea54.png,center_1,ndbe,0,fold_1
center_1/ndbe/7458f46ff64a4bdda1cd1ffd1a510301.png,7458f46ff64a4bdda1cd1ffd1a510301.png,center_1,ndbe,0,fold_4
center_1/ndbe/d2355ade1c4f4fbbbc78885e44c20c81.png,d2355ade1c4f4fbbbc78885e44c20c81.png,center_1,ndbe,0,fold_1
center_1/ndbe/b94a8227700548369083e453c1fb66a7.png,b94a8227700548369083e453c1fb66a7.png,center_1,ndbe,0,fold_4
center_1/ndbe/223c32b0af8441ebb3903490997abd8e.png,223c32b0af8441ebb3903490997abd8e.png,center_1,ndbe,0,fold_1
center_1/ndbe/e83fec81167d41908929bb201c7a4e91.png,e83fec81167d41908929bb201c7a4e91.png,center_1,ndbe,0,fold_2
center_1/ndbe/51dbb2174f2b44f4bf63cecba8b198bf.png,51dbb2174f2b44f4bf63cecba8b198bf.png,center_1,ndbe,0,fold_1
center_1/ndbe/b6b3eec9908c4ac0b9a37edb51d0c17e.png,b6b3eec9908c4ac0b9a37edb51d0c17e.png,center_1,ndbe,0,fold_2
center_1/ndbe/6de6c5d37ec04898bc68bfc40da3208f.png,6de6c5d37ec04898bc68bfc40da3208f.png,center_1,ndbe,0,fold_4
center_1/ndbe/94200c47c8e84ea6823186af82f4ddaa.png,94200c47c8e84ea6823186af82f4ddaa.png,center_1,ndbe,0,fold_4
center_1/ndbe/2592e62f063e463a9aef83d131bcff44.png,2592e62f063e463a9aef83d131bcff44.png,center_1,ndbe,0,fold_4
center_1/ndbe/8a8ce0abfb324e09a18c80886dca0d68.png,8a8ce0abfb324e09a18c80886dca0d68.png,center_1,ndbe,0,fold_0
center_1/ndbe/b038a4427f8d4466864a18c19850d087.png,b038a4427f8d4466864a18c19850d087.png,center_1,ndbe,0,fold_1
center_1/ndbe/dbad38b3d6924c14bc9d81cf47efab13.png,dbad38b3d6924c14bc9d81cf47efab13.png,center_1,ndbe,0,fold_4
center_1/ndbe/04e2b8a2fdad40ecbb90b55196d941dc.png,04e2b8a2fdad40ecbb90b55196d941dc.png,center_1,ndbe,0,fold_3
center_1/ndbe/9b83c7a177eb42bd895d6bf3c1230cc5.png,9b83c7a177eb42bd895d6bf3c1230cc5.png,center_1,ndbe,0,fold_3
center_1/ndbe/3015e86224e4448b9834f05cdfcafd60.png,3015e86224e4448b9834f05cdfcafd60.png,center_1,ndbe,0,fold_0
center_1/ndbe/bccaf30ed3984f258fbac3ca83baace8.png,bccaf30ed3984f258fbac3ca83baace8.png,center_1,ndbe,0,fold_4
center_1/ndbe/0ef7ffa653d14d29b331a7198606dd7f.png,0ef7ffa653d14d29b331a7198606dd7f.png,center_1,ndbe,0,fold_2
center_1/ndbe/9b4b63ebbd0748b79fdb04c7faef5880.png,9b4b63ebbd0748b79fdb04c7faef5880.png,center_1,ndbe,0,fold_1
center_1/ndbe/6ba5e96594ce431eb7f48006afee915f.png,6ba5e96594ce431eb7f48006afee915f.png,center_1,ndbe,0,fold_3
center_1/ndbe/5dccae574e2b4639be058eaf66e2420d.png,5dccae574e2b4639be058eaf66e2420d.png,center_1,ndbe,0,fold_3
center_1/ndbe/156efa48a2824fa0ab55443e45e9c5eb.png,156efa48a2824fa0ab55443e45e9c5eb.png,center_1,ndbe,0,fold_0
center_1/ndbe/ab13e4758303441ea42e23eb53fc7757.png,ab13e4758303441ea42e23eb53fc7757.png,center_1,ndbe,0,fold_1
center_1/ndbe/23ee275fb63c4376a535facce2ee1935.png,23ee275fb63c4376a535facce2ee1935.png,center_1,ndbe,0,fold_3
center_1/ndbe/412c855185a6408c84ef4defeb08199f.png,412c855185a6408c84ef4defeb08199f.png,center_1,ndbe,0,fold_0
center_1/ndbe/be210e8ea78d4ed68ae038ef4198fd2b.png,be210e8ea78d4ed68ae038ef4198fd2b.png,center_1,ndbe,0,fold_2
center_1/ndbe/d1e5fb20fc024d71a785cdbafdd4a2cd.png,d1e5fb20fc024d71a785cdbafdd4a2cd.png,center_1,ndbe,0,fold_3
center_1/ndbe/c47def618e5049c8a96f03a8715539ae.png,c47def618e5049c8a96f03a8715539ae.png,center_1,ndbe,0,fold_0
center_1/ndbe/b690cf120ada42baa6d021d7fa595fdc.png,b690cf120ada42baa6d021d7fa595fdc.png,center_1,ndbe,0,fold_1
center_1/ndbe/a6c6a47ff6d5466fb1a6c439bd59efa5.png,a6c6a47ff6d5466fb1a6c439bd59efa5.png,center_1,ndbe,0,fold_0
center_1/ndbe/982e1f90aa074c96909dea4c7818aebb.png,982e1f90aa074c96909dea4c7818aebb.png,center_1,ndbe,0,fold_1
center_1/ndbe/042ca59102c54bb3bcdcd605d04745a4.png,042ca59102c54bb3bcdcd605d04745a4.png,center_1,ndbe,0,fold_0
center_1/ndbe/39ba6629f798468e94e3299e89b1dda5.png,39ba6629f798468e94e3299e89b1dda5.png,center_1,ndbe,0,fold_0
center_1/ndbe/beb93b073c0c45199f1ce13efb0b44ea.png,beb93b073c0c45199f1ce13efb0b44ea.png,center_1,ndbe,0,fold_1
center_1/ndbe/ddb2ff8e7314453bbd388c59035b0e21.png,ddb2ff8e7314453bbd388c59035b0e21.png,center_1,ndbe,0,fold_2
center_1/ndbe/d2d0fe747e194f4c892604a3b65030c4.png,d2d0fe747e194f4c892604a3b65030c4.png,center_1,ndbe,0,fold_1
center_1/ndbe/fab67a32114a494c9a0b0ebed1e15ee8.png,fab67a32114a494c9a0b0ebed1e15ee8.png,center_1,ndbe,0,fold_2
center_1/ndbe/40f5a3cb74fc46faac3cf004a0ab6c2f.png,40f5a3cb74fc46faac3cf004a0ab6c2f.png,center_1,ndbe,0,fold_1
center_1/ndbe/c79ddb8f1dfa450d82e7ff435d751d83.png,c79ddb8f1dfa450d82e7ff435d751d83.png,center_1,ndbe,0,fold_1
center_1/ndbe/31d3d50068d141bcb59780f94aca9919.png,31d3d50068d141bcb59780f94aca9919.png,center_1,ndbe,0,fold_2
center_1/ndbe/deb15f2c31d14608b19f339df220053e.png,deb15f2c31d14608b19f339df220053e.png,center_1,ndbe,0,fold_1
center_1/ndbe/0b4ae827f32c484287d0161d72c41f14.png,0b4ae827f32c484287d0161d72c41f14.png,center_1,ndbe,0,fold_0
center_1/ndbe/a8a199cd15f949978bb8251dc102f104.png,a8a199cd15f949978bb8251dc102f104.png,center_1,ndbe,0,fold_4
center_1/ndbe/0859200754e746699cb824e63c310df1.png,0859200754e746699cb824e63c310df1.png,center_1,ndbe,0,fold_3
center_1/ndbe/100a53ccf3494bbdae272b2cd506a852.png,100a53ccf3494bbdae272b2cd506a852.png,center_1,ndbe,0,fold_0
center_1/ndbe/488bc21001f64742a0db9f9f15734376.png,488bc21001f64742a0db9f9f15734376.png,center_1,ndbe,0,fold_0
center_1/ndbe/77e2b4891ae4461fad95827628561d94.png,77e2b4891ae4461fad95827628561d94.png,center_1,ndbe,0,fold_0
center_1/ndbe/66519ac7c30f4f6499cc1cc160a9ad9c.png,66519ac7c30f4f6499cc1cc160a9ad9c.png,center_1,ndbe,0,fold_3
center_1/ndbe/3ce94d1b41544f3b81eb9c36645d1a85.png,3ce94d1b41544f3b81eb9c36645d1a85.png,center_1,ndbe,0,fold_3
center_1/ndbe/3f5223b4d79c4fa0ac1115d8d4962825.png,3f5223b4d79c4fa0ac1115d8d4962825.png,center_1,ndbe,0,fold_1
center_1/ndbe/1c8b03a8d7984668bcda3f620c6eee31.png,1c8b03a8d7984668bcda3f620c6eee31.png,center_1,ndbe,0,fold_2
center_1/ndbe/437c8f08945a42eb9657bf30c6566069.png,437c8f08945a42eb9657bf30c6566069.png,center_1,ndbe,0,fold_1
center_1/ndbe/02b8b53e309e4df0b3c6911267a2e384.png,02b8b53e309e4df0b3c6911267a2e384.png,center_1,ndbe,0,fold_1
center_1/ndbe/2ac6117d804c47aaa5f706ace49b4207.png,2ac6117d804c47aaa5f706ace49b4207.png,center_1,ndbe,0,fold_2
center_1/ndbe/9e06be871a574acbafe8ca6349e7390e.png,9e06be871a574acbafe8ca6349e7390e.png,center_1,ndbe,0,fold_1
center_1/ndbe/acaa0c0bf8e54ae48242d4b014d4a428.png,acaa0c0bf8e54ae48242d4b014d4a428.png,center_1,ndbe,0,fold_4
center_1/ndbe/e934c29c81d045b2876fcc55e9d458aa.png,e934c29c81d045b2876fcc55e9d458aa.png,center_1,ndbe,0,fold_2
center_1/ndbe/7b5f32af07c441979866ba39a9070aae.png,7b5f32af07c441979866ba39a9070aae.png,center_1,ndbe,0,fold_0
center_1/ndbe/f7e9331389a1406daa575e98bf1408f6.png,f7e9331389a1406daa575e98bf1408f6.png,center_1,ndbe,0,fold_3
center_1/ndbe/f8dec6f0db2544f487c49f97e7bedf58.png,f8dec6f0db2544f487c49f97e7bedf58.png,center_1,ndbe,0,fold_2
center_1/ndbe/0ad7fae6104b43beac6f03d9c1d9013b.png,0ad7fae6104b43beac6f03d9c1d9013b.png,center_1,ndbe,0,fold_1
center_1/ndbe/0bcbca3f58154a05870bb8e4abaa1a45.png,0bcbca3f58154a05870bb8e4abaa1a45.png,center_1,ndbe,0,fold_0
center_1/ndbe/48ead105875242b8b1eb8327d7b50688.png,48ead105875242b8b1eb8327d7b50688.png,center_1,ndbe,0,fold_0
center_1/ndbe/6cfb6444993940e5a7f043a78028bc9f.png,6cfb6444993940e5a7f043a78028bc9f.png,center_1,ndbe,0,fold_0
center_1/ndbe/bfe660dfd8d04f87be6e283b3d7a7506.png,bfe660dfd8d04f87be6e283b3d7a7506.png,center_1,ndbe,0,fold_3
center_1/ndbe/5a6bc694b45e4561bf97f24c3d334bdc.png,5a6bc694b45e4561bf97f24c3d334bdc.png,center_1,ndbe,0,fold_4
center_1/ndbe/e9a8c20d2f934aa49f9b4d526b941e1b.png,e9a8c20d2f934aa49f9b4d526b941e1b.png,center_1,ndbe,0,fold_3
center_1/ndbe/a441d15fbc5846299e011b6338b3040f.png,a441d15fbc5846299e011b6338b3040f.png,center_1,ndbe,0,fold_4
center_1/ndbe/9183563e2650477c904f676a776735cc.png,9183563e2650477c904f676a776735cc.png,center_1,ndbe,0,fold_3
center_1/ndbe/b3a52be32de343fc91b9a0f7a746faff.png,b3a52be32de343fc91b9a0f7a746faff.png,center_1,ndbe,0,fold_0
center_1/ndbe/30d4cd99686a453caa5bf5321f3d8471.png,30d4cd99686a453caa5bf5321f3d8471.png,center_1,ndbe,0,fold_2
center_1/ndbe/6fa4f420340d4d3980c2f9045d0bf0b5.png,6fa4f420340d4d3980c2f9045d0bf0b5.png,center_1,ndbe,0,fold_4
center_1/ndbe/2ebebdc713304afe83b0e91a079f175f.png,2ebebdc713304afe83b0e91a079f175f.png,center_1,ndbe,0,fold_4
center_1/ndbe/a0a3f22046b4498ab25ba0543d8ccea4.png,a0a3f22046b4498ab25ba0543d8ccea4.png,center_1,ndbe,0,fold_1
center_1/ndbe/aff6e94bcf284dcaa8e67458a4ac0c1a.png,aff6e94bcf284dcaa8e67458a4ac0c1a.png,center_1,ndbe,0,fold_3
center_1/ndbe/40e4aadd46ed455fb8ceb60ca44b4d61.png,40e4aadd46ed455fb8ceb60ca44b4d61.png,center_1,ndbe,0,fold_2
center_1/ndbe/bfbae9149ea5468989f199746c5a6557.png,bfbae9149ea5468989f199746c5a6557.png,center_1,ndbe,0,fold_1
center_1/ndbe/ba09e6762eea4558b957c222e521e04b.png,ba09e6762eea4558b957c222e521e04b.png,center_1,ndbe,0,fold_1
center_1/ndbe/c64c65929f464ffe9322187a8c163039.png,c64c65929f464ffe9322187a8c163039.png,center_1,ndbe,0,fold_0
center_1/ndbe/71668f62968940b8bc18a3af15a7cf89.png,71668f62968940b8bc18a3af15a7cf89.png,center_1,ndbe,0,fold_0
center_1/ndbe/4930de75c7794de8b4726fef2ec5c2a8.png,4930de75c7794de8b4726fef2ec5c2a8.png,center_1,ndbe,0,fold_3
center_1/ndbe/d2f1be8df34144c2b66770c26446afbe.png,d2f1be8df34144c2b66770c26446afbe.png,center_1,ndbe,0,fold_4
center_1/ndbe/144f0adbcf6a4c0db9e6196231564866.png,144f0adbcf6a4c0db9e6196231564866.png,center_1,ndbe,0,fold_2
center_1/ndbe/ae3b1d15eca94a769252cd563ef011a4.png,ae3b1d15eca94a769252cd563ef011a4.png,center_1,ndbe,0,fold_4
center_1/ndbe/8da0a38587b84628b1c4e45a721b8269.png,8da0a38587b84628b1c4e45a721b8269.png,center_1,ndbe,0,fold_3
center_1/ndbe/3ccd40930fc143238c4ac2c298c5c2a8.png,3ccd40930fc143238c4ac2c298c5c2a8.png,center_1,ndbe,0,fold_0
center_1/ndbe/3c984fe46cdc4d45b75759a4580fce28.png,3c984fe46cdc4d45b75759a4580fce28.png,center_1,ndbe,0,fold_4
center_1/ndbe/92b68e1ad09a44b28a1fe49bee3bdbbc.png,92b68e1ad09a44b28a1fe49bee3bdbbc.png,center_1,ndbe,0,fold_0
center_1/ndbe/b0feb2abaab44975bd29fdce710f30e3.png,b0feb2abaab44975bd29fdce710f30e3.png,center_1,ndbe,0,fold_3
center_1/ndbe/da63974ebcb54c06b4884e925764bea4.png,da63974ebcb54c06b4884e925764bea4.png,center_1,ndbe,0,fold_0
center_1/ndbe/662e014311ef4cefbe48a6d6f1ec4353.png,662e014311ef4cefbe48a6d6f1ec4353.png,center_1,ndbe,0,fold_0
center_1/ndbe/7df0dfdf2c6a47ec904be0303ae78731.png,7df0dfdf2c6a47ec904be0303ae78731.png,center_1,ndbe,0,fold_4
center_1/ndbe/b4592583d28b477d8336d299d0771266.png,b4592583d28b477d8336d299d0771266.png,center_1,ndbe,0,fold_0
center_1/ndbe/831cae7e8e4e43838d4a9a4c2a5950ba.png,831cae7e8e4e43838d4a9a4c2a5950ba.png,center_1,ndbe,0,fold_3
center_1/ndbe/6ae35f245d5a4a5c8c2c2daf3384f921.png,6ae35f245d5a4a5c8c2c2daf3384f921.png,center_1,ndbe,0,fold_2
center_1/ndbe/7e13b4c94bf34ad382bf70c1361ff1b7.png,7e13b4c94bf34ad382bf70c1361ff1b7.png,center_1,ndbe,0,fold_3
center_1/ndbe/41ec6140110048798cfebb5c543adcb4.png,41ec6140110048798cfebb5c543adcb4.png,center_1,ndbe,0,fold_4
center_1/ndbe/c3f9cf21134a4083861d49cecf5db1dd.png,c3f9cf21134a4083861d49cecf5db1dd.png,center_1,ndbe,0,fold_2
center_1/ndbe/31d43f664431450eb3de69e87828307b.png,31d43f664431450eb3de69e87828307b.png,center_1,ndbe,0,fold_1
center_1/ndbe/219a116529674c7fa16e6d9359266ec6.png,219a116529674c7fa16e6d9359266ec6.png,center_1,ndbe,0,fold_3
center_1/ndbe/f2ae4ecb0fdd4e8c9bbe2038ad58e496.png,f2ae4ecb0fdd4e8c9bbe2038ad58e496.png,center_1,ndbe,0,fold_3
center_1/ndbe/d8844b70a8a148d0bc83f2ab3678e740.png,d8844b70a8a148d0bc83f2ab3678e740.png,center_1,ndbe,0,fold_0
center_1/ndbe/884cfa642347407686c386b5c40eefc5.png,884cfa642347407686c386b5c40eefc5.png,center_1,ndbe,0,fold_1
center_1/ndbe/c7bcf9c74f01480c97d12b6099344c37.png,c7bcf9c74f01480c97d12b6099344c37.png,center_1,ndbe,0,fold_2
center_1/ndbe/2f23330643f74dfd9ef3944e89cf9d9d.png,2f23330643f74dfd9ef3944e89cf9d9d.png,center_1,ndbe,0,fold_4
center_1/ndbe/3bb1825d2bbd451cbb35644fb589603e.png,3bb1825d2bbd451cbb35644fb589603e.png,center_1,ndbe,0,fold_3
center_1/ndbe/21473fc0443b4b43b22fda31214ef96f.png,21473fc0443b4b43b22fda31214ef96f.png,center_1,ndbe,0,fold_1
center_1/ndbe/aef32644a7a14ec2ac8d6e14b619b705.png,aef32644a7a14ec2ac8d6e14b619b705.png,center_1,ndbe,0,fold_4
center_1/ndbe/3dba2ff158ec43a7b8ff0f9d3290937c.png,3dba2ff158ec43a7b8ff0f9d3290937c.png,center_1,ndbe,0,fold_0
center_1/ndbe/aa7b508ef9fb493b9581ce4bc3909460.png,aa7b508ef9fb493b9581ce4bc3909460.png,center_1,ndbe,0,fold_2
center_1/ndbe/2d0862e5f2424d4b82e9dcaa01ad53a6.png,2d0862e5f2424d4b82e9dcaa01ad53a6.png,center_1,ndbe,0,fold_4
center_1/ndbe/6b8648f6a8d1416aa267543068a4f27b.png,6b8648f6a8d1416aa267543068a4f27b.png,center_1,ndbe,0,fold_2
center_1/ndbe/6e943336f33b4db9b7a2743401c3edb1.png,6e943336f33b4db9b7a2743401c3edb1.png,center_1,ndbe,0,fold_3
center_1/ndbe/8a5f170fb3164fa0afb39ee273979b8c.png,8a5f170fb3164fa0afb39ee273979b8c.png,center_1,ndbe,0,fold_4
center_1/ndbe/65e7452153804f68a8d283ad5ab29f12.png,65e7452153804f68a8d283ad5ab29f12.png,center_1,ndbe,0,fold_1
center_1/ndbe/d4d64a99cf65481694d0bd75dc7ce78f.png,d4d64a99cf65481694d0bd75dc7ce78f.png,center_1,ndbe,0,fold_1
center_1/ndbe/e686e57ed14149208ecd48c5df07225f.png,e686e57ed14149208ecd48c5df07225f.png,center_1,ndbe,0,fold_4
center_1/ndbe/32fae16aaf3746ed96d736accabce8c0.png,32fae16aaf3746ed96d736accabce8c0.png,center_1,ndbe,0,fold_0
center_1/ndbe/d3b44fef75704ad9a1a8582da6913f30.png,d3b44fef75704ad9a1a8582da6913f30.png,center_1,ndbe,0,fold_0
center_1/ndbe/668aa2e2539142ddb630b78852ddd749.png,668aa2e2539142ddb630b78852ddd749.png,center_1,ndbe,0,fold_0
center_1/ndbe/16319f18370042599d313003297048cb.png,16319f18370042599d313003297048cb.png,center_1,ndbe,0,fold_0
center_1/ndbe/1939665f022b4c7796602fd911118bb8.png,1939665f022b4c7796602fd911118bb8.png,center_1,ndbe,0,fold_0
center_1/ndbe/213a881371e1477da84c2478b287b505.png,213a881371e1477da84c2478b287b505.png,center_1,ndbe,0,fold_4
center_1/ndbe/967c1e071b654b10baeb60bea99c5b4b.png,967c1e071b654b10baeb60bea99c5b4b.png,center_1,ndbe,0,fold_2
center_1/ndbe/e5d875c6e5c040118fdad793c84be2f1.png,e5d875c6e5c040118fdad793c84be2f1.png,center_1,ndbe,0,fold_1
center_1/ndbe/93bc8e3277f247428b6f619b74143dd2.png,93bc8e3277f247428b6f619b74143dd2.png,center_1,ndbe,0,fold_0
center_1/ndbe/26315861e0504f62a64aa55a168460f8.png,26315861e0504f62a64aa55a168460f8.png,center_1,ndbe,0,fold_0
center_1/ndbe/d804881dc718437b92bf0d66fa03a50f.png,d804881dc718437b92bf0d66fa03a50f.png,center_1,ndbe,0,fold_3
center_1/ndbe/f9f9e182d6c44b10abaafffc5c8a0c02.png,f9f9e182d6c44b10abaafffc5c8a0c02.png,center_1,ndbe,0,fold_0
center_1/ndbe/b82a3c67ec014a959e1118c487471f8c.png,b82a3c67ec014a959e1118c487471f8c.png,center_1,ndbe,0,fold_2
center_1/ndbe/736306ce1bf04dcabfb8569330655dc2.png,736306ce1bf04dcabfb8569330655dc2.png,center_1,ndbe,0,fold_3
center_1/ndbe/096dc1dce9b64fe5800f96eda5a4cff2.png,096dc1dce9b64fe5800f96eda5a4cff2.png,center_1,ndbe,0,fold_2
center_1/ndbe/92ee1acf8a244968a9f226812c5f19b3.png,92ee1acf8a244968a9f226812c5f19b3.png,center_1,ndbe,0,fold_3
center_1/ndbe/0bbdcb4f25d1436096c4ac815263b473.png,0bbdcb4f25d1436096c4ac815263b473.png,center_1,ndbe,0,fold_2
center_1/ndbe/e5584fbcfbd64fd4a6814ddd84216678.png,e5584fbcfbd64fd4a6814ddd84216678.png,center_1,ndbe,0,fold_2
center_1/ndbe/f1fe0f8204d84a979eb91c51e8f15075.png,f1fe0f8204d84a979eb91c51e8f15075.png,center_1,ndbe,0,fold_0
center_1/ndbe/16ee315230a5483d8c45540126709cb4.png,16ee315230a5483d8c45540126709cb4.png,center_1,ndbe,0,fold_4
center_1/ndbe/b6602b1f34074518a503562858c740b6.png,b6602b1f34074518a503562858c740b6.png,center_1,ndbe,0,fold_0
center_1/ndbe/b1ed79fc662c462d9923b59e7328b864.png,b1ed79fc662c462d9923b59e7328b864.png,center_1,ndbe,0,fold_2
center_1/ndbe/297ac556053f4997ac54dccb4eff8203.png,297ac556053f4997ac54dccb4eff8203.png,center_1,ndbe,0,fold_2
center_1/ndbe/b3a4c0ee652744458e0031a026de411b.png,b3a4c0ee652744458e0031a026de411b.png,center_1,ndbe,0,fold_0
center_1/ndbe/a3a4dc185af04695a478aa520fd49ca6.png,a3a4dc185af04695a478aa520fd49ca6.png,center_1,ndbe,0,fold_0
center_1/ndbe/0034c8646d604db2a59c7b6814a80fce.png,0034c8646d604db2a59c7b6814a80fce.png,center_1,ndbe,0,fold_4
center_1/ndbe/f6d1b21a977c486a98e93aedbf907faa.png,f6d1b21a977c486a98e93aedbf907faa.png,center_1,ndbe,0,fold_3
center_1/ndbe/4cb5b750a15c4e388af5a01da69c0b64.png,4cb5b750a15c4e388af5a01da69c0b64.png,center_1,ndbe,0,fold_3
center_1/ndbe/81c425977fe84363a3e98cee710b045c.png,81c425977fe84363a3e98cee710b045c.png,center_1,ndbe,0,fold_3
center_1/ndbe/793613ec0a8c459bb8844ee8d96ba9f4.png,793613ec0a8c459bb8844ee8d96ba9f4.png,center_1,ndbe,0,fold_2
center_1/ndbe/c94a0b203cca43c5a008e2966edd6a63.png,c94a0b203cca43c5a008e2966edd6a63.png,center_1,ndbe,0,fold_2
center_1/ndbe/139a0dd933c04eeaa59a325fb083cbf8.png,139a0dd933c04eeaa59a325fb083cbf8.png,center_1,ndbe,0,fold_1
center_1/ndbe/29b063447a7340deb46fa17de4dd1280.png,29b063447a7340deb46fa17de4dd1280.png,center_1,ndbe,0,fold_4
center_1/ndbe/bafb4b7411ca4295982d1cef25632f48.png,bafb4b7411ca4295982d1cef25632f48.png,center_1,ndbe,0,fold_0
center_1/ndbe/8c3ff057f9f74bb98345b0651a803108.png,8c3ff057f9f74bb98345b0651a803108.png,center_1,ndbe,0,fold_2
center_1/ndbe/cbe560521ec4445ca065f363ec6f0fde.png,cbe560521ec4445ca065f363ec6f0fde.png,center_1,ndbe,0,fold_1
center_1/ndbe/d728cd135361498d8ddf54123842682d.png,d728cd135361498d8ddf54123842682d.png,center_1,ndbe,0,fold_1
center_1/ndbe/bbb8c4015e5c4c89ab1eae9d9eeb040b.png,bbb8c4015e5c4c89ab1eae9d9eeb040b.png,center_1,ndbe,0,fold_1
center_1/ndbe/c45790a4691e455382c43296015acc81.png,c45790a4691e455382c43296015acc81.png,center_1,ndbe,0,fold_0
center_1/ndbe/f9317e63ee48444493abdd74fbc99dde.png,f9317e63ee48444493abdd74fbc99dde.png,center_1,ndbe,0,fold_0
center_1/ndbe/21daafeb82d7406b8e1540f4fb2e6722.png,21daafeb82d7406b8e1540f4fb2e6722.png,center_1,ndbe,0,fold_4
center_1/ndbe/8cabe8c6f224436f9b0614b0014142f0.png,8cabe8c6f224436f9b0614b0014142f0.png,center_1,ndbe,0,fold_2
center_1/ndbe/146d6bd2f94e4ae49d2f3b4d22b71bed.png,146d6bd2f94e4ae49d2f3b4d22b71bed.png,center_1,ndbe,0,fold_3
center_1/ndbe/70636773bf0f41758dc722e651c2e701.png,70636773bf0f41758dc722e651c2e701.png,center_1,ndbe,0,fold_2
center_1/ndbe/e4f501a61ded4609a0c74a566d4b1bef.png,e4f501a61ded4609a0c74a566d4b1bef.png,center_1,ndbe,0,fold_0
center_1/ndbe/bed1b2a409ef456881a90c4a13c998c3.png,bed1b2a409ef456881a90c4a13c998c3.png,center_1,ndbe,0,fold_2
center_1/ndbe/5114d5de4377496d8c12200cecfbe771.png,5114d5de4377496d8c12200cecfbe771.png,center_1,ndbe,0,fold_2
center_1/ndbe/70e8861acb4c406881390d136eddf062.png,70e8861acb4c406881390d136eddf062.png,center_1,ndbe,0,fold_1
center_1/ndbe/aba3581c292a49bd9fe1f71991b77656.png,aba3581c292a49bd9fe1f71991b77656.png,center_1,ndbe,0,fold_3
center_1/ndbe/fc214b167f9c4298bdccd9a40501869f.png,fc214b167f9c4298bdccd9a40501869f.png,center_1,ndbe,0,fold_4
center_1/ndbe/818f7e0f0d414cd0996658449f787d53.png,818f7e0f0d414cd0996658449f787d53.png,center_1,ndbe,0,fold_0
center_1/ndbe/6566a68498724e5ea1a5b26a4440077f.png,6566a68498724e5ea1a5b26a4440077f.png,center_1,ndbe,0,fold_4
center_1/ndbe/f7dc95178ad7400982a92e76b383e0c5.png,f7dc95178ad7400982a92e76b383e0c5.png,center_1,ndbe,0,fold_0
center_1/ndbe/aaded35dc09d43dc92b967b154597b0f.png,aaded35dc09d43dc92b967b154597b0f.png,center_1,ndbe,0,fold_0
center_1/ndbe/dfca4dfa99c24d33b705d5180ff1a7c1.png,dfca4dfa99c24d33b705d5180ff1a7c1.png,center_1,ndbe,0,fold_3
center_1/ndbe/dc7608dd4ae9489f8a6b7e7e0e153e85.png,dc7608dd4ae9489f8a6b7e7e0e153e85.png,center_1,ndbe,0,fold_3
center_1/ndbe/9699ffe1ff054ef68f641e798d8a6357.png,9699ffe1ff054ef68f641e798d8a6357.png,center_1,ndbe,0,fold_3
center_1/ndbe/12a6eab1cb1c45e2a5115b6a235f620e.png,12a6eab1cb1c45e2a5115b6a235f620e.png,center_1,ndbe,0,fold_2
center_1/ndbe/4752a2cb098b4a1abb45f79721ef42c9.png,4752a2cb098b4a1abb45f79721ef42c9.png,center_1,ndbe,0,fold_0
center_1/ndbe/910a097c35cd46879504432f0043671c.png,910a097c35cd46879504432f0043671c.png,center_1,ndbe,0,fold_2
center_1/ndbe/39369c361e494fd7b7ce2f5ecb7adb7d.png,39369c361e494fd7b7ce2f5ecb7adb7d.png,center_1,ndbe,0,fold_0
center_1/ndbe/26c7e6e98c764b2ba69b931d3525338b.png,26c7e6e98c764b2ba69b931d3525338b.png,center_1,ndbe,0,fold_4
center_1/ndbe/a84938a7dc3f4e41a0de947e1ee307d8.png,a84938a7dc3f4e41a0de947e1ee307d8.png,center_1,ndbe,0,fold_1
center_1/ndbe/d004e313fff741fcab220c93b02a2613.png,d004e313fff741fcab220c93b02a2613.png,center_1,ndbe,0,fold_3
center_1/ndbe/9cba0417d4a94c448f333f1d526056fd.png,9cba0417d4a94c448f333f1d526056fd.png,center_1,ndbe,0,fold_4
center_1/ndbe/59743488d9a348c8901af39bb684b9aa.png,59743488d9a348c8901af39bb684b9aa.png,center_1,ndbe,0,fold_4
center_1/ndbe/e212a71562b442ef8587dd9906aed7a0.png,e212a71562b442ef8587dd9906aed7a0.png,center_1,ndbe,0,fold_1
center_1/ndbe/cb09db5b91654c80a19aee729d76e968.png,cb09db5b91654c80a19aee729d76e968.png,center_1,ndbe,0,fold_1
center_1/ndbe/ac1a881ab97d41bdb93335f160fece6b.png,ac1a881ab97d41bdb93335f160fece6b.png,center_1,ndbe,0,fold_2
center_1/ndbe/51659d913651441fadc75355a2e4e082.png,51659d913651441fadc75355a2e4e082.png,center_1,ndbe,0,fold_3
center_1/ndbe/bd6f609d713f4b009776741a301353dd.png,bd6f609d713f4b009776741a301353dd.png,center_1,ndbe,0,fold_0
center_1/ndbe/cbdd72bbafda470b9e52b0ea4d960414.png,cbdd72bbafda470b9e52b0ea4d960414.png,center_1,ndbe,0,fold_1
center_1/ndbe/0a0df0e52b7947358dca62e4e6e72bdb.png,0a0df0e52b7947358dca62e4e6e72bdb.png,center_1,ndbe,0,fold_0
center_1/ndbe/4d7364f76e0a4285b39044f1eff8f397.png,4d7364f76e0a4285b39044f1eff8f397.png,center_1,ndbe,0,fold_2
center_1/ndbe/e64c37e0629f4445927eaa1c92a736e9.png,e64c37e0629f4445927eaa1c92a736e9.png,center_1,ndbe,0,fold_4
center_1/ndbe/0717604e46a8440d949b1f10e930eb14.png,0717604e46a8440d949b1f10e930eb14.png,center_1,ndbe,0,fold_4
center_1/ndbe/9d6c57c524a948bca4e89bc66544cdf8.png,9d6c57c524a948bca4e89bc66544cdf8.png,center_1,ndbe,0,fold_4
center_1/ndbe/3b4c7517e35f4e21a4f6157afafdcd8c.png,3b4c7517e35f4e21a4f6157afafdcd8c.png,center_1,ndbe,0,fold_1
center_1/ndbe/391082ca4b624b82abb919c8fc0b9855.png,391082ca4b624b82abb919c8fc0b9855.png,center_1,ndbe,0,fold_2
center_1/ndbe/1360019992994a73bb228d202b349b82.png,1360019992994a73bb228d202b349b82.png,center_1,ndbe,0,fold_3
center_1/ndbe/8de95b6b1fc0437fac8de41ff8558630.png,8de95b6b1fc0437fac8de41ff8558630.png,center_1,ndbe,0,fold_1
center_1/ndbe/0ed4a9bb83da4e20b0d39686e1dae623.png,0ed4a9bb83da4e20b0d39686e1dae623.png,center_1,ndbe,0,fold_3
center_1/ndbe/95f5d560bd5a49019804d0c7b0b6cb1f.png,95f5d560bd5a49019804d0c7b0b6cb1f.png,center_1,ndbe,0,fold_0
center_1/ndbe/6e5772ecb9c64bb8bd1523789099ccca.png,6e5772ecb9c64bb8bd1523789099ccca.png,center_1,ndbe,0,fold_1
center_1/ndbe/8a05a77d6404465e892b12882dddd635.png,8a05a77d6404465e892b12882dddd635.png,center_1,ndbe,0,fold_1
center_1/ndbe/b1c86387e4804510a0ca8a5507e006eb.png,b1c86387e4804510a0ca8a5507e006eb.png,center_1,ndbe,0,fold_3
center_1/ndbe/f712ab32835f49a695b04d69ff3e0831.png,f712ab32835f49a695b04d69ff3e0831.png,center_1,ndbe,0,fold_4
center_1/ndbe/f93931715267458a86b442b9b7941220.png,f93931715267458a86b442b9b7941220.png,center_1,ndbe,0,fold_1
center_1/ndbe/012378bbba1643839abe286a30859825.png,012378bbba1643839abe286a30859825.png,center_1,ndbe,0,fold_2
center_1/ndbe/a87b79651dba4a0c8e2815481251a7fb.png,a87b79651dba4a0c8e2815481251a7fb.png,center_1,ndbe,0,fold_0
center_1/ndbe/b1e4a79f69a0488397b0213b02bc15f6.png,b1e4a79f69a0488397b0213b02bc15f6.png,center_1,ndbe,0,fold_4
center_1/ndbe/4751451680ab486582ac459ded6026f1.png,4751451680ab486582ac459ded6026f1.png,center_1,ndbe,0,fold_2
center_1/ndbe/346d996017ff4968a9fb93406a880966.png,346d996017ff4968a9fb93406a880966.png,center_1,ndbe,0,fold_1
center_1/ndbe/bce16e26980f423fb0d1b0a079522e2d.png,bce16e26980f423fb0d1b0a079522e2d.png,center_1,ndbe,0,fold_4
center_1/ndbe/4bacb5c7017d48779a2e64efd01cc678.png,4bacb5c7017d48779a2e64efd01cc678.png,center_1,ndbe,0,fold_1
center_1/ndbe/bf76c6b5315c4f55852af42553113d5f.png,bf76c6b5315c4f55852af42553113d5f.png,center_1,ndbe,0,fold_2
center_1/ndbe/bc62d1f5108d478da44560b056988716.png,bc62d1f5108d478da44560b056988716.png,center_1,ndbe,0,fold_4
center_1/ndbe/0f89a5fbe52840cd925ef6d0c3dcfd99.png,0f89a5fbe52840cd925ef6d0c3dcfd99.png,center_1,ndbe,0,fold_0
center_1/ndbe/e8534d2cad954d369a63f0059cca279f.png,e8534d2cad954d369a63f0059cca279f.png,center_1,ndbe,0,fold_1
center_1/ndbe/46383bae7a18403c9e33a122b538bc54.png,46383bae7a18403c9e33a122b538bc54.png,center_1,ndbe,0,fold_4
center_1/ndbe/d414a2ba73be448998cd7b403227af8e.png,d414a2ba73be448998cd7b403227af8e.png,center_1,ndbe,0,fold_0
center_1/ndbe/2c26119d86f54609a4963155c451f375.png,2c26119d86f54609a4963155c451f375.png,center_1,ndbe,0,fold_4
center_1/ndbe/b16614fd92374e4fb000d078244863e9.png,b16614fd92374e4fb000d078244863e9.png,center_1,ndbe,0,fold_0
center_1/ndbe/0719cf51dfc446e2bf60303e3c217ffc.png,0719cf51dfc446e2bf60303e3c217ffc.png,center_1,ndbe,0,fold_1
center_1/ndbe/8c754e484ec54b5d892cbdcf7ba4fcdb.png,8c754e484ec54b5d892cbdcf7ba4fcdb.png,center_1,ndbe,0,fold_4
center_1/ndbe/c916ffd45d344b719c1425b1e3ce37d0.png,c916ffd45d344b719c1425b1e3ce37d0.png,center_1,ndbe,0,fold_4
center_1/ndbe/81612b314d464cb286fc266115cd73d8.png,81612b314d464cb286fc266115cd73d8.png,center_1,ndbe,0,fold_0
center_1/ndbe/6fb378df1a3f4aa3a66f80f60f9ddf4a.png,6fb378df1a3f4aa3a66f80f60f9ddf4a.png,center_1,ndbe,0,fold_2
center_1/ndbe/059fb2693ff7495e9ff1ba3101cb501c.png,059fb2693ff7495e9ff1ba3101cb501c.png,center_1,ndbe,0,fold_3
center_1/ndbe/d45088908b7a45bfa854047b4a5ac1b5.png,d45088908b7a45bfa854047b4a5ac1b5.png,center_1,ndbe,0,fold_2
center_1/ndbe/2445e9283c6948f4910584236b20ccc0.png,2445e9283c6948f4910584236b20ccc0.png,center_1,ndbe,0,fold_0
center_1/ndbe/48bdc956351248fdbb785824fc7646ab.png,48bdc956351248fdbb785824fc7646ab.png,center_1,ndbe,0,fold_0
center_1/ndbe/ad503b8a2dcf46abbf9a3a6bb52e6c2b.png,ad503b8a2dcf46abbf9a3a6bb52e6c2b.png,center_1,ndbe,0,fold_4
center_1/ndbe/8f40960590fa45608765ae39044924ca.png,8f40960590fa45608765ae39044924ca.png,center_1,ndbe,0,fold_3
center_1/ndbe/d6956ba687a347ceb211908e8e4abe5a.png,d6956ba687a347ceb211908e8e4abe5a.png,center_1,ndbe,0,fold_3
center_1/ndbe/9f63c1240e4048d9864164804ed246bd.png,9f63c1240e4048d9864164804ed246bd.png,center_1,ndbe,0,fold_4
center_1/ndbe/1e55a4a410bc40da8c6d02aa1bbdd5f7.png,1e55a4a410bc40da8c6d02aa1bbdd5f7.png,center_1,ndbe,0,fold_1
center_1/ndbe/fe669980445646c389ec86c7cccf948c.png,fe669980445646c389ec86c7cccf948c.png,center_1,ndbe,0,fold_1
center_1/ndbe/57ca3d68d71141e6a6d3b2343fb5cc9e.png,57ca3d68d71141e6a6d3b2343fb5cc9e.png,center_1,ndbe,0,fold_4
center_1/ndbe/481765d6eb15445e8114a79172d05643.png,481765d6eb15445e8114a79172d05643.png,center_1,ndbe,0,fold_1
center_1/ndbe/a0103d94e9f0404c87ab7f39c957ef22.png,a0103d94e9f0404c87ab7f39c957ef22.png,center_1,ndbe,0,fold_4
center_1/ndbe/80f6c53fdaea435f96f58a138dfe8ad0.png,80f6c53fdaea435f96f58a138dfe8ad0.png,center_1,ndbe,0,fold_1
center_1/ndbe/8e4e009b66aa412d915b9f2b88eab36d.png,8e4e009b66aa412d915b9f2b88eab36d.png,center_1,ndbe,0,fold_4
center_1/ndbe/28a2f61b9c89431d9c100acae33c4885.png,28a2f61b9c89431d9c100acae33c4885.png,center_1,ndbe,0,fold_3
center_1/ndbe/bc097032865e496983d6feeda94e2e04.png,bc097032865e496983d6feeda94e2e04.png,center_1,ndbe,0,fold_3
center_1/ndbe/2d8565308d894a78980266f783d2ffd8.png,2d8565308d894a78980266f783d2ffd8.png,center_1,ndbe,0,fold_1
center_1/ndbe/e59afebb513042a5a48266a1b6aff0ac.png,e59afebb513042a5a48266a1b6aff0ac.png,center_1,ndbe,0,fold_3
center_1/ndbe/caa01feb4afd4ef6b0ca120ce237c1db.png,caa01feb4afd4ef6b0ca120ce237c1db.png,center_1,ndbe,0,fold_2
center_1/ndbe/c5f614a8520744238ba55a4da6474597.png,c5f614a8520744238ba55a4da6474597.png,center_1,ndbe,0,fold_3
center_1/ndbe/f034dd1d5c53455fac4beb7a268dcc81.png,f034dd1d5c53455fac4beb7a268dcc81.png,center_1,ndbe,0,fold_2
center_1/ndbe/240e2d6cb27d40f3a2818026a9290ac5.png,240e2d6cb27d40f3a2818026a9290ac5.png,center_1,ndbe,0,fold_3
center_1/ndbe/c23e04c692954602a2faad91c367cbe8.png,c23e04c692954602a2faad91c367cbe8.png,center_1,ndbe,0,fold_0
center_1/ndbe/89c8a56be6ad4e76813517d6e24f500c.png,89c8a56be6ad4e76813517d6e24f500c.png,center_1,ndbe,0,fold_0
center_1/ndbe/3b4af3b2bccb4c8b8cb47035f4d96ab4.png,3b4af3b2bccb4c8b8cb47035f4d96ab4.png,center_1,ndbe,0,fold_4
center_1/ndbe/6f5d0d7f63d2405e87abf80f96377870.png,6f5d0d7f63d2405e87abf80f96377870.png,center_1,ndbe,0,fold_4
center_1/ndbe/68df9592364c4122aa271e2c569491d3.png,68df9592364c4122aa271e2c569491d3.png,center_1,ndbe,0,fold_4
center_1/ndbe/76465f11c67140e3b19d15af850d065f.png,76465f11c67140e3b19d15af850d065f.png,center_1,ndbe,0,fold_3
center_1/ndbe/4578d59cd1974a7da663cebb1cd0c8d1.png,4578d59cd1974a7da663cebb1cd0c8d1.png,center_1,ndbe,0,fold_2
center_1/ndbe/3af06517165d4773a69a496796925e57.png,3af06517165d4773a69a496796925e57.png,center_1,ndbe,0,fold_2
center_1/ndbe/219600c6109c40b2b7a784b2125bc558.png,219600c6109c40b2b7a784b2125bc558.png,center_1,ndbe,0,fold_3
center_1/ndbe/dcbf3096f9354cb39941b5c7b27ccaee.png,dcbf3096f9354cb39941b5c7b27ccaee.png,center_1,ndbe,0,fold_4
center_1/ndbe/6e5c180034914760b07af0c3d4d40f20.png,6e5c180034914760b07af0c3d4d40f20.png,center_1,ndbe,0,fold_4
center_1/ndbe/b26311bedf3b463f967b16b7b56f777f.png,b26311bedf3b463f967b16b7b56f777f.png,center_1,ndbe,0,fold_4
center_1/ndbe/c0f70b071fe44abd88924212745fc243.png,c0f70b071fe44abd88924212745fc243.png,center_1,ndbe,0,fold_1
center_1/ndbe/7a64efa5fcf2452eb209433a3e9c9548.png,7a64efa5fcf2452eb209433a3e9c9548.png,center_1,ndbe,0,fold_4
center_1/ndbe/3e3bdd94e498430aaaad2b57f9c83233.png,3e3bdd94e498430aaaad2b57f9c83233.png,center_1,ndbe,0,fold_4
center_1/ndbe/6164b19e25a54c4596169ccd8c6f8f57.png,6164b19e25a54c4596169ccd8c6f8f57.png,center_1,ndbe,0,fold_4
center_1/ndbe/93aadf668a3247eaaba47fa2183f54b6.png,93aadf668a3247eaaba47fa2183f54b6.png,center_1,ndbe,0,fold_2
center_1/ndbe/354d0a29a87946ce9004d979945c667c.png,354d0a29a87946ce9004d979945c667c.png,center_1,ndbe,0,fold_0
center_1/ndbe/478eafc7b1d5497380f2a1eef9fe93d4.png,478eafc7b1d5497380f2a1eef9fe93d4.png,center_1,ndbe,0,fold_2
center_1/ndbe/0aafad232328499cbdfc13f2e4119289.png,0aafad232328499cbdfc13f2e4119289.png,center_1,ndbe,0,fold_3
center_1/ndbe/c33f270ae61e4d4d85934bff230357b4.png,c33f270ae61e4d4d85934bff230357b4.png,center_1,ndbe,0,fold_0
center_1/ndbe/4e6cf537f70f413ab551df9ae7681cbe.png,4e6cf537f70f413ab551df9ae7681cbe.png,center_1,ndbe,0,fold_4
center_1/ndbe/984bede249684806ad879cb22b4f07eb.png,984bede249684806ad879cb22b4f07eb.png,center_1,ndbe,0,fold_4
center_1/ndbe/cfeaf74f95644222b63c540b2767b679.png,cfeaf74f95644222b63c540b2767b679.png,center_1,ndbe,0,fold_3
center_1/ndbe/b362d264280f4d47accd3f5305d164ae.png,b362d264280f4d47accd3f5305d164ae.png,center_1,ndbe,0,fold_3
center_1/ndbe/263b9b57514b4802bf26060e00c7ca8d.png,263b9b57514b4802bf26060e00c7ca8d.png,center_1,ndbe,0,fold_3
center_1/ndbe/d494fa6288fa477c8ae9ae54b6cba4cd.png,d494fa6288fa477c8ae9ae54b6cba4cd.png,center_1,ndbe,0,fold_4
center_1/ndbe/c81e36a6ab9440ea859330d17acb457c.png,c81e36a6ab9440ea859330d17acb457c.png,center_1,ndbe,0,fold_1
center_1/ndbe/1ea333ab481641c2b8352893c50d4fd4.png,1ea333ab481641c2b8352893c50d4fd4.png,center_1,ndbe,0,fold_3
center_1/ndbe/5d6c7d4377314bc69b8306c9926f98c2.png,5d6c7d4377314bc69b8306c9926f98c2.png,center_1,ndbe,0,fold_4
center_1/ndbe/a8a1197010fc46cfb4f52f9cc62bf46d.png,a8a1197010fc46cfb4f52f9cc62bf46d.png,center_1,ndbe,0,fold_3
center_1/ndbe/be183ec74a3d495fb6d2d9eb83f4a80b.png,be183ec74a3d495fb6d2d9eb83f4a80b.png,center_1,ndbe,0,fold_2
center_1/ndbe/313e79931d214c6cb2775d231ad0c0dd.png,313e79931d214c6cb2775d231ad0c0dd.png,center_1,ndbe,0,fold_3
center_1/ndbe/ea4cfab7b27a4a428fb3284524a08597.png,ea4cfab7b27a4a428fb3284524a08597.png,center_1,ndbe,0,fold_2
center_1/ndbe/14e386e996a545b1ba438f5b5b624545.png,14e386e996a545b1ba438f5b5b624545.png,center_1,ndbe,0,fold_3
center_1/ndbe/bd9460d3d5e4493f9174df63cc731a30.png,bd9460d3d5e4493f9174df63cc731a30.png,center_1,ndbe,0,fold_0
center_1/ndbe/59d7180d6c114774af6eabfdb8fae5d6.png,59d7180d6c114774af6eabfdb8fae5d6.png,center_1,ndbe,0,fold_2
center_1/ndbe/cd83858c8a6c4b67b2ad22b463f92b2d.png,cd83858c8a6c4b67b2ad22b463f92b2d.png,center_1,ndbe,0,fold_3
center_1/ndbe/b803f4ccff4d4fe5b24e7842b4445f0d.png,b803f4ccff4d4fe5b24e7842b4445f0d.png,center_1,ndbe,0,fold_1
center_1/ndbe/0cec07677abf448cbb91fcf1b09c257a.png,0cec07677abf448cbb91fcf1b09c257a.png,center_1,ndbe,0,fold_3
center_1/ndbe/b30ab153ecc643509a813e304d007aaa.png,b30ab153ecc643509a813e304d007aaa.png,center_1,ndbe,0,fold_4
center_1/ndbe/2d9aa32f7f2246a4971d412ef4342e2e.png,2d9aa32f7f2246a4971d412ef4342e2e.png,center_1,ndbe,0,fold_1
center_1/ndbe/0e195af91df64f7dbce79ff06f0c07ba.png,0e195af91df64f7dbce79ff06f0c07ba.png,center_1,ndbe,0,fold_4
center_1/ndbe/d0cd77dfe1af4a58a847c2fa80765d02.png,d0cd77dfe1af4a58a847c2fa80765d02.png,center_1,ndbe,0,fold_1
center_1/ndbe/bb0ee5e963c84563b7593840cf83b6ea.png,bb0ee5e963c84563b7593840cf83b6ea.png,center_1,ndbe,0,fold_0
center_1/ndbe/050114d913fc4c64aa748f1aef0e019c.png,050114d913fc4c64aa748f1aef0e019c.png,center_1,ndbe,0,fold_4
center_1/ndbe/b5504bdc2a814a238a21c17be8c6a689.png,b5504bdc2a814a238a21c17be8c6a689.png,center_1,ndbe,0,fold_0
center_1/ndbe/45b6a1b59b6c43be9e929eddee19abae.png,45b6a1b59b6c43be9e929eddee19abae.png,center_1,ndbe,0,fold_1
center_1/ndbe/7e18a6c66b764fef9cc89676de83b395.png,7e18a6c66b764fef9cc89676de83b395.png,center_1,ndbe,0,fold_1
center_1/ndbe/22d844186c514dce8e0ffd52fb1de74f.png,22d844186c514dce8e0ffd52fb1de74f.png,center_1,ndbe,0,fold_1
center_1/ndbe/7a7f394c4fa7490686070f09d4f81aaf.png,7a7f394c4fa7490686070f09d4f81aaf.png,center_1,ndbe,0,fold_0
center_1/ndbe/af4083c94056429f8829baa7e88d2780.png,af4083c94056429f8829baa7e88d2780.png,center_1,ndbe,0,fold_0
center_1/ndbe/29a67937dff5474d991e63280092eaa9.png,29a67937dff5474d991e63280092eaa9.png,center_1,ndbe,0,fold_0
center_1/ndbe/34bfa026d52e49798d710eb2c5b0f974.png,34bfa026d52e49798d710eb2c5b0f974.png,center_1,ndbe,0,fold_3
center_1/ndbe/c623bfa743224877b5d7e87b9e57234c.png,c623bfa743224877b5d7e87b9e57234c.png,center_1,ndbe,0,fold_3
center_1/ndbe/41449b67aeb24c55b9224fffdb5ea07f.png,41449b67aeb24c55b9224fffdb5ea07f.png,center_1,ndbe,0,fold_2
center_1/ndbe/aa83c661cdc445feb9cc8ef1bddb6e80.png,aa83c661cdc445feb9cc8ef1bddb6e80.png,center_1,ndbe,0,fold_0
center_1/ndbe/2f64747157d542b2a321f86cda718e95.png,2f64747157d542b2a321f86cda718e95.png,center_1,ndbe,0,fold_4
center_1/ndbe/fa0e5debf5cc4eb3b2aeaebd07e1fcf9.png,fa0e5debf5cc4eb3b2aeaebd07e1fcf9.png,center_1,ndbe,0,fold_1
center_1/ndbe/6f395adaf7314680b5429744f160b248.png,6f395adaf7314680b5429744f160b248.png,center_1,ndbe,0,fold_2
center_1/ndbe/076d650168854a97b408c21dc724e6c2.png,076d650168854a97b408c21dc724e6c2.png,center_1,ndbe,0,fold_0
center_1/ndbe/cb1583d5c3b84f4a82574ff0c28cd688.png,cb1583d5c3b84f4a82574ff0c28cd688.png,center_1,ndbe,0,fold_0
center_1/ndbe/bc7940fd24ce4756b5aafbdb6df96dcc.png,bc7940fd24ce4756b5aafbdb6df96dcc.png,center_1,ndbe,0,fold_1
center_1/ndbe/848bf5d7a4a748e28d917cf6aef87c3d.png,848bf5d7a4a748e28d917cf6aef87c3d.png,center_1,ndbe,0,fold_4
center_1/ndbe/020f156242b9473297a2466c2f88ef4f.png,020f156242b9473297a2466c2f88ef4f.png,center_1,ndbe,0,fold_4
center_1/ndbe/6e19479e7c784b29af71f1337649adde.png,6e19479e7c784b29af71f1337649adde.png,center_1,ndbe,0,fold_3
center_1/ndbe/4eeb679c9b914194b9abfe51d36502e4.png,4eeb679c9b914194b9abfe51d36502e4.png,center_1,ndbe,0,fold_3
center_1/ndbe/2263fbaa73804911b1bc3a582735e153.png,2263fbaa73804911b1bc3a582735e153.png,center_1,ndbe,0,fold_2
center_1/ndbe/8b1315c717b145ad8fce5716fa33fe07.png,8b1315c717b145ad8fce5716fa33fe07.png,center_1,ndbe,0,fold_2
center_1/ndbe/b9df4561fe6a41ed96db33fb69a3cf8d.png,b9df4561fe6a41ed96db33fb69a3cf8d.png,center_1,ndbe,0,fold_3
center_1/ndbe/70f67182c1db4faab5f590ea40d8281e.png,70f67182c1db4faab5f590ea40d8281e.png,center_1,ndbe,0,fold_0
center_1/ndbe/2779f3e4d8b64adca427c13ccfcfac48.png,2779f3e4d8b64adca427c13ccfcfac48.png,center_1,ndbe,0,fold_3
center_1/ndbe/f80a222e14d3433eb7228906fc9ff1c1.png,f80a222e14d3433eb7228906fc9ff1c1.png,center_1,ndbe,0,fold_2
center_1/ndbe/376c27da16664971b03bbdcc36f6b604.png,376c27da16664971b03bbdcc36f6b604.png,center_1,ndbe,0,fold_2
center_1/ndbe/6933b069735346b18960cd188557f905.png,6933b069735346b18960cd188557f905.png,center_1,ndbe,0,fold_1
center_1/ndbe/b503b8c3ee0e4dc3b2639edd899cb2eb.png,b503b8c3ee0e4dc3b2639edd899cb2eb.png,center_1,ndbe,0,fold_1
center_1/ndbe/d02e6ec59a644782a0c112b06f566e67.png,d02e6ec59a644782a0c112b06f566e67.png,center_1,ndbe,0,fold_3
center_1/ndbe/08ee6835d7304a00971df0d415154190.png,08ee6835d7304a00971df0d415154190.png,center_1,ndbe,0,fold_0
center_1/ndbe/aaddd265d0774339a5650b26af649381.png,aaddd265d0774339a5650b26af649381.png,center_1,ndbe,0,fold_3
center_1/ndbe/5357589dc5cc4a0dae8507b320e63b0d.png,5357589dc5cc4a0dae8507b320e63b0d.png,center_1,ndbe,0,fold_4
center_1/ndbe/dac4e476b3d349729e03bb9b15d9fa33.png,dac4e476b3d349729e03bb9b15d9fa33.png,center_1,ndbe,0,fold_0
center_1/ndbe/b7f32fc19fbb4952b04c2c8a6b907908.png,b7f32fc19fbb4952b04c2c8a6b907908.png,center_1,ndbe,0,fold_2
center_1/ndbe/9dd1e6cc1d5741409305c3f0ac88cb65.png,9dd1e6cc1d5741409305c3f0ac88cb65.png,center_1,ndbe,0,fold_4
center_1/ndbe/2641ece4c9214656959f90971f954a0e.png,2641ece4c9214656959f90971f954a0e.png,center_1,ndbe,0,fold_2
center_1/ndbe/fca6cbb1c55e496095d2d719501492a2.png,fca6cbb1c55e496095d2d719501492a2.png,center_1,ndbe,0,fold_2
center_1/ndbe/b559147cf1344a69944ae49a4a65ffde.png,b559147cf1344a69944ae49a4a65ffde.png,center_1,ndbe,0,fold_1
center_1/ndbe/ce04e7a81267494dace1e55a335cf5cb.png,ce04e7a81267494dace1e55a335cf5cb.png,center_1,ndbe,0,fold_4
center_1/ndbe/32300a5366fc456a97ddb56d914c5b84.png,32300a5366fc456a97ddb56d914c5b84.png,center_1,ndbe,0,fold_3
center_1/ndbe/06d77944c4c144d08a4512db8737be97.png,06d77944c4c144d08a4512db8737be97.png,center_1,ndbe,0,fold_0
center_1/ndbe/c8b40e3757944b26bfe4b247b4412114.png,c8b40e3757944b26bfe4b247b4412114.png,center_1,ndbe,0,fold_4
center_1/ndbe/57f73d4e65ab4174b7fa370c32d05e85.png,57f73d4e65ab4174b7fa370c32d05e85.png,center_1,ndbe,0,fold_4
center_1/ndbe/446982aec4ce46d5bcb8d0182583bb5a.png,446982aec4ce46d5bcb8d0182583bb5a.png,center_1,ndbe,0,fold_2
center_1/ndbe/cff3e74f9b9b4f31a57fa32a97a323da.png,cff3e74f9b9b4f31a57fa32a97a323da.png,center_1,ndbe,0,fold_2
center_1/ndbe/20000c8fa1d04ef688d37147f1392a7e.png,20000c8fa1d04ef688d37147f1392a7e.png,center_1,ndbe,0,fold_0
center_1/ndbe/756e35e1210341cdbaaec8db71dd8d16.png,756e35e1210341cdbaaec8db71dd8d16.png,center_1,ndbe,0,fold_2
center_1/ndbe/371419f848784914a4a858022544f6cd.png,371419f848784914a4a858022544f6cd.png,center_1,ndbe,0,fold_2
center_1/ndbe/690d6e3114854c5f9b326b506ee6a443.png,690d6e3114854c5f9b326b506ee6a443.png,center_1,ndbe,0,fold_4
center_1/ndbe/8da92050b7b04093b6c64997d4ed6602.png,8da92050b7b04093b6c64997d4ed6602.png,center_1,ndbe,0,fold_3
center_1/ndbe/957bd857f1454388bb2a997b2d544272.png,957bd857f1454388bb2a997b2d544272.png,center_1,ndbe,0,fold_3
center_1/ndbe/fb7a5b209ca04d7b99a9dd6d80ee5a40.png,fb7a5b209ca04d7b99a9dd6d80ee5a40.png,center_1,ndbe,0,fold_0
center_1/ndbe/c81aaa62f4b641a28528b2b365bd45b6.png,c81aaa62f4b641a28528b2b365bd45b6.png,center_1,ndbe,0,fold_1
center_1/ndbe/3d5808079522495793f4553e4947ab6b.png,3d5808079522495793f4553e4947ab6b.png,center_1,ndbe,0,fold_0
center_1/ndbe/320a9379245a4c42b467f76b026ab369.png,320a9379245a4c42b467f76b026ab369.png,center_1,ndbe,0,fold_2
center_1/ndbe/c9c60632e7ef48febc2e45fc35d3a3cc.png,c9c60632e7ef48febc2e45fc35d3a3cc.png,center_1,ndbe,0,fold_2
center_1/ndbe/94c50e71c5524929817d2a58c85399ad.png,94c50e71c5524929817d2a58c85399ad.png,center_1,ndbe,0,fold_4
center_1/ndbe/a37bcf3d67c14fb89a435fb1a88d5b22.png,a37bcf3d67c14fb89a435fb1a88d5b22.png,center_1,ndbe,0,fold_4
center_1/ndbe/693f7c142e7c4b528f312a408ebd3f35.png,693f7c142e7c4b528f312a408ebd3f35.png,center_1,ndbe,0,fold_4
center_1/ndbe/8c0586ee7c784fa1b52ccaec0f977edc.png,8c0586ee7c784fa1b52ccaec0f977edc.png,center_1,ndbe,0,fold_1
center_1/ndbe/67fb787f62364ddf83b1a04ad8a84c53.png,67fb787f62364ddf83b1a04ad8a84c53.png,center_1,ndbe,0,fold_0
center_1/ndbe/9123ba8fa8b241c69e737bee6b6ffcf6.png,9123ba8fa8b241c69e737bee6b6ffcf6.png,center_1,ndbe,0,fold_0
center_1/ndbe/ebd5a717867f44ab91fffba8809ae52f.png,ebd5a717867f44ab91fffba8809ae52f.png,center_1,ndbe,0,fold_1
center_1/ndbe/41da038523984de6b8393eb9569092fe.png,41da038523984de6b8393eb9569092fe.png,center_1,ndbe,0,fold_3
center_1/ndbe/fe8598454b1b4bd780bb884e418db3e6.png,fe8598454b1b4bd780bb884e418db3e6.png,center_1,ndbe,0,fold_3
center_1/ndbe/098f2ef7f5954a7ab6c8a44784a1dc21.png,098f2ef7f5954a7ab6c8a44784a1dc21.png,center_1,ndbe,0,fold_4
center_1/ndbe/c4054ae94d7740eb95928a70fbce1ead.png,c4054ae94d7740eb95928a70fbce1ead.png,center_1,ndbe,0,fold_3
center_1/ndbe/4ab41ed5661e4db6aac28bd50141a2ef.png,4ab41ed5661e4db6aac28bd50141a2ef.png,center_1,ndbe,0,fold_0
center_1/ndbe/de4dbedccf274f84864eb463e8e901c6.png,de4dbedccf274f84864eb463e8e901c6.png,center_1,ndbe,0,fold_1
center_1/ndbe/c4483e70601a4234beb0a436384156aa.png,c4483e70601a4234beb0a436384156aa.png,center_1,ndbe,0,fold_1
center_1/ndbe/a2c30df8bdd746d9b54254cc215f9afc.png,a2c30df8bdd746d9b54254cc215f9afc.png,center_1,ndbe,0,fold_0
center_1/ndbe/107be74676b1427d8c763c5a6f352d66.png,107be74676b1427d8c763c5a6f352d66.png,center_1,ndbe,0,fold_0
center_1/ndbe/a92010d490cc4b979007babbd4544b6a.png,a92010d490cc4b979007babbd4544b6a.png,center_1,ndbe,0,fold_2
center_1/ndbe/f7640994796e44649156e4820a0c3b91.png,f7640994796e44649156e4820a0c3b91.png,center_1,ndbe,0,fold_1
center_1/ndbe/9a6974b3077e4ba7974658a6d29d470c.png,9a6974b3077e4ba7974658a6d29d470c.png,center_1,ndbe,0,fold_4
center_1/ndbe/638ce1bcf1c841edbbfb386208ed268f.png,638ce1bcf1c841edbbfb386208ed268f.png,center_1,ndbe,0,fold_4
center_1/ndbe/fbc6b11d7dda4eec8c8c8751aaa24149.png,fbc6b11d7dda4eec8c8c8751aaa24149.png,center_1,ndbe,0,fold_3
center_1/ndbe/98403274a9fc489dbae2f04027f3d97d.png,98403274a9fc489dbae2f04027f3d97d.png,center_1,ndbe,0,fold_4
center_1/ndbe/38e92943aa214081bf3715895673374e.png,38e92943aa214081bf3715895673374e.png,center_1,ndbe,0,fold_4
center_1/ndbe/e8c57d5846a9450db305cacf31212544.png,e8c57d5846a9450db305cacf31212544.png,center_1,ndbe,0,fold_0
center_1/ndbe/1586e50160c146e7b3b8f52ab75026b2.png,1586e50160c146e7b3b8f52ab75026b2.png,center_1,ndbe,0,fold_0
center_1/ndbe/770892f362484dcc83a8adbf34923c88.png,770892f362484dcc83a8adbf34923c88.png,center_1,ndbe,0,fold_3
center_1/ndbe/c355395b62bb4f29ad21f5d2dd07ce6a.png,c355395b62bb4f29ad21f5d2dd07ce6a.png,center_1,ndbe,0,fold_2
center_1/ndbe/1c3b51a299ff450da822b6b1b6ba97f6.png,1c3b51a299ff450da822b6b1b6ba97f6.png,center_1,ndbe,0,fold_4
center_1/ndbe/745e63ed43ef4a148260156dcc119c4c.png,745e63ed43ef4a148260156dcc119c4c.png,center_1,ndbe,0,fold_3
center_1/ndbe/17e190e2fd6341c19a866f1e2b02cdc2.png,17e190e2fd6341c19a866f1e2b02cdc2.png,center_1,ndbe,0,fold_4
center_1/ndbe/dc98db92fe3e4c32a03838f18f226681.png,dc98db92fe3e4c32a03838f18f226681.png,center_1,ndbe,0,fold_1
center_1/ndbe/44289746839646e3b93f1fbe15ea2567.png,44289746839646e3b93f1fbe15ea2567.png,center_1,ndbe,0,fold_3
center_1/ndbe/a8355701eaf44b4b867bc8e25f4a8d3c.png,a8355701eaf44b4b867bc8e25f4a8d3c.png,center_1,ndbe,0,fold_4
center_1/ndbe/08b693f466d24c4dac3c55e8195b3a89.png,08b693f466d24c4dac3c55e8195b3a89.png,center_1,ndbe,0,fold_4
center_1/ndbe/1bddae117c0c4679926eb1402a0bb0f3.png,1bddae117c0c4679926eb1402a0bb0f3.png,center_1,ndbe,0,fold_1
center_1/ndbe/776664c11056423fa3168df4efa80b16.png,776664c11056423fa3168df4efa80b16.png,center_1,ndbe,0,fold_3
center_1/ndbe/6217b17f979447afbaa90ff0353de1ad.png,6217b17f979447afbaa90ff0353de1ad.png,center_1,ndbe,0,fold_3
center_1/ndbe/4fe4fcd0ccc643afa3fb4c8a50a87d05.png,4fe4fcd0ccc643afa3fb4c8a50a87d05.png,center_1,ndbe,0,fold_4
center_1/ndbe/81aaae25c9a741ba805ff34753682eed.png,81aaae25c9a741ba805ff34753682eed.png,center_1,ndbe,0,fold_2
center_1/ndbe/fb1508ee43684e13b6379bba4cd1d9a7.png,fb1508ee43684e13b6379bba4cd1d9a7.png,center_1,ndbe,0,fold_2
center_1/ndbe/db08adb199df48e4ae59fefea25be399.png,db08adb199df48e4ae59fefea25be399.png,center_1,ndbe,0,fold_0
center_1/ndbe/010fb8f91214468aad5811234aaa7dbf.png,010fb8f91214468aad5811234aaa7dbf.png,center_1,ndbe,0,fold_4
center_1/ndbe/233302ca23a2436cbd9ef25f10cc646d.png,233302ca23a2436cbd9ef25f10cc646d.png,center_1,ndbe,0,fold_2
center_1/ndbe/538966facd224883a89e82c53b23cfd4.png,538966facd224883a89e82c53b23cfd4.png,center_1,ndbe,0,fold_1
center_1/ndbe/3586aa8a717d4a4285c5e00218a4991d.png,3586aa8a717d4a4285c5e00218a4991d.png,center_1,ndbe,0,fold_2
center_1/ndbe/3d1284bf218c44fba17f9a39c27cf811.png,3d1284bf218c44fba17f9a39c27cf811.png,center_1,ndbe,0,fold_4
center_1/ndbe/67fc2156a60b401b8c1953c6a77ce904.png,67fc2156a60b401b8c1953c6a77ce904.png,center_1,ndbe,0,fold_3
center_1/ndbe/0b513890702e427e98fbc7649584e5e5.png,0b513890702e427e98fbc7649584e5e5.png,center_1,ndbe,0,fold_1
center_1/ndbe/f893c8616fd646898a86638587d67fdf.png,f893c8616fd646898a86638587d67fdf.png,center_1,ndbe,0,fold_1
center_1/ndbe/676d9dee05764fa3876593184d48093a.png,676d9dee05764fa3876593184d48093a.png,center_1,ndbe,0,fold_1
center_1/ndbe/2b59b7ad88764044993b32af53cd05c6.png,2b59b7ad88764044993b32af53cd05c6.png,center_1,ndbe,0,fold_3
center_1/ndbe/c22c4f4c574642809117ed2f1f405dc5.png,c22c4f4c574642809117ed2f1f405dc5.png,center_1,ndbe,0,fold_4
center_1/ndbe/4210606a01fc407ab5cc300f080687bd.png,4210606a01fc407ab5cc300f080687bd.png,center_1,ndbe,0,fold_2
center_1/ndbe/ff112d83a71b4f86afa8a6455dfe75b7.png,ff112d83a71b4f86afa8a6455dfe75b7.png,center_1,ndbe,0,fold_4
center_1/ndbe/e0e63a73bef6434e9a01c2400f2b7e70.png,e0e63a73bef6434e9a01c2400f2b7e70.png,center_1,ndbe,0,fold_0
center_1/ndbe/39d36c93d4df4772a3ff9bb8853bacf6.png,39d36c93d4df4772a3ff9bb8853bacf6.png,center_1,ndbe,0,fold_4
center_1/ndbe/742c57adb6e148bf9043f3c3e4d755d6.png,742c57adb6e148bf9043f3c3e4d755d6.png,center_1,ndbe,0,fold_2
center_1/ndbe/58c5e68fda724ceeb4c0218b5f138e6d.png,58c5e68fda724ceeb4c0218b5f138e6d.png,center_1,ndbe,0,fold_0
center_1/ndbe/0b5cfe0c500047d084d8f2e417fd4bd6.png,0b5cfe0c500047d084d8f2e417fd4bd6.png,center_1,ndbe,0,fold_3
center_1/ndbe/d1f81104deaf4cdb8c4d91bf9161bd40.png,d1f81104deaf4cdb8c4d91bf9161bd40.png,center_1,ndbe,0,fold_4
center_1/ndbe/868d84fa549240cc88db0b11cda5301d.png,868d84fa549240cc88db0b11cda5301d.png,center_1,ndbe,0,fold_2
center_1/ndbe/ae1e131f01204ef48bc738943ad15ca5.png,ae1e131f01204ef48bc738943ad15ca5.png,center_1,ndbe,0,fold_2
center_1/ndbe/f6a538c488d54b65b15a2af113a30b0c.png,f6a538c488d54b65b15a2af113a30b0c.png,center_1,ndbe,0,fold_3
center_1/ndbe/38548a0972444895bfd674278a2d43c0.png,38548a0972444895bfd674278a2d43c0.png,center_1,ndbe,0,fold_0
center_1/ndbe/d8c5064737fd470e967c2b647f4478d4.png,d8c5064737fd470e967c2b647f4478d4.png,center_1,ndbe,0,fold_1
center_1/ndbe/e734f57839444fedad17d799800098f3.png,e734f57839444fedad17d799800098f3.png,center_1,ndbe,0,fold_0
center_1/ndbe/517e6707b6d0463aac2097f9a4de5187.png,517e6707b6d0463aac2097f9a4de5187.png,center_1,ndbe,0,fold_3
center_1/ndbe/5b2aabbeb8d5436eb166e41edb76b105.png,5b2aabbeb8d5436eb166e41edb76b105.png,center_1,ndbe,0,fold_1
center_1/ndbe/892cf9a129124500be56f06d94dbbbf5.png,892cf9a129124500be56f06d94dbbbf5.png,center_1,ndbe,0,fold_0
center_1/ndbe/ce2fb349680844a6abb516000a17c451.png,ce2fb349680844a6abb516000a17c451.png,center_1,ndbe,0,fold_1
center_1/ndbe/86064e58a52648b48d512dfaa1e35d39.png,86064e58a52648b48d512dfaa1e35d39.png,center_1,ndbe,0,fold_3
center_1/ndbe/ce4fa27855bc4bcaac1396f8fa907481.png,ce4fa27855bc4bcaac1396f8fa907481.png,center_1,ndbe,0,fold_2
center_1/ndbe/e2e87013dd894d3982e680443a7ac8e1.png,e2e87013dd894d3982e680443a7ac8e1.png,center_1,ndbe,0,fold_3
center_1/ndbe/f69a1d3d27324644859ece0ca9bd0b3a.png,f69a1d3d27324644859ece0ca9bd0b3a.png,center_1,ndbe,0,fold_4
center_1/ndbe/96ea53f1593e48ff8d6e1605b6ec6f34.png,96ea53f1593e48ff8d6e1605b6ec6f34.png,center_1,ndbe,0,fold_3
center_1/ndbe/b303b734471842b98bf22064e89c0868.png,b303b734471842b98bf22064e89c0868.png,center_1,ndbe,0,fold_1
center_1/ndbe/ec1ba8d4ee2d4e138bb35d3cc483b40e.png,ec1ba8d4ee2d4e138bb35d3cc483b40e.png,center_1,ndbe,0,fold_0
center_1/ndbe/5d5a3ce492ff44fbb8aa5f2459f3aacc.png,5d5a3ce492ff44fbb8aa5f2459f3aacc.png,center_1,ndbe,0,fold_1
center_1/ndbe/c8a142e54c834b7993e2564118fa40b3.png,c8a142e54c834b7993e2564118fa40b3.png,center_1,ndbe,0,fold_3
center_1/ndbe/60f56a4e02e748d295a296a1ddefabad.png,60f56a4e02e748d295a296a1ddefabad.png,center_1,ndbe,0,fold_1
center_1/ndbe/65b03e733ed348de9823617f826d1d42.png,65b03e733ed348de9823617f826d1d42.png,center_1,ndbe,0,fold_3
center_1/ndbe/d21801fce8ef4df7931e216568a82120.png,d21801fce8ef4df7931e216568a82120.png,center_1,ndbe,0,fold_0
center_1/ndbe/5ff6f4c4c9f040d79140b852de70d460.png,5ff6f4c4c9f040d79140b852de70d460.png,center_1,ndbe,0,fold_0
center_1/ndbe/d2d429ce8f6b41b58c4706af41d33a78.png,d2d429ce8f6b41b58c4706af41d33a78.png,center_1,ndbe,0,fold_1
center_1/ndbe/300bc66af5df485b9c82b7de9ac168b5.png,300bc66af5df485b9c82b7de9ac168b5.png,center_1,ndbe,0,fold_4
center_1/ndbe/df9f3cb1e48541a5b37b4856c86c70ca.png,df9f3cb1e48541a5b37b4856c86c70ca.png,center_1,ndbe,0,fold_2
center_1/ndbe/b9320d99e9b449edaa42124abf5c52d3.png,b9320d99e9b449edaa42124abf5c52d3.png,center_1,ndbe,0,fold_1
center_1/ndbe/fb12065afbcb484eb26cc2e7fbdec71b.png,fb12065afbcb484eb26cc2e7fbdec71b.png,center_1,ndbe,0,fold_0
center_1/ndbe/ff494a2644a94ad8a5948627a4118c1d.png,ff494a2644a94ad8a5948627a4118c1d.png,center_1,ndbe,0,fold_4
center_1/ndbe/630524cf8ec14b978c3aa56e3ab413d8.png,630524cf8ec14b978c3aa56e3ab413d8.png,center_1,ndbe,0,fold_4
center_1/ndbe/2cf7a9e56ae747b1b47852c017105e9a.png,2cf7a9e56ae747b1b47852c017105e9a.png,center_1,ndbe,0,fold_1
center_1/ndbe/9a7cfb2c3458424cb6976cb1cfa55da2.png,9a7cfb2c3458424cb6976cb1cfa55da2.png,center_1,ndbe,0,fold_1
center_1/ndbe/f8f0b8f9c88b4585a44a4c98cffc02ef.png,f8f0b8f9c88b4585a44a4c98cffc02ef.png,center_1,ndbe,0,fold_4
center_1/ndbe/ec3c830a684447639b8493e4de8775e1.png,ec3c830a684447639b8493e4de8775e1.png,center_1,ndbe,0,fold_2
center_1/ndbe/221b6764bb6748de8f58d525e6dc6c1a.png,221b6764bb6748de8f58d525e6dc6c1a.png,center_1,ndbe,0,fold_3
center_1/ndbe/fad06908846e400d9ca1119285135541.png,fad06908846e400d9ca1119285135541.png,center_1,ndbe,0,fold_3
center_1/ndbe/8edf43f6f683410299d6cba15dfc86b5.png,8edf43f6f683410299d6cba15dfc86b5.png,center_1,ndbe,0,fold_4
center_1/ndbe/d0bc47de9fc8453e8e490f4e6e9e8452.png,d0bc47de9fc8453e8e490f4e6e9e8452.png,center_1,ndbe,0,fold_0
center_1/ndbe/30f6c2b48b4348d49c15ce7f4f60820f.png,30f6c2b48b4348d49c15ce7f4f60820f.png,center_1,ndbe,0,fold_1
center_1/ndbe/7e5a61b419f4424288ec9f9957479d85.png,7e5a61b419f4424288ec9f9957479d85.png,center_1,ndbe,0,fold_3
center_1/ndbe/09100e84b3454cfda0085c4952d928c3.png,09100e84b3454cfda0085c4952d928c3.png,center_1,ndbe,0,fold_3
center_1/ndbe/38274f7cb11c4239a13c5fb15f01c212.png,38274f7cb11c4239a13c5fb15f01c212.png,center_1,ndbe,0,fold_0
center_1/ndbe/cd57658ab72242e59f99bd4cabaf4773.png,cd57658ab72242e59f99bd4cabaf4773.png,center_1,ndbe,0,fold_4
center_1/ndbe/a90cd731a1454baab39650a9918b71e9.png,a90cd731a1454baab39650a9918b71e9.png,center_1,ndbe,0,fold_1
center_1/ndbe/77a0fc9abc124480ab03cce40e142db0.png,77a0fc9abc124480ab03cce40e142db0.png,center_1,ndbe,0,fold_1
center_1/ndbe/f8f499bd8dff42c39718f4307baf956f.png,f8f499bd8dff42c39718f4307baf956f.png,center_1,ndbe,0,fold_0
center_1/ndbe/cf025d1339ab4b379fd99f560995ddfb.png,cf025d1339ab4b379fd99f560995ddfb.png,center_1,ndbe,0,fold_1
center_1/ndbe/18646034073c49308b78aee5a6cf1cef.png,18646034073c49308b78aee5a6cf1cef.png,center_1,ndbe,0,fold_3
center_1/ndbe/cf746df0f5454b09b70d0b399fe75d33.png,cf746df0f5454b09b70d0b399fe75d33.png,center_1,ndbe,0,fold_4
center_1/ndbe/1b0f38ded4004b4aa8d0171c38d55d19.png,1b0f38ded4004b4aa8d0171c38d55d19.png,center_1,ndbe,0,fold_0
center_1/ndbe/ad15ea7f4d4b4224abfcac28edff98a1.png,ad15ea7f4d4b4224abfcac28edff98a1.png,center_1,ndbe,0,fold_1
center_1/ndbe/27abe5e1a72342a28b5411472d85a5d1.png,27abe5e1a72342a28b5411472d85a5d1.png,center_1,ndbe,0,fold_0
center_1/ndbe/4c75c04788ed4006b01e00aac26ee16e.png,4c75c04788ed4006b01e00aac26ee16e.png,center_1,ndbe,0,fold_4
center_1/ndbe/8855f2ec46bc4788abedfbf6eaa5983f.png,8855f2ec46bc4788abedfbf6eaa5983f.png,center_1,ndbe,0,fold_4
center_1/ndbe/138a68fb914e4822ad63034148157ebb.png,138a68fb914e4822ad63034148157ebb.png,center_1,ndbe,0,fold_0
center_1/ndbe/a57aee73af1a4804990f4f6535a6d86b.png,a57aee73af1a4804990f4f6535a6d86b.png,center_1,ndbe,0,fold_1
center_1/ndbe/09e97dfabb82438bb19ff0a232bc88c5.png,09e97dfabb82438bb19ff0a232bc88c5.png,center_1,ndbe,0,fold_2
center_1/ndbe/197628d21e3c4e6296e706fa4bd51544.png,197628d21e3c4e6296e706fa4bd51544.png,center_1,ndbe,0,fold_2
center_1/ndbe/0d1f3e9cd3b84de1932891f9a71e2cc4.png,0d1f3e9cd3b84de1932891f9a71e2cc4.png,center_1,ndbe,0,fold_0
center_1/ndbe/40fa4288f02046e2a26dcbe0ac011ed2.png,40fa4288f02046e2a26dcbe0ac011ed2.png,center_1,ndbe,0,fold_0
center_1/ndbe/e5f9d2617c064bc886559fd90400eed3.png,e5f9d2617c064bc886559fd90400eed3.png,center_1,ndbe,0,fold_4
center_1/ndbe/bfcecc2886874d5cad5df90cc6770688.png,bfcecc2886874d5cad5df90cc6770688.png,center_1,ndbe,0,fold_0
center_1/ndbe/d8b1ae4d94014046b491a30ab787a4c6.png,d8b1ae4d94014046b491a30ab787a4c6.png,center_1,ndbe,0,fold_3
center_1/ndbe/c38faa03aeda4b2c9ff5eb50b93a0278.png,c38faa03aeda4b2c9ff5eb50b93a0278.png,center_1,ndbe,0,fold_0
center_1/ndbe/657e912a958a4633bb6ae0cf3191bf34.png,657e912a958a4633bb6ae0cf3191bf34.png,center_1,ndbe,0,fold_3
center_1/ndbe/7f3c0244d68444ca965d307159f63bbd.png,7f3c0244d68444ca965d307159f63bbd.png,center_1,ndbe,0,fold_4
center_1/ndbe/566bac6a02c9464f9ba1ed0f8b110086.png,566bac6a02c9464f9ba1ed0f8b110086.png,center_1,ndbe,0,fold_1
center_1/ndbe/8abcf98519384eab8d62abe8a5c1872f.png,8abcf98519384eab8d62abe8a5c1872f.png,center_1,ndbe,0,fold_2
center_1/ndbe/a36b379767e54ff981d82d15b8a9c5c3.png,a36b379767e54ff981d82d15b8a9c5c3.png,center_1,ndbe,0,fold_1
center_1/ndbe/4b0cddfa4ab24b539cbee2c911517595.png,4b0cddfa4ab24b539cbee2c911517595.png,center_1,ndbe,0,fold_4
center_1/ndbe/6d6f98dcb5d24d809ac1e950e70ff051.png,6d6f98dcb5d24d809ac1e950e70ff051.png,center_1,ndbe,0,fold_3
center_1/ndbe/d9f0dd35063a4b43b2dd1650c59d1b37.png,d9f0dd35063a4b43b2dd1650c59d1b37.png,center_1,ndbe,0,fold_1
center_1/ndbe/d0237c2b06174f9c9720718916f24bf9.png,d0237c2b06174f9c9720718916f24bf9.png,center_1,ndbe,0,fold_1
center_1/ndbe/6a4efabfdd08427ebe6252bc05fc7156.png,6a4efabfdd08427ebe6252bc05fc7156.png,center_1,ndbe,0,fold_3
center_1/ndbe/75494c74034749c29fd590f16741d422.png,75494c74034749c29fd590f16741d422.png,center_1,ndbe,0,fold_1
center_1/ndbe/76fe717f5ff24d7eaadda3b36a4989e2.png,76fe717f5ff24d7eaadda3b36a4989e2.png,center_1,ndbe,0,fold_4
center_1/ndbe/d853b67cb8444bd091e56a0e11a45821.png,d853b67cb8444bd091e56a0e11a45821.png,center_1,ndbe,0,fold_3
center_1/ndbe/55f5fd27744d464c948a840e739c56a2.png,55f5fd27744d464c948a840e739c56a2.png,center_1,ndbe,0,fold_1
center_1/ndbe/cb665e2b575b4c9ab645f6ae44189b63.png,cb665e2b575b4c9ab645f6ae44189b63.png,center_1,ndbe,0,fold_4
center_1/ndbe/117aad5d2dc940c9a4510409bf8e6855.png,117aad5d2dc940c9a4510409bf8e6855.png,center_1,ndbe,0,fold_4
center_1/ndbe/6e9732061a92414aac23160c453fe2e0.png,6e9732061a92414aac23160c453fe2e0.png,center_1,ndbe,0,fold_2
center_1/ndbe/6204dc4cff3a455e9a63aeaf8c2fdf40.png,6204dc4cff3a455e9a63aeaf8c2fdf40.png,center_1,ndbe,0,fold_1
center_1/ndbe/a35da99509694cb59b7a06a10353f6bc.png,a35da99509694cb59b7a06a10353f6bc.png,center_1,ndbe,0,fold_2
center_1/ndbe/b7c0ed627ef341548cab6f389f17b6b9.png,b7c0ed627ef341548cab6f389f17b6b9.png,center_1,ndbe,0,fold_4
center_1/ndbe/e6bec655e45d41719c9fdd3474953d25.png,e6bec655e45d41719c9fdd3474953d25.png,center_1,ndbe,0,fold_2
center_1/ndbe/efce581e92dc4e7f8bac751a59e77c3a.png,efce581e92dc4e7f8bac751a59e77c3a.png,center_1,ndbe,0,fold_3
center_1/ndbe/a4116ffa59b746458122c2eeddab8ed0.png,a4116ffa59b746458122c2eeddab8ed0.png,center_1,ndbe,0,fold_2
center_1/ndbe/9c26bf01bac74c83bc701d8164c560ab.png,9c26bf01bac74c83bc701d8164c560ab.png,center_1,ndbe,0,fold_3
center_1/ndbe/28cc9201af1b4ae7b5d23c52579c8dca.png,28cc9201af1b4ae7b5d23c52579c8dca.png,center_1,ndbe,0,fold_2
center_1/ndbe/a9c9810bb18349b7b40e6a49fdd570fb.png,a9c9810bb18349b7b40e6a49fdd570fb.png,center_1,ndbe,0,fold_2
center_1/ndbe/64e860917e404caaa84f2beea6397383.png,64e860917e404caaa84f2beea6397383.png,center_1,ndbe,0,fold_0
center_1/ndbe/3e3e89f444a246faa4a9b3513c48510f.png,3e3e89f444a246faa4a9b3513c48510f.png,center_1,ndbe,0,fold_4
center_1/ndbe/312eaab4fc4440f2bda164bde95084c8.png,312eaab4fc4440f2bda164bde95084c8.png,center_1,ndbe,0,fold_3
center_1/ndbe/ed3a4ad2cd4f47079d319ac3adadb76b.png,ed3a4ad2cd4f47079d319ac3adadb76b.png,center_1,ndbe,0,fold_3
center_1/ndbe/c4e0559eee1a44fe8d27f381f07a2b58.png,c4e0559eee1a44fe8d27f381f07a2b58.png,center_1,ndbe,0,fold_2
center_1/ndbe/ad0a24a8340141c19483d58fa1bf55f1.png,ad0a24a8340141c19483d58fa1bf55f1.png,center_1,ndbe,0,fold_1
center_1/ndbe/d1d6e156d88a402190cca1ff0bfb1d16.png,d1d6e156d88a402190cca1ff0bfb1d16.png,center_1,ndbe,0,fold_2
center_1/ndbe/72a8e91f29174490a53fa94731577779.png,72a8e91f29174490a53fa94731577779.png,center_1,ndbe,0,fold_4
center_1/ndbe/a430756cb28e4cf0993745f342262d97.png,a430756cb28e4cf0993745f342262d97.png,center_1,ndbe,0,fold_3
center_1/ndbe/66a2c312f876488a8eb359c69f9bea06.png,66a2c312f876488a8eb359c69f9bea06.png,center_1,ndbe,0,fold_2
center_1/ndbe/e1f5ed25e9c54963a17bc54f0520c6e8.png,e1f5ed25e9c54963a17bc54f0520c6e8.png,center_1,ndbe,0,fold_3
center_1/ndbe/be876835196c4cec93205f9bb2363cda.png,be876835196c4cec93205f9bb2363cda.png,center_1,ndbe,0,fold_2
center_1/ndbe/4879e7c2e2984ad0a14efa95bc92f16c.png,4879e7c2e2984ad0a14efa95bc92f16c.png,center_1,ndbe,0,fold_1
center_1/ndbe/f851d9e960c142d4aca66d449e3a813d.png,f851d9e960c142d4aca66d449e3a813d.png,center_1,ndbe,0,fold_2
center_1/ndbe/bcbc5fc46aaa46c8af70205fa0ef33a1.png,bcbc5fc46aaa46c8af70205fa0ef33a1.png,center_1,ndbe,0,fold_0
center_1/ndbe/76b832ded345474f824a15746c929018.png,76b832ded345474f824a15746c929018.png,center_1,ndbe,0,fold_1
center_1/ndbe/2528c9814141401faf65b6181f3b95a6.png,2528c9814141401faf65b6181f3b95a6.png,center_1,ndbe,0,fold_2
center_1/ndbe/5056d994428848ea8be9bb37d3f3f264.png,5056d994428848ea8be9bb37d3f3f264.png,center_1,ndbe,0,fold_3
center_1/ndbe/4a7148a162824f9cbdf45e4a6ad6d5e7.png,4a7148a162824f9cbdf45e4a6ad6d5e7.png,center_1,ndbe,0,fold_1
center_1/ndbe/3f03bdb8c8394be8bd1004cfcc6957d4.png,3f03bdb8c8394be8bd1004cfcc6957d4.png,center_1,ndbe,0,fold_2
center_1/ndbe/b3e8d06b00db4b569a660f2724fca553.png,b3e8d06b00db4b569a660f2724fca553.png,center_1,ndbe,0,fold_0
center_1/ndbe/386a6b6d6556478aac65efc8a88c8d41.png,386a6b6d6556478aac65efc8a88c8d41.png,center_1,ndbe,0,fold_0
center_1/ndbe/f17e27f0c9b54cccbab8ccea10c9b7e2.png,f17e27f0c9b54cccbab8ccea10c9b7e2.png,center_1,ndbe,0,fold_1
center_1/ndbe/0ddb769c4f4c4c7290fc3c38ecc823ff.png,0ddb769c4f4c4c7290fc3c38ecc823ff.png,center_1,ndbe,0,fold_3
center_1/ndbe/32e08411896f4fc5b587313a8d10c9a3.png,32e08411896f4fc5b587313a8d10c9a3.png,center_1,ndbe,0,fold_2
center_1/ndbe/77ee44c664f042abb5a7db7fdd189b76.png,77ee44c664f042abb5a7db7fdd189b76.png,center_1,ndbe,0,fold_0
center_1/ndbe/488269b839fb4534b72bc1a8e4d979d6.png,488269b839fb4534b72bc1a8e4d979d6.png,center_1,ndbe,0,fold_2
center_1/ndbe/7c5fd9e310cf4239a9d55c78a5d1e0a4.png,7c5fd9e310cf4239a9d55c78a5d1e0a4.png,center_1,ndbe,0,fold_2
center_1/ndbe/6792383a63004b1eaa5c50d50d8fb4e3.png,6792383a63004b1eaa5c50d50d8fb4e3.png,center_1,ndbe,0,fold_4
center_1/ndbe/5210b57f769b461298a90ebcbe90a7f1.png,5210b57f769b461298a90ebcbe90a7f1.png,center_1,ndbe,0,fold_2
center_1/ndbe/1569f05e6edf44709136cba69387f959.png,1569f05e6edf44709136cba69387f959.png,center_1,ndbe,0,fold_0
center_1/ndbe/9d7c286d37f54172a31c322742d36df3.png,9d7c286d37f54172a31c322742d36df3.png,center_1,ndbe,0,fold_2
center_1/ndbe/fbf9a6b368e14a4793b36e61724f3625.png,fbf9a6b368e14a4793b36e61724f3625.png,center_1,ndbe,0,fold_0
center_1/ndbe/e528aefdec064f10a9b4379655c47d48.png,e528aefdec064f10a9b4379655c47d48.png,center_1,ndbe,0,fold_1
center_1/ndbe/f3ab7912201945d89b5cc8d87347e953.png,f3ab7912201945d89b5cc8d87347e953.png,center_1,ndbe,0,fold_3
center_1/ndbe/088b80d09c444ff49205f8a61fa1b591.png,088b80d09c444ff49205f8a61fa1b591.png,center_1,ndbe,0,fold_0
center_1/ndbe/f5c9ba4053ce406aa3c5cfc85f160121.png,f5c9ba4053ce406aa3c5cfc85f160121.png,center_1,ndbe,0,fold_3
center_1/ndbe/fd3919e314a248bc8c0b5c1f770e63f7.png,fd3919e314a248bc8c0b5c1f770e63f7.png,center_1,ndbe,0,fold_0
center_1/ndbe/6023bab0090a4ae7a06429b0d5035ea1.png,6023bab0090a4ae7a06429b0d5035ea1.png,center_1,ndbe,0,fold_0
center_1/ndbe/6a017f205b7a4015a5c75696e9c04f73.png,6a017f205b7a4015a5c75696e9c04f73.png,center_1,ndbe,0,fold_4
center_1/ndbe/444bd603a0034d7da502b3d8bb5c28d5.png,444bd603a0034d7da502b3d8bb5c28d5.png,center_1,ndbe,0,fold_0
center_1/ndbe/ae3e7caa781f40c18886ff47f83a83a7.png,ae3e7caa781f40c18886ff47f83a83a7.png,center_1,ndbe,0,fold_0
center_1/ndbe/50c12380f9a9441ab62af7e9321d72d7.png,50c12380f9a9441ab62af7e9321d72d7.png,center_1,ndbe,0,fold_0
center_1/ndbe/6e412d85eec64fef879f7a3f6e4ffd0d.png,6e412d85eec64fef879f7a3f6e4ffd0d.png,center_1,ndbe,0,fold_2
center_1/ndbe/797ed589e2d84ba8bc2b070599fba66c.png,797ed589e2d84ba8bc2b070599fba66c.png,center_1,ndbe,0,fold_4
center_1/ndbe/86250a0493ff4ea89889f8cfe0129d8a.png,86250a0493ff4ea89889f8cfe0129d8a.png,center_1,ndbe,0,fold_1
center_1/ndbe/c12a5268e4a9400c833bf54581d65734.png,c12a5268e4a9400c833bf54581d65734.png,center_1,ndbe,0,fold_1
center_1/ndbe/3d560f411265495291b71418082ff712.png,3d560f411265495291b71418082ff712.png,center_1,ndbe,0,fold_1
center_1/ndbe/992a371c64c7436a9acc37e639808775.png,992a371c64c7436a9acc37e639808775.png,center_1,ndbe,0,fold_0
center_1/ndbe/aed40f9c727c495881a2c8cf312dea67.png,aed40f9c727c495881a2c8cf312dea67.png,center_1,ndbe,0,fold_0
center_1/ndbe/fcfa747ecc7a4a44924e9958db3e37da.png,fcfa747ecc7a4a44924e9958db3e37da.png,center_1,ndbe,0,fold_3
center_1/ndbe/c1e3a4afe3d0418a818a7a74bcb1e011.png,c1e3a4afe3d0418a818a7a74bcb1e011.png,center_1,ndbe,0,fold_0
center_1/ndbe/304e559b4bb644b496b2944e4070417e.png,304e559b4bb644b496b2944e4070417e.png,center_1,ndbe,0,fold_0
center_1/ndbe/afee6fcf6e3b499690e74525a2534872.png,afee6fcf6e3b499690e74525a2534872.png,center_1,ndbe,0,fold_2
center_1/ndbe/a5f6902ff30e49c4a7f4fb1732b6e1d4.png,a5f6902ff30e49c4a7f4fb1732b6e1d4.png,center_1,ndbe,0,fold_3
center_1/ndbe/bff2549f46b447daa3bc9ab65bb78b9b.png,bff2549f46b447daa3bc9ab65bb78b9b.png,center_1,ndbe,0,fold_0
center_1/ndbe/66f59d78e170444db51ef72882065d13.png,66f59d78e170444db51ef72882065d13.png,center_1,ndbe,0,fold_3
center_1/ndbe/431fdd5be0804bf8b2d9085485d3720d.png,431fdd5be0804bf8b2d9085485d3720d.png,center_1,ndbe,0,fold_1
center_1/ndbe/4ed443cfacd64d7f95ed008ed485bdc7.png,4ed443cfacd64d7f95ed008ed485bdc7.png,center_1,ndbe,0,fold_0
center_1/ndbe/889a36ea81fd467393fecf0566245484.png,889a36ea81fd467393fecf0566245484.png,center_1,ndbe,0,fold_4
center_1/ndbe/4e20f4d4d6934432873b5d9248c791d3.png,4e20f4d4d6934432873b5d9248c791d3.png,center_1,ndbe,0,fold_4
center_1/ndbe/a261bf2315ea45c49dcd1fc7efcee959.png,a261bf2315ea45c49dcd1fc7efcee959.png,center_1,ndbe,0,fold_4
center_1/ndbe/892b25817bb94a4a90faea9a26c15204.png,892b25817bb94a4a90faea9a26c15204.png,center_1,ndbe,0,fold_3
center_1/ndbe/feff220cc87e471795a275c7bd8dbdf8.png,feff220cc87e471795a275c7bd8dbdf8.png,center_1,ndbe,0,fold_2
center_1/ndbe/54c3261d5e734da6888bc5ba2dd1b7d5.png,54c3261d5e734da6888bc5ba2dd1b7d5.png,center_1,ndbe,0,fold_2
center_1/ndbe/7685d483bd364c4da23eaf36604daeee.png,7685d483bd364c4da23eaf36604daeee.png,center_1,ndbe,0,fold_4
center_1/ndbe/309914c56528439580c744793ba59e73.png,309914c56528439580c744793ba59e73.png,center_1,ndbe,0,fold_1
center_1/ndbe/3377397c7f75469ca1089ac11f860de4.png,3377397c7f75469ca1089ac11f860de4.png,center_1,ndbe,0,fold_1
center_1/ndbe/8a2f6707ac804be0bde955024d47c5f4.png,8a2f6707ac804be0bde955024d47c5f4.png,center_1,ndbe,0,fold_2
center_1/ndbe/3988db7013d440d488c1c6f8e503a15a.png,3988db7013d440d488c1c6f8e503a15a.png,center_1,ndbe,0,fold_0
center_1/ndbe/13410bc4b874494d9f4ba268b47c27ff.png,13410bc4b874494d9f4ba268b47c27ff.png,center_1,ndbe,0,fold_0
center_1/ndbe/a4112242eb9043ab88cb4d4149635a09.png,a4112242eb9043ab88cb4d4149635a09.png,center_1,ndbe,0,fold_3
center_1/ndbe/289c999c79774500b12f6ddc799712ff.png,289c999c79774500b12f6ddc799712ff.png,center_1,ndbe,0,fold_4
center_1/ndbe/ab4d651eb6fe4a5382707dd009984018.png,ab4d651eb6fe4a5382707dd009984018.png,center_1,ndbe,0,fold_0
center_1/ndbe/5d4027b8e09b48f1b8f3a8b7dbb05c0b.png,5d4027b8e09b48f1b8f3a8b7dbb05c0b.png,center_1,ndbe,0,fold_1
center_1/ndbe/76eed99f093d4bfc89be396dfc201c74.png,76eed99f093d4bfc89be396dfc201c74.png,center_1,ndbe,0,fold_4
center_1/ndbe/968e37adcf144ca0bb74c4dea3f938cc.png,968e37adcf144ca0bb74c4dea3f938cc.png,center_1,ndbe,0,fold_0
center_1/ndbe/148efc77b6c4422aafd65122e4529174.png,148efc77b6c4422aafd65122e4529174.png,center_1,ndbe,0,fold_4
center_1/ndbe/de1c124631e9413385122a7bc6c4afe5.png,de1c124631e9413385122a7bc6c4afe5.png,center_1,ndbe,0,fold_0
center_1/ndbe/d2195d21ca274439b36f46e1373ff144.png,d2195d21ca274439b36f46e1373ff144.png,center_1,ndbe,0,fold_1
center_1/ndbe/e2e87ed8624046c29c0ef7162dbbfced.png,e2e87ed8624046c29c0ef7162dbbfced.png,center_1,ndbe,0,fold_4
center_1/ndbe/201b2531dcba4954aa142065ff47a07c.png,201b2531dcba4954aa142065ff47a07c.png,center_1,ndbe,0,fold_2
center_1/ndbe/a7eb110dc5c2443cb3f68d0d16398470.png,a7eb110dc5c2443cb3f68d0d16398470.png,center_1,ndbe,0,fold_2
center_1/ndbe/16c01f3ce1f24ab4ac9262c4f3859c9f.png,16c01f3ce1f24ab4ac9262c4f3859c9f.png,center_1,ndbe,0,fold_0
center_1/ndbe/3730e910f1114866b333813869757a0b.png,3730e910f1114866b333813869757a0b.png,center_1,ndbe,0,fold_0
center_1/ndbe/f0993234f35c459ba5176d7fbe3d9117.png,f0993234f35c459ba5176d7fbe3d9117.png,center_1,ndbe,0,fold_1
center_1/ndbe/b0eecd6ce8b4412db1083f61b0abaf73.png,b0eecd6ce8b4412db1083f61b0abaf73.png,center_1,ndbe,0,fold_4
center_1/ndbe/871b6c3542cc4801b71e25b30a65687c.png,871b6c3542cc4801b71e25b30a65687c.png,center_1,ndbe,0,fold_2
center_1/ndbe/d68b18e402b04677bd0be0a1511efec6.png,d68b18e402b04677bd0be0a1511efec6.png,center_1,ndbe,0,fold_3
center_1/ndbe/535e571986a64d28b376a4eeefd771c1.png,535e571986a64d28b376a4eeefd771c1.png,center_1,ndbe,0,fold_4
center_1/ndbe/7207bfdd0e614e3eb9a985670434ded2.png,7207bfdd0e614e3eb9a985670434ded2.png,center_1,ndbe,0,fold_0
center_1/ndbe/df896dbfc3fd4d47a54b8a28f83e141a.png,df896dbfc3fd4d47a54b8a28f83e141a.png,center_1,ndbe,0,fold_1
center_1/ndbe/e8fe1e638fe94a27bdf33e0f101c5c1e.png,e8fe1e638fe94a27bdf33e0f101c5c1e.png,center_1,ndbe,0,fold_3
center_1/ndbe/1679e49550b04d13a393d309493cc4d1.png,1679e49550b04d13a393d309493cc4d1.png,center_1,ndbe,0,fold_0
center_1/ndbe/ef94d01e3f6a427db55a9f55a7954d0a.png,ef94d01e3f6a427db55a9f55a7954d0a.png,center_1,ndbe,0,fold_2
center_1/ndbe/362c7af4a89844308267f2829ebbffb6.png,362c7af4a89844308267f2829ebbffb6.png,center_1,ndbe,0,fold_3
center_1/ndbe/1f8330d0419d448a9d8545e9ec57f863.png,1f8330d0419d448a9d8545e9ec57f863.png,center_1,ndbe,0,fold_2
center_1/ndbe/2405603a8c214cd8b1c294f3e12c24c2.png,2405603a8c214cd8b1c294f3e12c24c2.png,center_1,ndbe,0,fold_4
center_1/ndbe/51a53c24632c4494a30c886557afcf51.png,51a53c24632c4494a30c886557afcf51.png,center_1,ndbe,0,fold_1
center_1/ndbe/500804fbf3df44fcad5ffa28ad508c15.png,500804fbf3df44fcad5ffa28ad508c15.png,center_1,ndbe,0,fold_0
center_1/ndbe/cb3b10fa291c4e1c8e7298c1b3ffea5f.png,cb3b10fa291c4e1c8e7298c1b3ffea5f.png,center_1,ndbe,0,fold_2
center_1/ndbe/3298c1aa37034242ac00e2184ef55a37.png,3298c1aa37034242ac00e2184ef55a37.png,center_1,ndbe,0,fold_3
center_1/ndbe/08cdeb0f10a54f54bbdea8ecf1561589.png,08cdeb0f10a54f54bbdea8ecf1561589.png,center_1,ndbe,0,fold_4
center_1/ndbe/17cd64c8948244ee8754b4eb73f5cc5c.png,17cd64c8948244ee8754b4eb73f5cc5c.png,center_1,ndbe,0,fold_4
center_1/ndbe/15b0b28fd52941a7ac90d4c08d037746.png,15b0b28fd52941a7ac90d4c08d037746.png,center_1,ndbe,0,fold_1
center_1/ndbe/f528eb39dc2c44beaace7e3744430c17.png,f528eb39dc2c44beaace7e3744430c17.png,center_1,ndbe,0,fold_1
center_1/ndbe/8eed458060d14114900e4f362bce36cc.png,8eed458060d14114900e4f362bce36cc.png,center_1,ndbe,0,fold_1
center_1/ndbe/294ff0e4832c442d927676f4cf0901d1.png,294ff0e4832c442d927676f4cf0901d1.png,center_1,ndbe,0,fold_2
center_1/ndbe/fcad38a952cc4ad696587f35d5b1b2dc.png,fcad38a952cc4ad696587f35d5b1b2dc.png,center_1,ndbe,0,fold_1
center_1/ndbe/f5526cf207e847c4bd3ed80990984998.png,f5526cf207e847c4bd3ed80990984998.png,center_1,ndbe,0,fold_4
center_1/ndbe/76d49fd26862489c907156ff45942451.png,76d49fd26862489c907156ff45942451.png,center_1,ndbe,0,fold_0
center_1/ndbe/b1063ed1137f4a4d806e6c296fdd4a29.png,b1063ed1137f4a4d806e6c296fdd4a29.png,center_1,ndbe,0,fold_2
center_1/ndbe/1ce202aa18ae4a459032e233b39d3ffe.png,1ce202aa18ae4a459032e233b39d3ffe.png,center_1,ndbe,0,fold_3
center_1/ndbe/83bf714d8b6641b9827bcd72ae49e5d4.png,83bf714d8b6641b9827bcd72ae49e5d4.png,center_1,ndbe,0,fold_2
center_1/ndbe/545d095971c14ca79a8fea29c04cffb9.png,545d095971c14ca79a8fea29c04cffb9.png,center_1,ndbe,0,fold_3
center_1/ndbe/102891aad8264400b9419939f701b3a0.png,102891aad8264400b9419939f701b3a0.png,center_1,ndbe,0,fold_4
center_1/ndbe/418653c5bc9044929cff604eb6812c0b.png,418653c5bc9044929cff604eb6812c0b.png,center_1,ndbe,0,fold_3
center_1/ndbe/20d39865e06c48eabfbb8070182af9ee.png,20d39865e06c48eabfbb8070182af9ee.png,center_1,ndbe,0,fold_3
center_1/ndbe/eccf1b8c8ed84795b4cb33606385c2e6.png,eccf1b8c8ed84795b4cb33606385c2e6.png,center_1,ndbe,0,fold_3
center_1/ndbe/428a17a60d124d46a44e510f7d5b6581.png,428a17a60d124d46a44e510f7d5b6581.png,center_1,ndbe,0,fold_1
center_1/ndbe/f9e532aaf1ff42b49238d1318aa2d042.png,f9e532aaf1ff42b49238d1318aa2d042.png,center_1,ndbe,0,fold_4
center_1/ndbe/1bd4b459c2b74e05ba5f9bc49a53f045.png,1bd4b459c2b74e05ba5f9bc49a53f045.png,center_1,ndbe,0,fold_3
center_1/ndbe/a3cbc1a079614c01bdb460bfd9d6f0a8.png,a3cbc1a079614c01bdb460bfd9d6f0a8.png,center_1,ndbe,0,fold_3
center_1/ndbe/070083da004e41f584792af2e45bf9dc.png,070083da004e41f584792af2e45bf9dc.png,center_1,ndbe,0,fold_3
center_1/ndbe/93875a3ca87b42f393da2fd3486b9c63.png,93875a3ca87b42f393da2fd3486b9c63.png,center_1,ndbe,0,fold_3
center_1/ndbe/d3188249dc50437abdca87aec0e7b59e.png,d3188249dc50437abdca87aec0e7b59e.png,center_1,ndbe,0,fold_2
center_1/ndbe/0abc81fb1e8e4d90b63400c462a597f9.png,0abc81fb1e8e4d90b63400c462a597f9.png,center_1,ndbe,0,fold_0
center_1/ndbe/376e4c134c3c43f6be48e161e9cd183c.png,376e4c134c3c43f6be48e161e9cd183c.png,center_1,ndbe,0,fold_2
center_1/ndbe/6e1654c4a8844535ba54019b85aa3571.png,6e1654c4a8844535ba54019b85aa3571.png,center_1,ndbe,0,fold_0
center_1/ndbe/2e55bb2d0e984029b54e467819fe16f0.png,2e55bb2d0e984029b54e467819fe16f0.png,center_1,ndbe,0,fold_2
center_1/ndbe/9262700d465c4261b45a12812234453f.png,9262700d465c4261b45a12812234453f.png,center_1,ndbe,0,fold_0
center_1/ndbe/404053c432e64caaaf7cabfbfad41c5b.png,404053c432e64caaaf7cabfbfad41c5b.png,center_1,ndbe,0,fold_4
center_1/ndbe/dab9ab7706ed4c2a9ad14e7eb0fc30c4.png,dab9ab7706ed4c2a9ad14e7eb0fc30c4.png,center_1,ndbe,0,fold_3
center_1/ndbe/8b0480d959424c3eb80cbb9455d0aa13.png,8b0480d959424c3eb80cbb9455d0aa13.png,center_1,ndbe,0,fold_2
center_1/ndbe/b97f9c7bc3ce48f4a693cba85b79bcd3.png,b97f9c7bc3ce48f4a693cba85b79bcd3.png,center_1,ndbe,0,fold_0
center_1/ndbe/af40b81c0fa54da980dec92d9171298f.png,af40b81c0fa54da980dec92d9171298f.png,center_1,ndbe,0,fold_2
center_1/ndbe/0e11a3a422c045f3a41fb9f460032529.png,0e11a3a422c045f3a41fb9f460032529.png,center_1,ndbe,0,fold_1
center_1/ndbe/a998775e78f0475f9d5d7e07583e2836.png,a998775e78f0475f9d5d7e07583e2836.png,center_1,ndbe,0,fold_4
center_1/ndbe/9e32157ba45040b28375b3a5bd29bdae.png,9e32157ba45040b28375b3a5bd29bdae.png,center_1,ndbe,0,fold_3
center_1/ndbe/dfa9faa368684998bb41945aabc11a87.png,dfa9faa368684998bb41945aabc11a87.png,center_1,ndbe,0,fold_2
center_1/ndbe/d35459ae34b44fb2bb834f220d7b6645.png,d35459ae34b44fb2bb834f220d7b6645.png,center_1,ndbe,0,fold_4
center_1/ndbe/8c4fdae395f94db1a0c8c95ffc7eb1dc.png,8c4fdae395f94db1a0c8c95ffc7eb1dc.png,center_1,ndbe,0,fold_4
center_1/ndbe/bdad9f1e699e4d0795f117f30cc09929.png,bdad9f1e699e4d0795f117f30cc09929.png,center_1,ndbe,0,fold_3
center_1/ndbe/f745c4ab54f94ce9b0903ad437286214.png,f745c4ab54f94ce9b0903ad437286214.png,center_1,ndbe,0,fold_3
center_1/ndbe/5609295883764ef1ba7c354f9c6d22ab.png,5609295883764ef1ba7c354f9c6d22ab.png,center_1,ndbe,0,fold_4
center_1/ndbe/5f8b152c28544ebda88a0d641fa5af28.png,5f8b152c28544ebda88a0d641fa5af28.png,center_1,ndbe,0,fold_1
center_1/ndbe/af193b2896e542abb727eba4b15a453d.png,af193b2896e542abb727eba4b15a453d.png,center_1,ndbe,0,fold_1
center_1/ndbe/7c4b1290e95a404982e9e6ee3e454558.png,7c4b1290e95a404982e9e6ee3e454558.png,center_1,ndbe,0,fold_1
center_1/ndbe/3fe38a285cfd4d598e9140e025bbccbd.png,3fe38a285cfd4d598e9140e025bbccbd.png,center_1,ndbe,0,fold_0
center_1/ndbe/456c73f1fed74ae48ddab2ebb2be8c04.png,456c73f1fed74ae48ddab2ebb2be8c04.png,center_1,ndbe,0,fold_1
center_1/ndbe/0e4d8fb8fbc14e458fde299a520bc631.png,0e4d8fb8fbc14e458fde299a520bc631.png,center_1,ndbe,0,fold_3
center_1/ndbe/4d62a5da1f89457898cd5c82bebdba77.png,4d62a5da1f89457898cd5c82bebdba77.png,center_1,ndbe,0,fold_4
center_1/ndbe/947d043825e441c8acfa8e31a06733bf.png,947d043825e441c8acfa8e31a06733bf.png,center_1,ndbe,0,fold_2
center_1/ndbe/2339effd238b4df5a719e3c1681ebb60.png,2339effd238b4df5a719e3c1681ebb60.png,center_1,ndbe,0,fold_1
center_1/ndbe/ecd8399fa40e4fcfa139347ae153c247.png,ecd8399fa40e4fcfa139347ae153c247.png,center_1,ndbe,0,fold_3
center_1/ndbe/c92375aec59647df9df5a18096b34eb1.png,c92375aec59647df9df5a18096b34eb1.png,center_1,ndbe,0,fold_1
center_1/ndbe/a11a5ae483a34295a726130511417f46.png,a11a5ae483a34295a726130511417f46.png,center_1,ndbe,0,fold_2
center_1/ndbe/f871f874a4264d608e87162ed7aacd3a.png,f871f874a4264d608e87162ed7aacd3a.png,center_1,ndbe,0,fold_2
center_1/ndbe/08e5daa6bd104aaa9d7fb8f726bfb76a.png,08e5daa6bd104aaa9d7fb8f726bfb76a.png,center_1,ndbe,0,fold_2
center_1/ndbe/3bda73e658154fe99cde0d0bc273ba7d.png,3bda73e658154fe99cde0d0bc273ba7d.png,center_1,ndbe,0,fold_4
center_1/ndbe/06a9d445bb974340ad9493ef45886de1.png,06a9d445bb974340ad9493ef45886de1.png,center_1,ndbe,0,fold_3
center_1/ndbe/50e3dc6717594c5fa35b67b52e766622.png,50e3dc6717594c5fa35b67b52e766622.png,center_1,ndbe,0,fold_3
center_1/ndbe/875c77898b5143baba8056ff79da1274.png,875c77898b5143baba8056ff79da1274.png,center_1,ndbe,0,fold_2
center_1/ndbe/af3253468dd8455fae5849564cf5a104.png,af3253468dd8455fae5849564cf5a104.png,center_1,ndbe,0,fold_4
center_1/ndbe/119d4432967649fe921009fbbd71b8f1.png,119d4432967649fe921009fbbd71b8f1.png,center_1,ndbe,0,fold_4
center_1/ndbe/77810735bdfd4a34984744e2dba8f78e.png,77810735bdfd4a34984744e2dba8f78e.png,center_1,ndbe,0,fold_0
center_1/ndbe/6671ecb7b00844f5971099764d199531.png,6671ecb7b00844f5971099764d199531.png,center_1,ndbe,0,fold_2
center_1/ndbe/fb9cb8325bc1420d9a98a275ca7bf621.png,fb9cb8325bc1420d9a98a275ca7bf621.png,center_1,ndbe,0,fold_0
center_1/ndbe/d0336866d35e4b24aab3c03b19b817d9.png,d0336866d35e4b24aab3c03b19b817d9.png,center_1,ndbe,0,fold_3
center_1/ndbe/0a261bbd81d849e5b0253102e8823e94.png,0a261bbd81d849e5b0253102e8823e94.png,center_1,ndbe,0,fold_2
center_1/ndbe/bfa5723053e746af8a9577feef47be04.png,bfa5723053e746af8a9577feef47be04.png,center_1,ndbe,0,fold_2
center_1/ndbe/7a4705a8ae964b32a42973e68c1ae00e.png,7a4705a8ae964b32a42973e68c1ae00e.png,center_1,ndbe,0,fold_2
center_1/ndbe/373664e737ab4baa88cdc0901f0ee29f.png,373664e737ab4baa88cdc0901f0ee29f.png,center_1,ndbe,0,fold_4
center_1/ndbe/b1b75c02c96c4d8aafd7762762770b1b.png,b1b75c02c96c4d8aafd7762762770b1b.png,center_1,ndbe,0,fold_0
center_1/ndbe/9fe29722db2240a48df75b41627ea9a7.png,9fe29722db2240a48df75b41627ea9a7.png,center_1,ndbe,0,fold_0
center_1/ndbe/0fc9f05d97764ec2a023c46cbafb8820.png,0fc9f05d97764ec2a023c46cbafb8820.png,center_1,ndbe,0,fold_1
center_1/ndbe/2a6a125b74e94e1bb31b9a0bf7805e92.png,2a6a125b74e94e1bb31b9a0bf7805e92.png,center_1,ndbe,0,fold_1
center_1/ndbe/ce55eb59b513422da4f4a81a0b669140.png,ce55eb59b513422da4f4a81a0b669140.png,center_1,ndbe,0,fold_4
center_1/ndbe/1f805380120e422ea12c419492ad983b.png,1f805380120e422ea12c419492ad983b.png,center_1,ndbe,0,fold_2
center_1/ndbe/3e0d9dc0b722456aa1038ba1493fe447.png,3e0d9dc0b722456aa1038ba1493fe447.png,center_1,ndbe,0,fold_3
center_1/ndbe/ddb0786c71f241f5bc591834a4a4da17.png,ddb0786c71f241f5bc591834a4a4da17.png,center_1,ndbe,0,fold_4
center_1/ndbe/6f60a60e89114927beddb389b171c900.png,6f60a60e89114927beddb389b171c900.png,center_1,ndbe,0,fold_2
center_1/ndbe/5d4f5089cbf44b91ad348a759aa8ea44.png,5d4f5089cbf44b91ad348a759aa8ea44.png,center_1,ndbe,0,fold_2
center_1/ndbe/14c6f4fa5df7475896f966ca172c20a9.png,14c6f4fa5df7475896f966ca172c20a9.png,center_1,ndbe,0,fold_2
center_1/ndbe/fc4d08c767214a2592150faa2718e3b1.png,fc4d08c767214a2592150faa2718e3b1.png,center_1,ndbe,0,fold_0
center_1/ndbe/6a3a714280c54556b5fc4730ce0dc66c.png,6a3a714280c54556b5fc4730ce0dc66c.png,center_1,ndbe,0,fold_2
center_1/ndbe/6b7b1262dfd44523b2d0eb6abac5cbba.png,6b7b1262dfd44523b2d0eb6abac5cbba.png,center_1,ndbe,0,fold_2
center_1/ndbe/8b7fd1a3308f4c518520e2db55df2556.png,8b7fd1a3308f4c518520e2db55df2556.png,center_1,ndbe,0,fold_4
center_1/ndbe/ced0d8a7d5724c9fa62bb935091408f1.png,ced0d8a7d5724c9fa62bb935091408f1.png,center_1,ndbe,0,fold_0
center_1/ndbe/6b57939e7f06409a99512ef9ff309d8f.png,6b57939e7f06409a99512ef9ff309d8f.png,center_1,ndbe,0,fold_1
center_1/ndbe/63594f20d0e54b54b244b2d19666523d.png,63594f20d0e54b54b244b2d19666523d.png,center_1,ndbe,0,fold_1
center_1/ndbe/60ead8ec9e28496685ae3860bfa9910d.png,60ead8ec9e28496685ae3860bfa9910d.png,center_1,ndbe,0,fold_1
center_1/ndbe/ed2c8927929b45d3a9bbe773725a839a.png,ed2c8927929b45d3a9bbe773725a839a.png,center_1,ndbe,0,fold_2
center_1/ndbe/9ba41aeb386145a9a20e106e4b06692f.png,9ba41aeb386145a9a20e106e4b06692f.png,center_1,ndbe,0,fold_4
center_1/ndbe/b2e91b8ebd554b93b39e5a687a8774c1.png,b2e91b8ebd554b93b39e5a687a8774c1.png,center_1,ndbe,0,fold_2
center_1/ndbe/0957b8b2fefd40e28b57f19716409be5.png,0957b8b2fefd40e28b57f19716409be5.png,center_1,ndbe,0,fold_1
center_1/ndbe/527bdbe2543347a994ef7cbe82a7b8e8.png,527bdbe2543347a994ef7cbe82a7b8e8.png,center_1,ndbe,0,fold_1
center_1/ndbe/644d8f3ae3dd4f6990e4f9e04f962550.png,644d8f3ae3dd4f6990e4f9e04f962550.png,center_1,ndbe,0,fold_3
center_1/ndbe/bcb0db605e794eb8a2f84247aa40669f.png,bcb0db605e794eb8a2f84247aa40669f.png,center_1,ndbe,0,fold_1
center_1/ndbe/7433710cd2dc480c9d20f3f96c05df61.png,7433710cd2dc480c9d20f3f96c05df61.png,center_1,ndbe,0,fold_2
center_1/ndbe/61b09bfca0da498cafeeacf376e4a706.png,61b09bfca0da498cafeeacf376e4a706.png,center_1,ndbe,0,fold_3
center_1/ndbe/488d16cc472646d58dc312ad7f27f77b.png,488d16cc472646d58dc312ad7f27f77b.png,center_1,ndbe,0,fold_3
center_1/ndbe/c93d86c17f854777b5957ae789a4f55a.png,c93d86c17f854777b5957ae789a4f55a.png,center_1,ndbe,0,fold_3
center_1/ndbe/bc6dec772f444e9ea43419e09bc640fe.png,bc6dec772f444e9ea43419e09bc640fe.png,center_1,ndbe,0,fold_4
center_1/ndbe/8ac1489dec224c0a94f8e26df8a19624.png,8ac1489dec224c0a94f8e26df8a19624.png,center_1,ndbe,0,fold_1
center_1/ndbe/5380ed026ff540b2949a8cdb32a1191b.png,5380ed026ff540b2949a8cdb32a1191b.png,center_1,ndbe,0,fold_3
center_1/ndbe/f453fde373e64c5a8d56c27e6b377a8f.png,f453fde373e64c5a8d56c27e6b377a8f.png,center_1,ndbe,0,fold_1
center_1/ndbe/ae5ffcd179994eb3a74379c8c31bca21.png,ae5ffcd179994eb3a74379c8c31bca21.png,center_1,ndbe,0,fold_0
center_1/ndbe/80abe7537c1c47fca3b82d1b1a9507c3.png,80abe7537c1c47fca3b82d1b1a9507c3.png,center_1,ndbe,0,fold_1
center_1/ndbe/5dd962c1b7d04abb94954b48da6f7bda.png,5dd962c1b7d04abb94954b48da6f7bda.png,center_1,ndbe,0,fold_2
center_1/ndbe/d192a6d60e374ec39a72243c81ddee67.png,d192a6d60e374ec39a72243c81ddee67.png,center_1,ndbe,0,fold_0
center_1/ndbe/dfa8f7762fe74089861cb268510f2dd4.png,dfa8f7762fe74089861cb268510f2dd4.png,center_1,ndbe,0,fold_2
center_1/ndbe/e986856f5ca14ef4a595056106c6154d.png,e986856f5ca14ef4a595056106c6154d.png,center_1,ndbe,0,fold_4
center_1/ndbe/002a53d53d85477486d121f792f38dd2.png,002a53d53d85477486d121f792f38dd2.png,center_1,ndbe,0,fold_2
center_1/ndbe/5273829efa034b2592c08a2a17e2b7cd.png,5273829efa034b2592c08a2a17e2b7cd.png,center_1,ndbe,0,fold_1
center_1/ndbe/06d76635455f413eb95ed13a5dccb569.png,06d76635455f413eb95ed13a5dccb569.png,center_1,ndbe,0,fold_1
center_1/ndbe/8ffe5544b5174de98ad072f1d45e9cea.png,8ffe5544b5174de98ad072f1d45e9cea.png,center_1,ndbe,0,fold_2
center_1/ndbe/6ddb5a15474641e083a40976bd95ef1e.png,6ddb5a15474641e083a40976bd95ef1e.png,center_1,ndbe,0,fold_0
center_1/ndbe/dcf00cd03a0b470a8945b41a488004be.png,dcf00cd03a0b470a8945b41a488004be.png,center_1,ndbe,0,fold_4
center_1/ndbe/b90debd568924dfda80087a66c5aee5c.png,b90debd568924dfda80087a66c5aee5c.png,center_1,ndbe,0,fold_4
center_1/ndbe/1657d7f92b154c319c973b939344b8f7.png,1657d7f92b154c319c973b939344b8f7.png,center_1,ndbe,0,fold_4
center_1/ndbe/e262d7f06d8749338798d74e1d42f227.png,e262d7f06d8749338798d74e1d42f227.png,center_1,ndbe,0,fold_2
center_1/ndbe/1db8def51ea34f9c856505cecba74d03.png,1db8def51ea34f9c856505cecba74d03.png,center_1,ndbe,0,fold_3
center_1/ndbe/31adf56494554290b2e6136d0a6b41f2.png,31adf56494554290b2e6136d0a6b41f2.png,center_1,ndbe,0,fold_3
center_1/ndbe/7fcb6baf12f94d47a1315be6213b0246.png,7fcb6baf12f94d47a1315be6213b0246.png,center_1,ndbe,0,fold_0
center_1/ndbe/5b62ce2fb7ac4850b3d2eda2c65fde62.png,5b62ce2fb7ac4850b3d2eda2c65fde62.png,center_1,ndbe,0,fold_3
center_1/ndbe/aae62bd1c30044bfad4ab5b1838c28e0.png,aae62bd1c30044bfad4ab5b1838c28e0.png,center_1,ndbe,0,fold_3
center_1/ndbe/ab273b19610c4190b78305f3745857b4.png,ab273b19610c4190b78305f3745857b4.png,center_1,ndbe,0,fold_4
center_1/ndbe/c81eb4e57e7d4383ae668c78eb059a19.png,c81eb4e57e7d4383ae668c78eb059a19.png,center_1,ndbe,0,fold_2
center_1/ndbe/44705d057ad944b09d22958de32211bb.png,44705d057ad944b09d22958de32211bb.png,center_1,ndbe,0,fold_4
center_1/ndbe/8027c92b5f4b41e2847a0038526b2833.png,8027c92b5f4b41e2847a0038526b2833.png,center_1,ndbe,0,fold_2
center_1/ndbe/e7366f1167be4ee1b33e64a169efb366.png,e7366f1167be4ee1b33e64a169efb366.png,center_1,ndbe,0,fold_3
center_1/ndbe/76082f9fd50a4338b3127ad93d3bf40e.png,76082f9fd50a4338b3127ad93d3bf40e.png,center_1,ndbe,0,fold_1
center_1/ndbe/47fd55f9fda24c1bbe1f3c6c7ba6ec1e.png,47fd55f9fda24c1bbe1f3c6c7ba6ec1e.png,center_1,ndbe,0,fold_2
center_1/ndbe/fb6941ec9a1446668873ff226c1bf368.png,fb6941ec9a1446668873ff226c1bf368.png,center_1,ndbe,0,fold_3
center_1/ndbe/4084bfd0c88d44a5b10d5e3be6ab5263.png,4084bfd0c88d44a5b10d5e3be6ab5263.png,center_1,ndbe,0,fold_3
center_1/ndbe/4364ce4943784c1bbef94b6199968670.png,4364ce4943784c1bbef94b6199968670.png,center_1,ndbe,0,fold_2
center_1/ndbe/e92149b7a32a47caa7e226ee37a07c39.png,e92149b7a32a47caa7e226ee37a07c39.png,center_1,ndbe,0,fold_2
center_1/ndbe/a7730cfab70e469ab220061a849526cf.png,a7730cfab70e469ab220061a849526cf.png,center_1,ndbe,0,fold_1
center_1/ndbe/11894a02c017404ebd627b908f201482.png,11894a02c017404ebd627b908f201482.png,center_1,ndbe,0,fold_3
center_1/ndbe/3d51835fb36a45ea83d1b62a8f7e7e12.png,3d51835fb36a45ea83d1b62a8f7e7e12.png,center_1,ndbe,0,fold_0
center_1/ndbe/99b0bcd6db7f4adfa74c046bdb04f144.png,99b0bcd6db7f4adfa74c046bdb04f144.png,center_1,ndbe,0,fold_1
center_1/ndbe/8e9f5519b82c489fa2e59a69651cea82.png,8e9f5519b82c489fa2e59a69651cea82.png,center_1,ndbe,0,fold_4
center_1/ndbe/3c20e0bf149e4dd69581f6b023624859.png,3c20e0bf149e4dd69581f6b023624859.png,center_1,ndbe,0,fold_0
center_1/ndbe/c434be8a346e4874bb141f5925fc622e.png,c434be8a346e4874bb141f5925fc622e.png,center_1,ndbe,0,fold_3
center_1/ndbe/e5ed97f4e0a24fdb9d39f3952ea37260.png,e5ed97f4e0a24fdb9d39f3952ea37260.png,center_1,ndbe,0,fold_0
center_1/ndbe/2436faf8e9a94804a1aaaf09471b440a.png,2436faf8e9a94804a1aaaf09471b440a.png,center_1,ndbe,0,fold_1
center_1/ndbe/61872dcae818469da1243dcd33da1ef4.png,61872dcae818469da1243dcd33da1ef4.png,center_1,ndbe,0,fold_1
center_1/ndbe/b3ded9b05ed143ef967967c5bcfec8a7.png,b3ded9b05ed143ef967967c5bcfec8a7.png,center_1,ndbe,0,fold_3
center_1/ndbe/5d14acf6dce64467b8ce1fece158a920.png,5d14acf6dce64467b8ce1fece158a920.png,center_1,ndbe,0,fold_0
center_1/ndbe/ded345ddfee54f0a885c5486ca43a801.png,ded345ddfee54f0a885c5486ca43a801.png,center_1,ndbe,0,fold_3
center_1/ndbe/deece5bb4834499994529c0175858109.png,deece5bb4834499994529c0175858109.png,center_1,ndbe,0,fold_1
center_1/ndbe/4f159ad0142143f1829c704b1b0f6058.png,4f159ad0142143f1829c704b1b0f6058.png,center_1,ndbe,0,fold_1
center_1/ndbe/880da84dbefc4a229f8f61e239b3b189.png,880da84dbefc4a229f8f61e239b3b189.png,center_1,ndbe,0,fold_3
center_1/ndbe/861c921451ea4f048d7a5cd85f05baaa.png,861c921451ea4f048d7a5cd85f05baaa.png,center_1,ndbe,0,fold_4
center_1/ndbe/3409e3fdd4de40c0a5d9b211a76c1d69.png,3409e3fdd4de40c0a5d9b211a76c1d69.png,center_1,ndbe,0,fold_4
center_1/ndbe/8f26d1c91fa5469e953b49909d2b3267.png,8f26d1c91fa5469e953b49909d2b3267.png,center_1,ndbe,0,fold_0
center_1/ndbe/3ca922a7fbb3425ea127a0f9c0200156.png,3ca922a7fbb3425ea127a0f9c0200156.png,center_1,ndbe,0,fold_1
center_1/ndbe/7cbb227125d84bf88d7358fb7759ad80.png,7cbb227125d84bf88d7358fb7759ad80.png,center_1,ndbe,0,fold_4
center_1/ndbe/0dd5b78312d14dd9b5b900cb2b4cc2d5.png,0dd5b78312d14dd9b5b900cb2b4cc2d5.png,center_1,ndbe,0,fold_2
center_1/ndbe/04d8e83a5b3440afbd402db1e0ce57c8.png,04d8e83a5b3440afbd402db1e0ce57c8.png,center_1,ndbe,0,fold_1
center_1/ndbe/2b8406f5a65f49ffa5358f7ba0b85915.png,2b8406f5a65f49ffa5358f7ba0b85915.png,center_1,ndbe,0,fold_4
center_1/ndbe/45d56827657d4e5997aa4b0658fc0eb0.png,45d56827657d4e5997aa4b0658fc0eb0.png,center_1,ndbe,0,fold_0
center_1/ndbe/cb71449428e74db8aaa0ee881d57970b.png,cb71449428e74db8aaa0ee881d57970b.png,center_1,ndbe,0,fold_4
center_1/ndbe/e3e6885d30f34d9594ed76cfced45a03.png,e3e6885d30f34d9594ed76cfced45a03.png,center_1,ndbe,0,fold_1
center_1/ndbe/8c28afdb9a8f466994e9c4cfec8e2fe5.png,8c28afdb9a8f466994e9c4cfec8e2fe5.png,center_1,ndbe,0,fold_2
center_1/ndbe/7181561d3a7144fca02c98f9c9ca229d.png,7181561d3a7144fca02c98f9c9ca229d.png,center_1,ndbe,0,fold_3
center_1/ndbe/d83d7d501f8a4ba48466d8d0764b3f77.png,d83d7d501f8a4ba48466d8d0764b3f77.png,center_1,ndbe,0,fold_3
center_1/ndbe/b437b84bc03f480a926e196852a502fb.png,b437b84bc03f480a926e196852a502fb.png,center_1,ndbe,0,fold_4
center_1/ndbe/f686bab242e44fe68e430685ceb89abb.png,f686bab242e44fe68e430685ceb89abb.png,center_1,ndbe,0,fold_2
center_1/ndbe/4f01c318bf50421f906c7609f887d6e1.png,4f01c318bf50421f906c7609f887d6e1.png,center_1,ndbe,0,fold_1
center_1/ndbe/734fa73877a5479f88ddd846452cb980.png,734fa73877a5479f88ddd846452cb980.png,center_1,ndbe,0,fold_3
center_1/ndbe/e71ebba32d2a4752befa7224ef169964.png,e71ebba32d2a4752befa7224ef169964.png,center_1,ndbe,0,fold_4
center_1/ndbe/ae3f5df1e1ee464abf962623b509d182.png,ae3f5df1e1ee464abf962623b509d182.png,center_1,ndbe,0,fold_2
center_1/ndbe/c8c1198c4d5b4caea04726d55fa58261.png,c8c1198c4d5b4caea04726d55fa58261.png,center_1,ndbe,0,fold_2
center_1/ndbe/2584013634494ee8879b9f50536ff3ce.png,2584013634494ee8879b9f50536ff3ce.png,center_1,ndbe,0,fold_3
center_1/ndbe/156846e696cf46a681032890ab29310c.png,156846e696cf46a681032890ab29310c.png,center_1,ndbe,0,fold_0
center_1/ndbe/cf2ad66f506442b3a508a3f6a1c21fe4.png,cf2ad66f506442b3a508a3f6a1c21fe4.png,center_1,ndbe,0,fold_3
center_1/ndbe/9c5572dd18c2479fb83f446825de8ca0.png,9c5572dd18c2479fb83f446825de8ca0.png,center_1,ndbe,0,fold_1
center_1/ndbe/95c2a00f5d5b480eb60ff73716ad16d4.png,95c2a00f5d5b480eb60ff73716ad16d4.png,center_1,ndbe,0,fold_2
center_1/ndbe/e951ac918aa7445bb3f1b809bf311435.png,e951ac918aa7445bb3f1b809bf311435.png,center_1,ndbe,0,fold_1
center_1/ndbe/8848f42050e542c3a32286dcb6d956db.png,8848f42050e542c3a32286dcb6d956db.png,center_1,ndbe,0,fold_1
center_1/ndbe/5ccd53b9d9614f8488019797091666c9.png,5ccd53b9d9614f8488019797091666c9.png,center_1,ndbe,0,fold_2
center_1/ndbe/b1496d3882794bc3a69f69e89bbdd59f.png,b1496d3882794bc3a69f69e89bbdd59f.png,center_1,ndbe,0,fold_3
center_1/ndbe/f90da657706e4ccf9623b69b559cc5ed.png,f90da657706e4ccf9623b69b559cc5ed.png,center_1,ndbe,0,fold_2
center_1/ndbe/75e5406ed1794cf2853ac8f3b20ea25f.png,75e5406ed1794cf2853ac8f3b20ea25f.png,center_1,ndbe,0,fold_2
center_1/ndbe/f060b5404d424b718248ae8a07148d54.png,f060b5404d424b718248ae8a07148d54.png,center_1,ndbe,0,fold_1
center_1/ndbe/804751eab18c4f179496f0451be5e251.png,804751eab18c4f179496f0451be5e251.png,center_1,ndbe,0,fold_0
center_1/ndbe/2cd8aeba37c640d2868faad0a57687cb.png,2cd8aeba37c640d2868faad0a57687cb.png,center_1,ndbe,0,fold_4
center_1/ndbe/a7054c27218d4691be2de7a472c806fe.png,a7054c27218d4691be2de7a472c806fe.png,center_1,ndbe,0,fold_3
center_1/ndbe/77ee3e62a23744d492905be663eee24a.png,77ee3e62a23744d492905be663eee24a.png,center_1,ndbe,0,fold_2
center_1/ndbe/31c6ca2725e344c182e253ac2d7cd961.png,31c6ca2725e344c182e253ac2d7cd961.png,center_1,ndbe,0,fold_2
center_1/ndbe/71804cf915874f098599ce7e67b8a809.png,71804cf915874f098599ce7e67b8a809.png,center_1,ndbe,0,fold_0
center_1/ndbe/474044bb56fe42e888980d42b527a7e0.png,474044bb56fe42e888980d42b527a7e0.png,center_1,ndbe,0,fold_4
center_1/ndbe/f59e4e54ad864b38808fd5639c6e7d32.png,f59e4e54ad864b38808fd5639c6e7d32.png,center_1,ndbe,0,fold_4
center_1/ndbe/e500247e8fa047ed974d3105896f9663.png,e500247e8fa047ed974d3105896f9663.png,center_1,ndbe,0,fold_0
center_1/ndbe/ac18fcbeb621496fb949ce0853dc97f2.png,ac18fcbeb621496fb949ce0853dc97f2.png,center_1,ndbe,0,fold_4
center_1/ndbe/47fb52c140af4de0b6413d51f8bff47d.png,47fb52c140af4de0b6413d51f8bff47d.png,center_1,ndbe,0,fold_1
center_1/ndbe/bc9c70a408ac42ee9c86f7be7a3d5f15.png,bc9c70a408ac42ee9c86f7be7a3d5f15.png,center_1,ndbe,0,fold_1
center_1/ndbe/357c929b5ea445dab454a16db6312fc5.png,357c929b5ea445dab454a16db6312fc5.png,center_1,ndbe,0,fold_0
center_1/ndbe/5429cecd3a034bdcadb03141292d578c.png,5429cecd3a034bdcadb03141292d578c.png,center_1,ndbe,0,fold_0
center_1/ndbe/45a303ac1e2a427db9b775c82f71399c.png,45a303ac1e2a427db9b775c82f71399c.png,center_1,ndbe,0,fold_2
center_1/ndbe/fc569da9f31f4d6f8d80ea583b9eebef.png,fc569da9f31f4d6f8d80ea583b9eebef.png,center_1,ndbe,0,fold_2
center_1/ndbe/947701d4ce0e4c12b1a006c87fa60b75.png,947701d4ce0e4c12b1a006c87fa60b75.png,center_1,ndbe,0,fold_3
center_1/ndbe/b0bf2ca9d176434392283b48927b01a2.png,b0bf2ca9d176434392283b48927b01a2.png,center_1,ndbe,0,fold_2
center_1/ndbe/810f85a720c64062add02651eb9aceb1.png,810f85a720c64062add02651eb9aceb1.png,center_1,ndbe,0,fold_1
center_1/ndbe/d118c3dc12a847ddb84a9eab12bdb595.png,d118c3dc12a847ddb84a9eab12bdb595.png,center_1,ndbe,0,fold_0
center_1/ndbe/65226ad6c88b4b6f8a365c992f7cc811.png,65226ad6c88b4b6f8a365c992f7cc811.png,center_1,ndbe,0,fold_0
center_1/ndbe/4a34bcfd45e04301b9e21ee1b71c26d8.png,4a34bcfd45e04301b9e21ee1b71c26d8.png,center_1,ndbe,0,fold_3
center_1/ndbe/4b002f72005c42d4a401cc5816545b0d.png,4b002f72005c42d4a401cc5816545b0d.png,center_1,ndbe,0,fold_1
center_1/ndbe/e0e97a9668af49dca806d052b8f22596.png,e0e97a9668af49dca806d052b8f22596.png,center_1,ndbe,0,fold_3
center_1/ndbe/4ed0eb3fd12644eeac1b58c7f0bad0fd.png,4ed0eb3fd12644eeac1b58c7f0bad0fd.png,center_1,ndbe,0,fold_1
center_1/ndbe/e32faf1a372144d1b64dde0def007e72.png,e32faf1a372144d1b64dde0def007e72.png,center_1,ndbe,0,fold_4
center_1/ndbe/29ef9b1b6d9a48cda86fd6404b4af1e4.png,29ef9b1b6d9a48cda86fd6404b4af1e4.png,center_1,ndbe,0,fold_4
center_1/ndbe/aeeb4fb0cb284ca786d103e60df8e9d1.png,aeeb4fb0cb284ca786d103e60df8e9d1.png,center_1,ndbe,0,fold_0
center_1/ndbe/1714473102664597b973c85c03d93a08.png,1714473102664597b973c85c03d93a08.png,center_1,ndbe,0,fold_4
center_1/ndbe/e97692f273854ab0a474c7eb1b872bae.png,e97692f273854ab0a474c7eb1b872bae.png,center_1,ndbe,0,fold_0
center_1/ndbe/ae39fb1ffeb649b2b5235de1b0a52475.png,ae39fb1ffeb649b2b5235de1b0a52475.png,center_1,ndbe,0,fold_3
center_1/ndbe/34705b97ae184b2bbae66e58edf11e6b.png,34705b97ae184b2bbae66e58edf11e6b.png,center_1,ndbe,0,fold_1
center_1/ndbe/e1c838aa06c84281a65815b77528d65f.png,e1c838aa06c84281a65815b77528d65f.png,center_1,ndbe,0,fold_4
center_1/ndbe/3c85f483a95b47eabec97c3f7d534527.png,3c85f483a95b47eabec97c3f7d534527.png,center_1,ndbe,0,fold_3
center_1/ndbe/ce6a38db177e4c0b8e90cea1529b0ed9.png,ce6a38db177e4c0b8e90cea1529b0ed9.png,center_1,ndbe,0,fold_2
center_1/ndbe/9b76171f8d2d48eebc77aaf48151745d.png,9b76171f8d2d48eebc77aaf48151745d.png,center_1,ndbe,0,fold_4
center_1/ndbe/db5a199a5c8d4047a397e39617189ec8.png,db5a199a5c8d4047a397e39617189ec8.png,center_1,ndbe,0,fold_2
center_1/ndbe/22d95e48f0664c399089b473006c1b37.png,22d95e48f0664c399089b473006c1b37.png,center_1,ndbe,0,fold_4
center_1/ndbe/3ae4fab4badc4842a049dc2c5af2dad7.png,3ae4fab4badc4842a049dc2c5af2dad7.png,center_1,ndbe,0,fold_3
center_1/ndbe/a01f06aaf27245aa923b4e5355d763f5.png,a01f06aaf27245aa923b4e5355d763f5.png,center_1,ndbe,0,fold_4
center_1/ndbe/ae05eb766514432bac03cb9a7b4743d2.png,ae05eb766514432bac03cb9a7b4743d2.png,center_1,ndbe,0,fold_3
center_1/ndbe/d117ebc72fb4413682adcb1c108098ac.png,d117ebc72fb4413682adcb1c108098ac.png,center_1,ndbe,0,fold_4
center_1/ndbe/38aee3346763496b807b265b6f875726.png,38aee3346763496b807b265b6f875726.png,center_1,ndbe,0,fold_0
center_1/ndbe/a91393c79c174304a367a639d6ca9d5f.png,a91393c79c174304a367a639d6ca9d5f.png,center_1,ndbe,0,fold_3
center_1/ndbe/acfdf908f78b41069a7de82d737ff51e.png,acfdf908f78b41069a7de82d737ff51e.png,center_1,ndbe,0,fold_0
center_1/ndbe/bb319a7ed9614ede9ef7d48d336a2d6a.png,bb319a7ed9614ede9ef7d48d336a2d6a.png,center_1,ndbe,0,fold_2
center_1/ndbe/f9edfec388b7453e82d981be9249219c.png,f9edfec388b7453e82d981be9249219c.png,center_1,ndbe,0,fold_3
center_1/ndbe/ef2417cdf4594a7da190644fd1df35dc.png,ef2417cdf4594a7da190644fd1df35dc.png,center_1,ndbe,0,fold_1
center_1/ndbe/dae9ad58a03c4106a17ea5e49766eeb5.png,dae9ad58a03c4106a17ea5e49766eeb5.png,center_1,ndbe,0,fold_2
center_1/ndbe/28e7a2a956df428daf72e83f5f9bf75d.png,28e7a2a956df428daf72e83f5f9bf75d.png,center_1,ndbe,0,fold_2
center_1/ndbe/459e2fbcaa2d49dfb2adffc65d2e2f81.png,459e2fbcaa2d49dfb2adffc65d2e2f81.png,center_1,ndbe,0,fold_1
center_1/ndbe/7079ba25235a4d64a6528689a35f4d9c.png,7079ba25235a4d64a6528689a35f4d9c.png,center_1,ndbe,0,fold_3
center_1/ndbe/873bdb340a874b0db1864d4777a94d16.png,873bdb340a874b0db1864d4777a94d16.png,center_1,ndbe,0,fold_0
center_1/ndbe/ec313c1d5d9f41a99ba8e5a4a133e6b4.png,ec313c1d5d9f41a99ba8e5a4a133e6b4.png,center_1,ndbe,0,fold_3
center_1/ndbe/d2fca56a35024aea8b9f97d62a36ac43.png,d2fca56a35024aea8b9f97d62a36ac43.png,center_1,ndbe,0,fold_0
center_1/ndbe/68c0e737e18b494789fc33989e4189b4.png,68c0e737e18b494789fc33989e4189b4.png,center_1,ndbe,0,fold_2
center_1/ndbe/82f0b8d6383e4d729fbaaf29e8ef9b59.png,82f0b8d6383e4d729fbaaf29e8ef9b59.png,center_1,ndbe,0,fold_2
center_1/ndbe/36245ca1d90043e0b7b49a51bce2e48d.png,36245ca1d90043e0b7b49a51bce2e48d.png,center_1,ndbe,0,fold_2
center_1/ndbe/0981085469b34781bf47ed7ec7f3a8f8.png,0981085469b34781bf47ed7ec7f3a8f8.png,center_1,ndbe,0,fold_0
center_1/ndbe/575f46b5ac234d6eb7fa3c8010701f28.png,575f46b5ac234d6eb7fa3c8010701f28.png,center_1,ndbe,0,fold_4
center_1/ndbe/bddcb6f9465142de8058c62fc6cdab9b.png,bddcb6f9465142de8058c62fc6cdab9b.png,center_1,ndbe,0,fold_4
center_1/ndbe/76faf75136e841fcb675bf90363e21ab.png,76faf75136e841fcb675bf90363e21ab.png,center_1,ndbe,0,fold_4
center_1/ndbe/b656f86fe98b4c06ae542f20d4fbb1c0.png,b656f86fe98b4c06ae542f20d4fbb1c0.png,center_1,ndbe,0,fold_4
center_1/ndbe/b98963ddb4ca4d1189db7089705a475d.png,b98963ddb4ca4d1189db7089705a475d.png,center_1,ndbe,0,fold_2
center_1/ndbe/53bdb24e4865489588c4afda74d6763f.png,53bdb24e4865489588c4afda74d6763f.png,center_1,ndbe,0,fold_1
center_1/ndbe/8482543a2fb2473f83cb9c8dde628a48.png,8482543a2fb2473f83cb9c8dde628a48.png,center_1,ndbe,0,fold_1
center_1/ndbe/0a54254da2014f529d674543b5045fcd.png,0a54254da2014f529d674543b5045fcd.png,center_1,ndbe,0,fold_2
center_1/ndbe/8fc9dac17fc14475a644b5532932c776.png,8fc9dac17fc14475a644b5532932c776.png,center_1,ndbe,0,fold_1
center_1/ndbe/e25f199a3ed441d1a9a3920057e15f15.png,e25f199a3ed441d1a9a3920057e15f15.png,center_1,ndbe,0,fold_4
center_1/ndbe/59ae35d27b6746588b2ad2d050ab538f.png,59ae35d27b6746588b2ad2d050ab538f.png,center_1,ndbe,0,fold_0
center_1/ndbe/7dfda89796e34d889750a8b063038a5d.png,7dfda89796e34d889750a8b063038a5d.png,center_1,ndbe,0,fold_3
center_1/ndbe/b33e848d969942df84d34c6891c65cdd.png,b33e848d969942df84d34c6891c65cdd.png,center_1,ndbe,0,fold_4
center_1/ndbe/25cdaf7b63454f9aa8a87a17c4562996.png,25cdaf7b63454f9aa8a87a17c4562996.png,center_1,ndbe,0,fold_4
center_1/ndbe/9583777aed0a4db68bb6bdad7f24154e.png,9583777aed0a4db68bb6bdad7f24154e.png,center_1,ndbe,0,fold_1
center_1/ndbe/c9230075d3834928b5593331690bd3d6.png,c9230075d3834928b5593331690bd3d6.png,center_1,ndbe,0,fold_2
center_1/ndbe/b1b3bc40fafe4ff399b9d4067da5b228.png,b1b3bc40fafe4ff399b9d4067da5b228.png,center_1,ndbe,0,fold_2
center_1/ndbe/3cf3bc7005e541c4a86b06f7cce9cd50.png,3cf3bc7005e541c4a86b06f7cce9cd50.png,center_1,ndbe,0,fold_1
center_1/ndbe/077c3756697944edb9d0e1b4a06cf559.png,077c3756697944edb9d0e1b4a06cf559.png,center_1,ndbe,0,fold_0
center_1/ndbe/eaf04ae9ac9048c08a9f7425d20f40fe.png,eaf04ae9ac9048c08a9f7425d20f40fe.png,center_1,ndbe,0,fold_0
center_1/ndbe/0e38cbbbc23940a284310f2b307b7221.png,0e38cbbbc23940a284310f2b307b7221.png,center_1,ndbe,0,fold_3
center_1/ndbe/963307a64e03403c80bcc6e7b4778c85.png,963307a64e03403c80bcc6e7b4778c85.png,center_1,ndbe,0,fold_2
center_1/ndbe/23bd7b792e6240e6920c27786f23372b.png,23bd7b792e6240e6920c27786f23372b.png,center_1,ndbe,0,fold_3
center_1/ndbe/f52f0e3d5def45fe8a5defa5e20ac4f3.png,f52f0e3d5def45fe8a5defa5e20ac4f3.png,center_1,ndbe,0,fold_4
center_1/ndbe/26a0c30a15e34c41a8352a3db97211b8.png,26a0c30a15e34c41a8352a3db97211b8.png,center_1,ndbe,0,fold_2
center_1/ndbe/aaf6a54db82748fd84d1d7d6a69b7471.png,aaf6a54db82748fd84d1d7d6a69b7471.png,center_1,ndbe,0,fold_1
center_1/ndbe/c5eb6b1098ea4997b41be060372b3278.png,c5eb6b1098ea4997b41be060372b3278.png,center_1,ndbe,0,fold_3
center_1/ndbe/5c7e86a237b84e5a9785ec9ffb252729.png,5c7e86a237b84e5a9785ec9ffb252729.png,center_1,ndbe,0,fold_4
center_1/ndbe/523ffb888d124dd9a7c6e6c4463bd4af.png,523ffb888d124dd9a7c6e6c4463bd4af.png,center_1,ndbe,0,fold_0
center_1/ndbe/7cacebfe8fa0483396c9fa893d89b9ee.png,7cacebfe8fa0483396c9fa893d89b9ee.png,center_1,ndbe,0,fold_0
center_1/ndbe/31babc02472c4c45a3a4ff9ff89e14fb.png,31babc02472c4c45a3a4ff9ff89e14fb.png,center_1,ndbe,0,fold_4
center_1/ndbe/49ab28c947f5406aa96d2061108a82b7.png,49ab28c947f5406aa96d2061108a82b7.png,center_1,ndbe,0,fold_1
center_1/ndbe/163a3aa4a2b1490da064052cf7598cea.png,163a3aa4a2b1490da064052cf7598cea.png,center_1,ndbe,0,fold_0
center_1/ndbe/0e9035c8e4c34a06b5e3050625077917.png,0e9035c8e4c34a06b5e3050625077917.png,center_1,ndbe,0,fold_1
center_1/ndbe/0797c45661ee4f49a924d213a0caf6c4.png,0797c45661ee4f49a924d213a0caf6c4.png,center_1,ndbe,0,fold_2
center_1/ndbe/e18472bc9c8b4e9ab0f2c95d8c5f0dba.png,e18472bc9c8b4e9ab0f2c95d8c5f0dba.png,center_1,ndbe,0,fold_3
center_1/ndbe/9ff96324cd6c4e8587e27b739ff18cd9.png,9ff96324cd6c4e8587e27b739ff18cd9.png,center_1,ndbe,0,fold_0
center_1/ndbe/d9aab48d236d4e3dbec3e503d13b0492.png,d9aab48d236d4e3dbec3e503d13b0492.png,center_1,ndbe,0,fold_3
center_1/ndbe/8c7641ba694e467c861f52565a4d4eeb.png,8c7641ba694e467c861f52565a4d4eeb.png,center_1,ndbe,0,fold_0
center_1/ndbe/abe63f223a6144d6bd7244c38d600407.png,abe63f223a6144d6bd7244c38d600407.png,center_1,ndbe,0,fold_1
center_1/ndbe/7fdcfdd0b676444b95382fa6ac5136d4.png,7fdcfdd0b676444b95382fa6ac5136d4.png,center_1,ndbe,0,fold_3
center_1/ndbe/cd4a71178e7149b191374c7e040ccb48.png,cd4a71178e7149b191374c7e040ccb48.png,center_1,ndbe,0,fold_0
center_1/ndbe/bddab2f578d94cba837c676bca79f7e5.png,bddab2f578d94cba837c676bca79f7e5.png,center_1,ndbe,0,fold_0
center_1/ndbe/d565a14ea38b42688da6709183d6b948.png,d565a14ea38b42688da6709183d6b948.png,center_1,ndbe,0,fold_3
center_1/ndbe/04a2637c71f04d6586fd57e13a34a850.png,04a2637c71f04d6586fd57e13a34a850.png,center_1,ndbe,0,fold_3
center_1/ndbe/1b7b6a142378414292d8ab3c4e46e91d.png,1b7b6a142378414292d8ab3c4e46e91d.png,center_1,ndbe,0,fold_2
center_1/ndbe/4bd3572097a64d3687fa960389d5a623.png,4bd3572097a64d3687fa960389d5a623.png,center_1,ndbe,0,fold_0
center_1/ndbe/f2637a8e1d4c488d85359b30b6534175.png,f2637a8e1d4c488d85359b30b6534175.png,center_1,ndbe,0,fold_2
center_1/ndbe/a6c135706b5d4cfb8b13c89e91c4e231.png,a6c135706b5d4cfb8b13c89e91c4e231.png,center_1,ndbe,0,fold_4
center_1/ndbe/6389bdbd0ea74082a849273796980e8e.png,6389bdbd0ea74082a849273796980e8e.png,center_1,ndbe,0,fold_4
center_1/ndbe/4d6e2d68d69342f2824544f0d754351c.png,4d6e2d68d69342f2824544f0d754351c.png,center_1,ndbe,0,fold_3
center_1/ndbe/435a20a1c11d492299d44ed372656a72.png,435a20a1c11d492299d44ed372656a72.png,center_1,ndbe,0,fold_3
center_1/ndbe/ea1b5a89612845d7b1fada946022b36c.png,ea1b5a89612845d7b1fada946022b36c.png,center_1,ndbe,0,fold_3
center_1/ndbe/ca92c239678f46018e8772f521f08910.png,ca92c239678f46018e8772f521f08910.png,center_1,ndbe,0,fold_4
center_1/ndbe/e3ebf6cf60c046ad9d12bc4a9b5622bb.png,e3ebf6cf60c046ad9d12bc4a9b5622bb.png,center_1,ndbe,0,fold_4
center_1/ndbe/8a23d8a60dc94439afcf60c99ffaba64.png,8a23d8a60dc94439afcf60c99ffaba64.png,center_1,ndbe,0,fold_4
center_1/ndbe/c8bd167ffc5a4a4393d7cb7f98399955.png,c8bd167ffc5a4a4393d7cb7f98399955.png,center_1,ndbe,0,fold_3
center_1/ndbe/c7315649b5654a46aae018ef7616ecd2.png,c7315649b5654a46aae018ef7616ecd2.png,center_1,ndbe,0,fold_3
center_1/ndbe/6706548df37d4c5fb31c2078d5f28ef0.png,6706548df37d4c5fb31c2078d5f28ef0.png,center_1,ndbe,0,fold_4
center_1/ndbe/5c000715a27f49938c21d9240a90800f.png,5c000715a27f49938c21d9240a90800f.png,center_1,ndbe,0,fold_2
center_1/ndbe/d0c5ff914c424204801179da4fff2453.png,d0c5ff914c424204801179da4fff2453.png,center_1,ndbe,0,fold_4
center_1/ndbe/a0ae44224479468da502868765eff70c.png,a0ae44224479468da502868765eff70c.png,center_1,ndbe,0,fold_0
center_1/ndbe/d7ea123fdf594bb9b7d242330921cb45.png,d7ea123fdf594bb9b7d242330921cb45.png,center_1,ndbe,0,fold_3
center_1/ndbe/3ab243df701043ada2fea728e93ef6e7.png,3ab243df701043ada2fea728e93ef6e7.png,center_1,ndbe,0,fold_4
center_1/ndbe/93e5253dd13241acac61eecf47793a7a.png,93e5253dd13241acac61eecf47793a7a.png,center_1,ndbe,0,fold_0
center_1/ndbe/5a177edcc7b84b9b876a1ecdac9d499f.png,5a177edcc7b84b9b876a1ecdac9d499f.png,center_1,ndbe,0,fold_2
center_1/ndbe/580449ce26ea4d85b8fa3359d04a03ff.png,580449ce26ea4d85b8fa3359d04a03ff.png,center_1,ndbe,0,fold_4
center_1/ndbe/3d463c31d3b94b178a4149be5cc34b9b.png,3d463c31d3b94b178a4149be5cc34b9b.png,center_1,ndbe,0,fold_0
center_1/ndbe/4a3ee49ef713456fb7203af8ffee0239.png,4a3ee49ef713456fb7203af8ffee0239.png,center_1,ndbe,0,fold_4
center_1/ndbe/c458a22abb104b6b99a78e91ae8fe64e.png,c458a22abb104b6b99a78e91ae8fe64e.png,center_1,ndbe,0,fold_2
center_1/ndbe/de1e84dffd37435492248a2961f0db1a.png,de1e84dffd37435492248a2961f0db1a.png,center_1,ndbe,0,fold_3
center_1/ndbe/0bf26b007313439c8a986cbeb0f8e23d.png,0bf26b007313439c8a986cbeb0f8e23d.png,center_1,ndbe,0,fold_0
center_1/ndbe/e5edfb862d984753895b4ae0b8dedd85.png,e5edfb862d984753895b4ae0b8dedd85.png,center_1,ndbe,0,fold_4
center_1/ndbe/40f663e1e7f94b77ab21c423e453f2c2.png,40f663e1e7f94b77ab21c423e453f2c2.png,center_1,ndbe,0,fold_2
center_1/ndbe/c042ee048e3147da9cce8dc95613c891.png,c042ee048e3147da9cce8dc95613c891.png,center_1,ndbe,0,fold_1
center_1/ndbe/77dfdd09f2e949c29940ff5c80b96ed3.png,77dfdd09f2e949c29940ff5c80b96ed3.png,center_1,ndbe,0,fold_4
center_1/ndbe/0a8038812703453caae158f1acfe9589.png,0a8038812703453caae158f1acfe9589.png,center_1,ndbe,0,fold_0
center_1/ndbe/06fc3c0f95df4ffeb3fa043be278d80c.png,06fc3c0f95df4ffeb3fa043be278d80c.png,center_1,ndbe,0,fold_1
center_1/ndbe/bc8c515c20b744038dbf2e431c4fb2fc.png,bc8c515c20b744038dbf2e431c4fb2fc.png,center_1,ndbe,0,fold_4
center_1/ndbe/7df1910eb8cf4470b9d769ac571aeb06.png,7df1910eb8cf4470b9d769ac571aeb06.png,center_1,ndbe,0,fold_1
center_1/ndbe/8748958e5685431c8ba61fa1b6adbd2f.png,8748958e5685431c8ba61fa1b6adbd2f.png,center_1,ndbe,0,fold_2
center_1/ndbe/9cf7a96c74ed444a89009d077dcc4c02.png,9cf7a96c74ed444a89009d077dcc4c02.png,center_1,ndbe,0,fold_2
center_1/ndbe/7b78cb29d0714b4bbb0fee6723cec647.png,7b78cb29d0714b4bbb0fee6723cec647.png,center_1,ndbe,0,fold_1
center_1/ndbe/a0d52264534f478595edd895c7ee92db.png,a0d52264534f478595edd895c7ee92db.png,center_1,ndbe,0,fold_1
center_1/ndbe/ddea587685d441349d883ab956f86c47.png,ddea587685d441349d883ab956f86c47.png,center_1,ndbe,0,fold_2
center_1/ndbe/d20a26396b824a04acb6f7e33f0750de.png,d20a26396b824a04acb6f7e33f0750de.png,center_1,ndbe,0,fold_4
center_1/ndbe/250b8935efbc4ad9aeb1854a22bba61c.png,250b8935efbc4ad9aeb1854a22bba61c.png,center_1,ndbe,0,fold_2
center_1/ndbe/915357158d64474baca0e076a43453dc.png,915357158d64474baca0e076a43453dc.png,center_1,ndbe,0,fold_2
center_1/ndbe/aeb1b2e2d77c4f74919db4fe8bcbb223.png,aeb1b2e2d77c4f74919db4fe8bcbb223.png,center_1,ndbe,0,fold_3
center_1/ndbe/5bed3c9aa7a24823a075e6ecd079e066.png,5bed3c9aa7a24823a075e6ecd079e066.png,center_1,ndbe,0,fold_0
center_1/ndbe/15a590f67eba4333a9ac40c053917466.png,15a590f67eba4333a9ac40c053917466.png,center_1,ndbe,0,fold_1
center_1/ndbe/dbe183aafa69417b83c57cb7b4b17930.png,dbe183aafa69417b83c57cb7b4b17930.png,center_1,ndbe,0,fold_2
center_1/ndbe/432e849d79184a7c9867a7091bdb6246.png,432e849d79184a7c9867a7091bdb6246.png,center_1,ndbe,0,fold_0
center_1/ndbe/8cc07c84ecd449af96d6be895e3d5f6d.png,8cc07c84ecd449af96d6be895e3d5f6d.png,center_1,ndbe,0,fold_4
center_1/ndbe/6fe003f69be449b198548a752258a761.png,6fe003f69be449b198548a752258a761.png,center_1,ndbe,0,fold_1
center_1/ndbe/e4d699e0bbd743f29a879c9ae4e1201d.png,e4d699e0bbd743f29a879c9ae4e1201d.png,center_1,ndbe,0,fold_4
center_1/ndbe/b27772b42db848ad9215f05779701c58.png,b27772b42db848ad9215f05779701c58.png,center_1,ndbe,0,fold_4
center_1/ndbe/bae34217ef0b4c04b8199e8652f2215f.png,bae34217ef0b4c04b8199e8652f2215f.png,center_1,ndbe,0,fold_2
center_1/ndbe/4355241ee7fa47e0bab60a70267e5fbb.png,4355241ee7fa47e0bab60a70267e5fbb.png,center_1,ndbe,0,fold_3
center_1/ndbe/a9cd31f5e5564846829b4d16fd7a839d.png,a9cd31f5e5564846829b4d16fd7a839d.png,center_1,ndbe,0,fold_0
center_1/ndbe/a88fc977c87d40e68b74c1175a7a3c2d.png,a88fc977c87d40e68b74c1175a7a3c2d.png,center_1,ndbe,0,fold_3
center_1/ndbe/66821bdbfec049209722a1fb62fa6cea.png,66821bdbfec049209722a1fb62fa6cea.png,center_1,ndbe,0,fold_3
center_1/ndbe/969f18e6704c43d2922f16310bf37675.png,969f18e6704c43d2922f16310bf37675.png,center_1,ndbe,0,fold_2
center_1/ndbe/1e4ab329b1f346bd90a681458dd72228.png,1e4ab329b1f346bd90a681458dd72228.png,center_1,ndbe,0,fold_4
center_1/ndbe/bfd89603b9724403a0b8e5672758366f.png,bfd89603b9724403a0b8e5672758366f.png,center_1,ndbe,0,fold_2
center_1/ndbe/b0871d3a2bca4d7cb5d2f050fb692b20.png,b0871d3a2bca4d7cb5d2f050fb692b20.png,center_1,ndbe,0,fold_2
center_1/ndbe/7602c112b25846f281e339d45cc4447e.png,7602c112b25846f281e339d45cc4447e.png,center_1,ndbe,0,fold_4
center_1/ndbe/d30d51982fcd4574b7060913eda81cda.png,d30d51982fcd4574b7060913eda81cda.png,center_1,ndbe,0,fold_1
center_1/ndbe/6a6da38d43444d5f88de15aa8c0c11ad.png,6a6da38d43444d5f88de15aa8c0c11ad.png,center_1,ndbe,0,fold_4
center_1/ndbe/c8db358013554217b045ea29ce936d3c.png,c8db358013554217b045ea29ce936d3c.png,center_1,ndbe,0,fold_4
center_1/ndbe/13c8befc84f042b28f5dd5c4c7ae111d.png,13c8befc84f042b28f5dd5c4c7ae111d.png,center_1,ndbe,0,fold_0
center_1/ndbe/d30d65cb6e964460a9cf0b95b615a7b1.png,d30d65cb6e964460a9cf0b95b615a7b1.png,center_1,ndbe,0,fold_4
center_1/ndbe/8618efbcdb754308be5759f2335721d7.png,8618efbcdb754308be5759f2335721d7.png,center_1,ndbe,0,fold_2
center_1/ndbe/1e8e6b1a9a6b4175b1d745401999fa95.png,1e8e6b1a9a6b4175b1d745401999fa95.png,center_1,ndbe,0,fold_1
center_1/ndbe/ec5ab6448e5d443e87612775f269a1b5.png,ec5ab6448e5d443e87612775f269a1b5.png,center_1,ndbe,0,fold_1
center_1/ndbe/96e06ad4a60844b08bd65b2e17c34b7f.png,96e06ad4a60844b08bd65b2e17c34b7f.png,center_1,ndbe,0,fold_3
center_1/ndbe/8175ac20446c449a9732b7087cad3f2d.png,8175ac20446c449a9732b7087cad3f2d.png,center_1,ndbe,0,fold_0
center_1/ndbe/942eea71efc243f984a1141b75df2b57.png,942eea71efc243f984a1141b75df2b57.png,center_1,ndbe,0,fold_1
center_1/ndbe/b832e747a3f646e49cb12fa5051e7466.png,b832e747a3f646e49cb12fa5051e7466.png,center_1,ndbe,0,fold_0
center_1/ndbe/d0c62e22a98348d3b964cd86243fc1c8.png,d0c62e22a98348d3b964cd86243fc1c8.png,center_1,ndbe,0,fold_3
center_1/ndbe/f88e96ad3704424ea62e4f4892410de9.png,f88e96ad3704424ea62e4f4892410de9.png,center_1,ndbe,0,fold_0
center_1/ndbe/d312ca041c794710adc8cb6eb0e361cb.png,d312ca041c794710adc8cb6eb0e361cb.png,center_1,ndbe,0,fold_4
center_1/ndbe/35c7d210f4e94f5f8298a8d79c07f90b.png,35c7d210f4e94f5f8298a8d79c07f90b.png,center_1,ndbe,0,fold_0
center_1/ndbe/0225d52b41bb4a6d82b79e77b33c778f.png,0225d52b41bb4a6d82b79e77b33c778f.png,center_1,ndbe,0,fold_2
center_1/ndbe/43e313390bab4154a62b48ee58bce38c.png,43e313390bab4154a62b48ee58bce38c.png,center_1,ndbe,0,fold_3
center_1/ndbe/4fdbc2aa6fba42818fef888e77bf7177.png,4fdbc2aa6fba42818fef888e77bf7177.png,center_1,ndbe,0,fold_2
center_1/ndbe/97a9478e004d4fb3b2607501577902c5.png,97a9478e004d4fb3b2607501577902c5.png,center_1,ndbe,0,fold_1
center_1/ndbe/50fe8f5036d94cd5b6aedd06eceb5cde.png,50fe8f5036d94cd5b6aedd06eceb5cde.png,center_1,ndbe,0,fold_1
center_1/ndbe/beff8b4ae6ef4931a3fc0739b2ff71d0.png,beff8b4ae6ef4931a3fc0739b2ff71d0.png,center_1,ndbe,0,fold_1
center_1/ndbe/4d6140e2196a42fd9a1fc95ebe65d92a.png,4d6140e2196a42fd9a1fc95ebe65d92a.png,center_1,ndbe,0,fold_0
center_1/ndbe/b4a25107f39148fda148aa0b70f97b29.png,b4a25107f39148fda148aa0b70f97b29.png,center_1,ndbe,0,fold_0
center_1/ndbe/2b810d44ba184d33982fe96e648c47ae.png,2b810d44ba184d33982fe96e648c47ae.png,center_1,ndbe,0,fold_2
center_1/ndbe/de967ce1056947e1b644e2aa0d34db76.png,de967ce1056947e1b644e2aa0d34db76.png,center_1,ndbe,0,fold_3
center_1/ndbe/677a4bed985243d3b52d1817bfae0ec4.png,677a4bed985243d3b52d1817bfae0ec4.png,center_1,ndbe,0,fold_3
center_1/ndbe/fbc95b7bfe60479bacb7db27c5913402.png,fbc95b7bfe60479bacb7db27c5913402.png,center_1,ndbe,0,fold_2
center_1/ndbe/c992cf6a74ef4ce5bb9f6ee12b95a773.png,c992cf6a74ef4ce5bb9f6ee12b95a773.png,center_1,ndbe,0,fold_1
center_1/ndbe/6507595557da4a6b94e2823d282807a9.png,6507595557da4a6b94e2823d282807a9.png,center_1,ndbe,0,fold_0
center_1/ndbe/a80e0d6ac74b4d9fa080d6e759067ffe.png,a80e0d6ac74b4d9fa080d6e759067ffe.png,center_1,ndbe,0,fold_0
center_1/ndbe/86251a4e2530406abf2bf807abc920e5.png,86251a4e2530406abf2bf807abc920e5.png,center_1,ndbe,0,fold_2
center_1/ndbe/d7d05c6586d3424e94758bcea98ecce9.png,d7d05c6586d3424e94758bcea98ecce9.png,center_1,ndbe,0,fold_1
center_1/ndbe/4cfaf0aedb0446eca4562ab82457c14a.png,4cfaf0aedb0446eca4562ab82457c14a.png,center_1,ndbe,0,fold_2
center_1/ndbe/beef96e06efd4b6bbd521955b8da889f.png,beef96e06efd4b6bbd521955b8da889f.png,center_1,ndbe,0,fold_1
center_1/ndbe/780c5d77adf3471882390cf3fd42c515.png,780c5d77adf3471882390cf3fd42c515.png,center_1,ndbe,0,fold_0
center_1/ndbe/975b826629fd460785a090fe26c40f22.png,975b826629fd460785a090fe26c40f22.png,center_1,ndbe,0,fold_1
center_1/ndbe/ec305e8468614aaf889abf4faea338d8.png,ec305e8468614aaf889abf4faea338d8.png,center_1,ndbe,0,fold_4
center_1/ndbe/b1b4d60f0fcc4789b62f97edbb845de6.png,b1b4d60f0fcc4789b62f97edbb845de6.png,center_1,ndbe,0,fold_3
center_1/ndbe/f2122b7b58db4c43ad60a86c96a5a0ca.png,f2122b7b58db4c43ad60a86c96a5a0ca.png,center_1,ndbe,0,fold_4
center_1/ndbe/8a0cb699da384a99bbadf11c42354272.png,8a0cb699da384a99bbadf11c42354272.png,center_1,ndbe,0,fold_1
center_1/ndbe/43f20088aa834a2682bdd094a7e11e7a.png,43f20088aa834a2682bdd094a7e11e7a.png,center_1,ndbe,0,fold_4
center_1/ndbe/30c95618943f46a386ac1bf61e9172e2.png,30c95618943f46a386ac1bf61e9172e2.png,center_1,ndbe,0,fold_2
center_1/ndbe/fc0fc2f0c1cf497e83688bfbb934972d.png,fc0fc2f0c1cf497e83688bfbb934972d.png,center_1,ndbe,0,fold_2
center_1/ndbe/d52fb2037ca74cafbcf8e7a38f55ebf0.png,d52fb2037ca74cafbcf8e7a38f55ebf0.png,center_1,ndbe,0,fold_1
center_1/ndbe/2096f0b68cdd4b43add038609ff7bb75.png,2096f0b68cdd4b43add038609ff7bb75.png,center_1,ndbe,0,fold_4
center_1/ndbe/abe219629a544d0d92678d840899e66c.png,abe219629a544d0d92678d840899e66c.png,center_1,ndbe,0,fold_0
center_1/ndbe/db5e15b43ef94af0868a57c69daeefa2.png,db5e15b43ef94af0868a57c69daeefa2.png,center_1,ndbe,0,fold_4
center_1/ndbe/cda2ed26cce54138ae429cef57b8ebb8.png,cda2ed26cce54138ae429cef57b8ebb8.png,center_1,ndbe,0,fold_3
center_1/ndbe/b7f099ad7d424a00b65939d6292d33cf.png,b7f099ad7d424a00b65939d6292d33cf.png,center_1,ndbe,0,fold_0
center_1/ndbe/9d9995eeb84142f483f3c35277464e35.png,9d9995eeb84142f483f3c35277464e35.png,center_1,ndbe,0,fold_1
center_1/ndbe/f1d21fc947944e94a56887aa7920281d.png,f1d21fc947944e94a56887aa7920281d.png,center_1,ndbe,0,fold_1
center_1/ndbe/bad79935106945f79e7f6daec42f17e6.png,bad79935106945f79e7f6daec42f17e6.png,center_1,ndbe,0,fold_0
center_1/ndbe/dec8913a694b4e3b96ec93dbd81ebcd7.png,dec8913a694b4e3b96ec93dbd81ebcd7.png,center_1,ndbe,0,fold_0
center_1/ndbe/37fbbdb43a274574939cfa1f8cfc1a03.png,37fbbdb43a274574939cfa1f8cfc1a03.png,center_1,ndbe,0,fold_0
center_1/ndbe/8a115d1b566d4f17b5045feb3549bc36.png,8a115d1b566d4f17b5045feb3549bc36.png,center_1,ndbe,0,fold_3
center_1/ndbe/52e7b83c2068404ea3dfcd27cdf817d3.png,52e7b83c2068404ea3dfcd27cdf817d3.png,center_1,ndbe,0,fold_4
center_1/ndbe/68e27586095845fc9785234e8e7c201c.png,68e27586095845fc9785234e8e7c201c.png,center_1,ndbe,0,fold_0
center_1/ndbe/5d35beb5b7e64aba9398a19d458a1b8e.png,5d35beb5b7e64aba9398a19d458a1b8e.png,center_1,ndbe,0,fold_2
center_1/ndbe/cfcb652c3f154b7b999d32f84b8bfd6d.png,cfcb652c3f154b7b999d32f84b8bfd6d.png,center_1,ndbe,0,fold_2
center_1/ndbe/84c5da9699ea4370a895fadc768f1d77.png,84c5da9699ea4370a895fadc768f1d77.png,center_1,ndbe,0,fold_3
center_1/ndbe/658ab406860c44589fc8c323ae31db7b.png,658ab406860c44589fc8c323ae31db7b.png,center_1,ndbe,0,fold_4
center_1/ndbe/1be2abff9580429c97749daee877f4ca.png,1be2abff9580429c97749daee877f4ca.png,center_1,ndbe,0,fold_1
center_1/ndbe/97fe49f12fcc4847ab8772626809e751.png,97fe49f12fcc4847ab8772626809e751.png,center_1,ndbe,0,fold_3
center_1/ndbe/5e4fbafbfec34b49b628875eb286f5fd.png,5e4fbafbfec34b49b628875eb286f5fd.png,center_1,ndbe,0,fold_0
center_1/ndbe/5ae2199ce1d54c1ea2e205a9cb8f2795.png,5ae2199ce1d54c1ea2e205a9cb8f2795.png,center_1,ndbe,0,fold_4
center_1/ndbe/c166a69ee07141ac94e40a89d86e4b5d.png,c166a69ee07141ac94e40a89d86e4b5d.png,center_1,ndbe,0,fold_2
center_1/ndbe/dbc6db6e29174adb8319eed0c5209538.png,dbc6db6e29174adb8319eed0c5209538.png,center_1,ndbe,0,fold_3
center_1/ndbe/aa3136a8971a4f339a2474bb706f86ca.png,aa3136a8971a4f339a2474bb706f86ca.png,center_1,ndbe,0,fold_3
center_1/ndbe/408d6621393f4731a4d9d460d5333d0b.png,408d6621393f4731a4d9d460d5333d0b.png,center_1,ndbe,0,fold_2
center_1/ndbe/d2b4442cafd040e08045fbe3130338db.png,d2b4442cafd040e08045fbe3130338db.png,center_1,ndbe,0,fold_0
center_1/ndbe/bc4d9b05bbc34606ab0e758e8ebae8e6.png,bc4d9b05bbc34606ab0e758e8ebae8e6.png,center_1,ndbe,0,fold_0
center_1/ndbe/6f177eae0dd64bd1a5b389e178fb37e5.png,6f177eae0dd64bd1a5b389e178fb37e5.png,center_1,ndbe,0,fold_3
center_1/ndbe/c867188b3ff44d48adf8edd9238ca4f4.png,c867188b3ff44d48adf8edd9238ca4f4.png,center_1,ndbe,0,fold_4
center_1/ndbe/4947a4440369486c978646cb3a051b3d.png,4947a4440369486c978646cb3a051b3d.png,center_1,ndbe,0,fold_2
center_1/ndbe/9612fea866be4492a4339158a596a443.png,9612fea866be4492a4339158a596a443.png,center_1,ndbe,0,fold_2
center_1/ndbe/98cfd756e84a46778af841ab3175f5d1.png,98cfd756e84a46778af841ab3175f5d1.png,center_1,ndbe,0,fold_1
center_1/ndbe/7af59f9569304bdb80dad91e5e962644.png,7af59f9569304bdb80dad91e5e962644.png,center_1,ndbe,0,fold_3
center_1/ndbe/de146977f8ab4ce79b55c8c068861999.png,de146977f8ab4ce79b55c8c068861999.png,center_1,ndbe,0,fold_0
center_1/ndbe/67c544b59ee64fdbb98ebbc8a7e70225.png,67c544b59ee64fdbb98ebbc8a7e70225.png,center_1,ndbe,0,fold_4
center_1/ndbe/62b34a1570ec4f6d865f5ab9f48bb769.png,62b34a1570ec4f6d865f5ab9f48bb769.png,center_1,ndbe,0,fold_0
center_1/ndbe/1ec05b5be2b64ae09d19dcdc0b9e9aa0.png,1ec05b5be2b64ae09d19dcdc0b9e9aa0.png,center_1,ndbe,0,fold_2
center_1/ndbe/0fbed0514d824410a2ad1218a7ea5158.png,0fbed0514d824410a2ad1218a7ea5158.png,center_1,ndbe,0,fold_0
center_1/ndbe/b503acf6a6634f93aa86c20e41d28ef8.png,b503acf6a6634f93aa86c20e41d28ef8.png,center_1,ndbe,0,fold_0
center_1/ndbe/0d04a7e78be74a208ea8033d548e77ee.png,0d04a7e78be74a208ea8033d548e77ee.png,center_1,ndbe,0,fold_3
center_1/ndbe/3d38cd2d051246749f8d41da455e96b0.png,3d38cd2d051246749f8d41da455e96b0.png,center_1,ndbe,0,fold_3
center_1/ndbe/5f2fd1f8aeff4e399d744785521d58ff.png,5f2fd1f8aeff4e399d744785521d58ff.png,center_1,ndbe,0,fold_2
center_1/ndbe/456abd87af5345b58e7e4e66b1fb6603.png,456abd87af5345b58e7e4e66b1fb6603.png,center_1,ndbe,0,fold_0
center_1/ndbe/a2edd48c5b6145eb95175f0cd577623e.png,a2edd48c5b6145eb95175f0cd577623e.png,center_1,ndbe,0,fold_1
center_1/ndbe/23a618207a17466ea70bbe05a0e0acef.png,23a618207a17466ea70bbe05a0e0acef.png,center_1,ndbe,0,fold_0
center_1/ndbe/426741114ded4d679b92abaeaac2b325.png,426741114ded4d679b92abaeaac2b325.png,center_1,ndbe,0,fold_0
center_1/ndbe/56964b950f1649e4aca2e85e00a1e9d8.png,56964b950f1649e4aca2e85e00a1e9d8.png,center_1,ndbe,0,fold_4
center_1/ndbe/0e70611df403466c9867df41aaa8e4ba.png,0e70611df403466c9867df41aaa8e4ba.png,center_1,ndbe,0,fold_3
center_1/ndbe/3884a215f3f54441b2de9cb74a72c051.png,3884a215f3f54441b2de9cb74a72c051.png,center_1,ndbe,0,fold_4
center_1/ndbe/2700616973fb43dda9f573b709c6c60e.png,2700616973fb43dda9f573b709c6c60e.png,center_1,ndbe,0,fold_1
center_1/ndbe/e42c2acdc9cc4ebdaea145866fdfacdf.png,e42c2acdc9cc4ebdaea145866fdfacdf.png,center_1,ndbe,0,fold_0
center_1/ndbe/5e16a1b03f88430abec55a30350bcb31.png,5e16a1b03f88430abec55a30350bcb31.png,center_1,ndbe,0,fold_0
center_1/ndbe/0c1c98b61357443b990a6f946ccabf38.png,0c1c98b61357443b990a6f946ccabf38.png,center_1,ndbe,0,fold_1
center_1/ndbe/a9c434c5a4cf4d5481d3915aeef2fe80.png,a9c434c5a4cf4d5481d3915aeef2fe80.png,center_1,ndbe,0,fold_0
center_1/ndbe/7cc53bf885024eb28c25381e3485b506.png,7cc53bf885024eb28c25381e3485b506.png,center_1,ndbe,0,fold_1
center_1/ndbe/29e55a8fa0734edeacdc56ede3abb16b.png,29e55a8fa0734edeacdc56ede3abb16b.png,center_1,ndbe,0,fold_4
center_1/ndbe/9350545438e943e781e0526a885b1ff5.png,9350545438e943e781e0526a885b1ff5.png,center_1,ndbe,0,fold_3
center_1/ndbe/99a3f197223f44288414f21f92d5c607.png,99a3f197223f44288414f21f92d5c607.png,center_1,ndbe,0,fold_0
center_1/ndbe/4c8c92fa3c8d45baa54c9aee1579eb65.png,4c8c92fa3c8d45baa54c9aee1579eb65.png,center_1,ndbe,0,fold_3
center_1/ndbe/d40d9521b88140eeb5477d6d45886cbb.png,d40d9521b88140eeb5477d6d45886cbb.png,center_1,ndbe,0,fold_2
center_1/ndbe/a3c17bd799f14d938dfce268663ca334.png,a3c17bd799f14d938dfce268663ca334.png,center_1,ndbe,0,fold_1
center_1/ndbe/088fba8f96d34c7693fd5f3ef0db947d.png,088fba8f96d34c7693fd5f3ef0db947d.png,center_1,ndbe,0,fold_1
center_1/ndbe/8e4924dd8c11481d8a9b286a669973b9.png,8e4924dd8c11481d8a9b286a669973b9.png,center_1,ndbe,0,fold_0
center_1/ndbe/553e05d975d74f13afa06f6145674a81.png,553e05d975d74f13afa06f6145674a81.png,center_1,ndbe,0,fold_1
center_1/ndbe/6d86e5f8b2304561aecce763cf7d2031.png,6d86e5f8b2304561aecce763cf7d2031.png,center_1,ndbe,0,fold_2
center_1/ndbe/a8f7a6a51a91436490a66c14a9ce13ed.png,a8f7a6a51a91436490a66c14a9ce13ed.png,center_1,ndbe,0,fold_1
center_1/ndbe/ed11c003e3ab49b5b6a9cc0097c01dc5.png,ed11c003e3ab49b5b6a9cc0097c01dc5.png,center_1,ndbe,0,fold_3
center_1/ndbe/c68e54c78b374e71a2441c44246477e4.png,c68e54c78b374e71a2441c44246477e4.png,center_1,ndbe,0,fold_3
center_1/ndbe/8d74526529a14f1b97cce51c82c44639.png,8d74526529a14f1b97cce51c82c44639.png,center_1,ndbe,0,fold_1
center_1/ndbe/52824de32cdf4440bf9b06e4632e156d.png,52824de32cdf4440bf9b06e4632e156d.png,center_1,ndbe,0,fold_0
center_1/ndbe/882da834ff3f41ea882456193b3ca7a7.png,882da834ff3f41ea882456193b3ca7a7.png,center_1,ndbe,0,fold_3
center_1/ndbe/8a30fa87bc8445049508321c0aab97ba.png,8a30fa87bc8445049508321c0aab97ba.png,center_1,ndbe,0,fold_1
center_1/ndbe/cb5de7ab73dd496baf355c7f726f1421.png,cb5de7ab73dd496baf355c7f726f1421.png,center_1,ndbe,0,fold_0
center_1/ndbe/2cf576531f964218885ce4b8b6d15bf4.png,2cf576531f964218885ce4b8b6d15bf4.png,center_1,ndbe,0,fold_4
center_1/ndbe/60c91d2cf7f74c30903912f2118d57a3.png,60c91d2cf7f74c30903912f2118d57a3.png,center_1,ndbe,0,fold_1
center_1/ndbe/b32f4731f68a4d55b1712a2900430d5e.png,b32f4731f68a4d55b1712a2900430d5e.png,center_1,ndbe,0,fold_0
center_1/ndbe/a3a40b4c97ba4d14b0994a60bfb62684.png,a3a40b4c97ba4d14b0994a60bfb62684.png,center_1,ndbe,0,fold_2
center_1/ndbe/a58bb0d7574444e395f5c8238280ef67.png,a58bb0d7574444e395f5c8238280ef67.png,center_1,ndbe,0,fold_1
center_1/ndbe/7d434183070c4810a2cf130961d85c8e.png,7d434183070c4810a2cf130961d85c8e.png,center_1,ndbe,0,fold_0
center_1/ndbe/ab2087bce55841a8abb1d339b0cb123f.png,ab2087bce55841a8abb1d339b0cb123f.png,center_1,ndbe,0,fold_2
center_1/ndbe/90257d7c3f514ddbbd78eba5a01212cf.png,90257d7c3f514ddbbd78eba5a01212cf.png,center_1,ndbe,0,fold_3
center_1/ndbe/b58da729efc441ccba743afef011e994.png,b58da729efc441ccba743afef011e994.png,center_1,ndbe,0,fold_2
center_1/ndbe/86ab961b385e4457b60a4f78af40531d.png,86ab961b385e4457b60a4f78af40531d.png,center_1,ndbe,0,fold_3
center_1/ndbe/d9c61a13dc69417fbe5191cd1bd06d7e.png,d9c61a13dc69417fbe5191cd1bd06d7e.png,center_1,ndbe,0,fold_2
center_1/ndbe/c9cb72417cce415bba6d22a0f883232e.png,c9cb72417cce415bba6d22a0f883232e.png,center_1,ndbe,0,fold_1
center_1/ndbe/b456480d622c4973b8a277e1507dc874.png,b456480d622c4973b8a277e1507dc874.png,center_1,ndbe,0,fold_3
center_1/ndbe/82595c926fb244a689c3219ed6e7977b.png,82595c926fb244a689c3219ed6e7977b.png,center_1,ndbe,0,fold_4
center_1/ndbe/62cf51e383dd43188e133a749cd26898.png,62cf51e383dd43188e133a749cd26898.png,center_1,ndbe,0,fold_0
center_1/ndbe/abaaa4501ced4787aba3b1cb614941ab.png,abaaa4501ced4787aba3b1cb614941ab.png,center_1,ndbe,0,fold_1
center_1/ndbe/f3bb09421112441bbb2cbbf0983070cb.png,f3bb09421112441bbb2cbbf0983070cb.png,center_1,ndbe,0,fold_3
center_1/ndbe/58488fb63e44452b990e360858f09b6a.png,58488fb63e44452b990e360858f09b6a.png,center_1,ndbe,0,fold_0
center_1/ndbe/5bb61224f1924cf6936e6d0bd8d67fc4.png,5bb61224f1924cf6936e6d0bd8d67fc4.png,center_1,ndbe,0,fold_1
center_1/ndbe/b3a9c779b38d46199f40b8c47ed3159d.png,b3a9c779b38d46199f40b8c47ed3159d.png,center_1,ndbe,0,fold_4
center_1/ndbe/59f43fa3c3b34fb0be8db78422d1053e.png,59f43fa3c3b34fb0be8db78422d1053e.png,center_1,ndbe,0,fold_0
center_1/ndbe/e9ff102a5cd64ff3bf36e673a1643bb0.png,e9ff102a5cd64ff3bf36e673a1643bb0.png,center_1,ndbe,0,fold_1
center_1/ndbe/ebf63ee3f37c4b74b5477976aec12399.png,ebf63ee3f37c4b74b5477976aec12399.png,center_1,ndbe,0,fold_4
center_1/ndbe/75f09068e3a74fa99f6630723b1d76c1.png,75f09068e3a74fa99f6630723b1d76c1.png,center_1,ndbe,0,fold_1
center_1/ndbe/58533f9df72f4d6daced3374fcc1c942.png,58533f9df72f4d6daced3374fcc1c942.png,center_1,ndbe,0,fold_3
center_1/ndbe/948d7e43127840418f97cb88a349b81b.png,948d7e43127840418f97cb88a349b81b.png,center_1,ndbe,0,fold_3
center_1/ndbe/56bd60be0d2748d6981516c791dc13a9.png,56bd60be0d2748d6981516c791dc13a9.png,center_1,ndbe,0,fold_0
center_1/ndbe/5bcb77ae28094f8c93fd94aece880454.png,5bcb77ae28094f8c93fd94aece880454.png,center_1,ndbe,0,fold_3
center_1/ndbe/86c29757453b4f33a6be9d75fe01bae8.png,86c29757453b4f33a6be9d75fe01bae8.png,center_1,ndbe,0,fold_2
center_1/ndbe/3350d330bbca4144a63050c56bea5ffe.png,3350d330bbca4144a63050c56bea5ffe.png,center_1,ndbe,0,fold_3
center_1/ndbe/5cd2d760c3c549379e19b55e407f9acf.png,5cd2d760c3c549379e19b55e407f9acf.png,center_1,ndbe,0,fold_2
center_1/ndbe/926517260e01469fb68d077005fda484.png,926517260e01469fb68d077005fda484.png,center_1,ndbe,0,fold_0
center_1/ndbe/183c51a0ae9d4ca49ba04e189af54e00.png,183c51a0ae9d4ca49ba04e189af54e00.png,center_1,ndbe,0,fold_0
center_1/ndbe/351b2a1f6a944531b97197426973aa5c.png,351b2a1f6a944531b97197426973aa5c.png,center_1,ndbe,0,fold_2
center_1/ndbe/280d702773cb4ad29866085e69cc7c5b.png,280d702773cb4ad29866085e69cc7c5b.png,center_1,ndbe,0,fold_0
center_1/ndbe/6b6bef6c754d4fed94d0b202a3f8e732.png,6b6bef6c754d4fed94d0b202a3f8e732.png,center_1,ndbe,0,fold_1
center_1/ndbe/12bc7ee9c9e8462985273c4edd3469a4.png,12bc7ee9c9e8462985273c4edd3469a4.png,center_1,ndbe,0,fold_1
center_1/ndbe/2a209652b10d4c218b8c4a0cb9d5b5b1.png,2a209652b10d4c218b8c4a0cb9d5b5b1.png,center_1,ndbe,0,fold_3
center_1/ndbe/be4a61587e8e40e8adda152bce4c0e5d.png,be4a61587e8e40e8adda152bce4c0e5d.png,center_1,ndbe,0,fold_0
center_1/ndbe/def8cb25ecd44afea26e80ec467ae033.png,def8cb25ecd44afea26e80ec467ae033.png,center_1,ndbe,0,fold_2
center_1/ndbe/dffe9a0248d74338b50a89999cc76fa7.png,dffe9a0248d74338b50a89999cc76fa7.png,center_1,ndbe,0,fold_4
center_1/ndbe/48287a5dd7744e329d1b4c12ecea1ced.png,48287a5dd7744e329d1b4c12ecea1ced.png,center_1,ndbe,0,fold_4
center_1/ndbe/6c5eca9daa214836b45e3c755d4bb9e4.png,6c5eca9daa214836b45e3c755d4bb9e4.png,center_1,ndbe,0,fold_2
center_1/ndbe/5e286636b3bb4c0295031bd669325c7e.png,5e286636b3bb4c0295031bd669325c7e.png,center_1,ndbe,0,fold_1
center_1/ndbe/eccaf95391b847ec9de9401da8560283.png,eccaf95391b847ec9de9401da8560283.png,center_1,ndbe,0,fold_4
center_1/ndbe/062d0b2a247c4831b7f679d42149f0b6.png,062d0b2a247c4831b7f679d42149f0b6.png,center_1,ndbe,0,fold_4
center_1/ndbe/2fb0b15ea899428bacf981590a93f587.png,2fb0b15ea899428bacf981590a93f587.png,center_1,ndbe,0,fold_3
center_1/ndbe/cd551ec4b6274da0a18ad2c68df11b51.png,cd551ec4b6274da0a18ad2c68df11b51.png,center_1,ndbe,0,fold_3
center_1/ndbe/2a4c5abd56ee48bbb06354a2409de302.png,2a4c5abd56ee48bbb06354a2409de302.png,center_1,ndbe,0,fold_0
center_1/ndbe/30418443250e462da17fecbf4e0aaab8.png,30418443250e462da17fecbf4e0aaab8.png,center_1,ndbe,0,fold_4
center_1/ndbe/248005c48d4e4f16bcedca07a72f8fc8.png,248005c48d4e4f16bcedca07a72f8fc8.png,center_1,ndbe,0,fold_3
center_1/ndbe/8bdee83906b7456a9cd5d51bfab12286.png,8bdee83906b7456a9cd5d51bfab12286.png,center_1,ndbe,0,fold_2
center_1/ndbe/f9c820a3e1344924adcb5db6d9ab0878.png,f9c820a3e1344924adcb5db6d9ab0878.png,center_1,ndbe,0,fold_2
center_1/ndbe/4ea7cc8ad72f439492eeac02443175c1.png,4ea7cc8ad72f439492eeac02443175c1.png,center_1,ndbe,0,fold_3
center_1/ndbe/6f790d5195774d11b69461ad53e0bc4d.png,6f790d5195774d11b69461ad53e0bc4d.png,center_1,ndbe,0,fold_3
center_1/ndbe/7fa453dfeddd4ce7b168c90892c4b021.png,7fa453dfeddd4ce7b168c90892c4b021.png,center_1,ndbe,0,fold_2
center_1/ndbe/225b719377014bafa23ac587c3076e1d.png,225b719377014bafa23ac587c3076e1d.png,center_1,ndbe,0,fold_1
center_1/ndbe/9635e2134837435e94958803a02cebf6.png,9635e2134837435e94958803a02cebf6.png,center_1,ndbe,0,fold_0
center_1/ndbe/85d51a53eec24ebe91412b9d16b588dd.png,85d51a53eec24ebe91412b9d16b588dd.png,center_1,ndbe,0,fold_2
center_1/ndbe/2c2d9a0a6d384523b1d3b20ac1effcc4.png,2c2d9a0a6d384523b1d3b20ac1effcc4.png,center_1,ndbe,0,fold_0
center_1/ndbe/7ca2ef852a1c40c69908168376866da8.png,7ca2ef852a1c40c69908168376866da8.png,center_1,ndbe,0,fold_0
center_1/ndbe/840e0c561bbd4208a97b9539f1b1788e.png,840e0c561bbd4208a97b9539f1b1788e.png,center_1,ndbe,0,fold_4
center_1/ndbe/d64ac2575ba14a2b8cbcd3e6183a9835.png,d64ac2575ba14a2b8cbcd3e6183a9835.png,center_1,ndbe,0,fold_1
center_1/ndbe/0c4cb21bef2c4e8ab5e8827f1457279d.png,0c4cb21bef2c4e8ab5e8827f1457279d.png,center_1,ndbe,0,fold_1
center_1/ndbe/1d018ab6555243bda7fa204c5d1b9243.png,1d018ab6555243bda7fa204c5d1b9243.png,center_1,ndbe,0,fold_0
center_1/ndbe/7547625459c247339d4ac718eb4b3fc1.png,7547625459c247339d4ac718eb4b3fc1.png,center_1,ndbe,0,fold_1
center_1/ndbe/035e497420fb4f3f9b836bafaaa8d46c.png,035e497420fb4f3f9b836bafaaa8d46c.png,center_1,ndbe,0,fold_0
center_1/ndbe/cccd7aeedf924da7943334541aa0555c.png,cccd7aeedf924da7943334541aa0555c.png,center_1,ndbe,0,fold_1
center_1/ndbe/de97ec585bf14c4a89fb96bed2fac80f.png,de97ec585bf14c4a89fb96bed2fac80f.png,center_1,ndbe,0,fold_3
center_1/ndbe/5906706938ac479d9f2853878503079e.png,5906706938ac479d9f2853878503079e.png,center_1,ndbe,0,fold_1
center_1/ndbe/8e6122b947bf4bf39ad53ef666210e4e.png,8e6122b947bf4bf39ad53ef666210e4e.png,center_1,ndbe,0,fold_0
center_1/ndbe/7b266de6202b49cca76c74d4839c2844.png,7b266de6202b49cca76c74d4839c2844.png,center_1,ndbe,0,fold_2
center_1/ndbe/061ae5566eba4dbca185417681f88e09.png,061ae5566eba4dbca185417681f88e09.png,center_1,ndbe,0,fold_1
center_1/ndbe/62123ba095544c66a35764d0d64e7b47.png,62123ba095544c66a35764d0d64e7b47.png,center_1,ndbe,0,fold_2
center_1/ndbe/7d86a606312848719056d99dd0024240.png,7d86a606312848719056d99dd0024240.png,center_1,ndbe,0,fold_0
center_1/ndbe/783bcd8fc75b439087ba066036a13274.png,783bcd8fc75b439087ba066036a13274.png,center_1,ndbe,0,fold_0
center_1/ndbe/082203dcb6464f0da5d03ea4041d2382.png,082203dcb6464f0da5d03ea4041d2382.png,center_1,ndbe,0,fold_4
center_1/ndbe/54033d41482049a6a4736acfc98cb659.png,54033d41482049a6a4736acfc98cb659.png,center_1,ndbe,0,fold_0
center_1/ndbe/4822da1fae32434bba68e4fee11621e5.png,4822da1fae32434bba68e4fee11621e5.png,center_1,ndbe,0,fold_0
center_1/ndbe/4da1b97737d64a5a8878a14f56a143be.png,4da1b97737d64a5a8878a14f56a143be.png,center_1,ndbe,0,fold_2
center_1/ndbe/ec7b69124afe4562aa621d6d04dd0d7b.png,ec7b69124afe4562aa621d6d04dd0d7b.png,center_1,ndbe,0,fold_0
center_1/ndbe/0be2b84858e54d5888423edaf462af15.png,0be2b84858e54d5888423edaf462af15.png,center_1,ndbe,0,fold_0
center_1/ndbe/850faa1ebf4d4ba6b432f7e74bf03368.png,850faa1ebf4d4ba6b432f7e74bf03368.png,center_1,ndbe,0,fold_2
center_1/ndbe/53697b4d5a564c0fa3d20b657394a0cd.png,53697b4d5a564c0fa3d20b657394a0cd.png,center_1,ndbe,0,fold_3
center_1/ndbe/68d34fc9202b441782ecfed6f8af07bb.png,68d34fc9202b441782ecfed6f8af07bb.png,center_1,ndbe,0,fold_3
center_1/ndbe/ed730e5eedf54d549a4d4ef741017339.png,ed730e5eedf54d549a4d4ef741017339.png,center_1,ndbe,0,fold_1
center_1/ndbe/98abdd2b9f554c2f8aad27f2078af693.png,98abdd2b9f554c2f8aad27f2078af693.png,center_1,ndbe,0,fold_2
center_1/ndbe/9752e00a6ec8488cac3e50e091c02e41.png,9752e00a6ec8488cac3e50e091c02e41.png,center_1,ndbe,0,fold_3
center_1/ndbe/187f066c9339464f8419a941dfa58258.png,187f066c9339464f8419a941dfa58258.png,center_1,ndbe,0,fold_3
center_1/ndbe/215079f054424024bf287192d08f3288.png,215079f054424024bf287192d08f3288.png,center_1,ndbe,0,fold_4
center_1/ndbe/ac41691aaf87477aa17ad46fd5324876.png,ac41691aaf87477aa17ad46fd5324876.png,center_1,ndbe,0,fold_4
center_1/ndbe/134258501d7640eabb0789ebf265d146.png,134258501d7640eabb0789ebf265d146.png,center_1,ndbe,0,fold_1
center_1/ndbe/700b4087cd0b4ea78c1e316780e1be02.png,700b4087cd0b4ea78c1e316780e1be02.png,center_1,ndbe,0,fold_0
center_1/ndbe/962a454536d94396821a8843a67ad822.png,962a454536d94396821a8843a67ad822.png,center_1,ndbe,0,fold_1
center_1/ndbe/77717e380eaf4fe786170e4e15da9392.png,77717e380eaf4fe786170e4e15da9392.png,center_1,ndbe,0,fold_4
center_1/ndbe/edb9c0e2fa314cfab9411a18de669136.png,edb9c0e2fa314cfab9411a18de669136.png,center_1,ndbe,0,fold_1
center_1/ndbe/8e3edda8b3d24626bbcb462b89ec2c4d.png,8e3edda8b3d24626bbcb462b89ec2c4d.png,center_1,ndbe,0,fold_4
center_1/ndbe/c82564f7a2f54d1bbe7bde8335f72049.png,c82564f7a2f54d1bbe7bde8335f72049.png,center_1,ndbe,0,fold_1
center_1/ndbe/794ca7fbcad6464abf757df4f9a1aa2c.png,794ca7fbcad6464abf757df4f9a1aa2c.png,center_1,ndbe,0,fold_3
center_1/ndbe/32b93ff387874ed2b6569014f384a275.png,32b93ff387874ed2b6569014f384a275.png,center_1,ndbe,0,fold_2
center_1/ndbe/c0ed8376cb9649449ecfa31b3eb4f5e0.png,c0ed8376cb9649449ecfa31b3eb4f5e0.png,center_1,ndbe,0,fold_3
center_1/ndbe/71632d4e864d4a37905858ac59e6ee26.png,71632d4e864d4a37905858ac59e6ee26.png,center_1,ndbe,0,fold_0
center_1/ndbe/6fcf04d6c8b6471b97f12f70918393e4.png,6fcf04d6c8b6471b97f12f70918393e4.png,center_1,ndbe,0,fold_3
center_1/ndbe/90562c2991344c159cc3767988c61ffb.png,90562c2991344c159cc3767988c61ffb.png,center_1,ndbe,0,fold_0
center_1/ndbe/24818c6ae2a2420480055ae66c077a2c.png,24818c6ae2a2420480055ae66c077a2c.png,center_1,ndbe,0,fold_1
center_1/ndbe/596dfd09a3214da8a4e69579dfc7fc56.png,596dfd09a3214da8a4e69579dfc7fc56.png,center_1,ndbe,0,fold_4
center_1/ndbe/6b10d347104c485e8b7c2aeaad728016.png,6b10d347104c485e8b7c2aeaad728016.png,center_1,ndbe,0,fold_4
center_1/ndbe/6efb549acaf049f981769647d90e24d9.png,6efb549acaf049f981769647d90e24d9.png,center_1,ndbe,0,fold_0
center_1/ndbe/44b2a864361941739ca0b25251076e67.png,44b2a864361941739ca0b25251076e67.png,center_1,ndbe,0,fold_3
center_1/ndbe/7780c1a5535c47b08a88cfb729d5d44e.png,7780c1a5535c47b08a88cfb729d5d44e.png,center_1,ndbe,0,fold_0
center_1/ndbe/5600a6d00afe4f80ac037cfec1118e46.png,5600a6d00afe4f80ac037cfec1118e46.png,center_1,ndbe,0,fold_3
center_1/ndbe/e3ff1467181a4f858acdf8525c6f189b.png,e3ff1467181a4f858acdf8525c6f189b.png,center_1,ndbe,0,fold_4
center_1/ndbe/8f9c9f6a1791494eaf69f3d3a56577f8.png,8f9c9f6a1791494eaf69f3d3a56577f8.png,center_1,ndbe,0,fold_1
center_1/ndbe/bbe6fa6eb35943deb75d794ed823b184.png,bbe6fa6eb35943deb75d794ed823b184.png,center_1,ndbe,0,fold_2
center_1/ndbe/01625a4dba634f588f89a22b4fe39a22.png,01625a4dba634f588f89a22b4fe39a22.png,center_1,ndbe,0,fold_3
center_1/ndbe/0e4eb7f9e1074344999aac5b8aa9d805.png,0e4eb7f9e1074344999aac5b8aa9d805.png,center_1,ndbe,0,fold_0
center_1/ndbe/8d4322967c974b9fbbac075a29a2463d.png,8d4322967c974b9fbbac075a29a2463d.png,center_1,ndbe,0,fold_0
center_1/ndbe/b8be93ab748f4924ae610dedf7a081ad.png,b8be93ab748f4924ae610dedf7a081ad.png,center_1,ndbe,0,fold_0
center_1/ndbe/f95816b25636423a8967f919f789c232.png,f95816b25636423a8967f919f789c232.png,center_1,ndbe,0,fold_0
center_1/ndbe/904293c22f0c4131878d25be2c871d3a.png,904293c22f0c4131878d25be2c871d3a.png,center_1,ndbe,0,fold_0
center_1/ndbe/ba1f68a8583c4fbeaa731fa1ccb018cc.png,ba1f68a8583c4fbeaa731fa1ccb018cc.png,center_1,ndbe,0,fold_1
center_1/ndbe/c994f25ad4bb439c8cc98e71caac26b8.png,c994f25ad4bb439c8cc98e71caac26b8.png,center_1,ndbe,0,fold_0
center_1/ndbe/c89de38e6d4c4fa18ba6d69deaf56419.png,c89de38e6d4c4fa18ba6d69deaf56419.png,center_1,ndbe,0,fold_3
center_1/ndbe/8188b53f210e4b0cbee5a4223c8a0902.png,8188b53f210e4b0cbee5a4223c8a0902.png,center_1,ndbe,0,fold_4
center_1/ndbe/8fecc87340de4dccba7dc54b9cbd9b68.png,8fecc87340de4dccba7dc54b9cbd9b68.png,center_1,ndbe,0,fold_0
center_1/ndbe/1eaf554af65b4f2b8616683a40ca7f00.png,1eaf554af65b4f2b8616683a40ca7f00.png,center_1,ndbe,0,fold_0
center_1/ndbe/e2bc45c5239f4414ae90114c553506ff.png,e2bc45c5239f4414ae90114c553506ff.png,center_1,ndbe,0,fold_2
center_1/ndbe/4d05a9b02b0d403797752eb4038f8f90.png,4d05a9b02b0d403797752eb4038f8f90.png,center_1,ndbe,0,fold_1
center_1/ndbe/f68edf8402864131b1607d884672cefc.png,f68edf8402864131b1607d884672cefc.png,center_1,ndbe,0,fold_0
center_1/ndbe/66565cd697554a7f83c4ede84f4dfae9.png,66565cd697554a7f83c4ede84f4dfae9.png,center_1,ndbe,0,fold_0
center_1/ndbe/1416e29893e04931aa078f75b4d41feb.png,1416e29893e04931aa078f75b4d41feb.png,center_1,ndbe,0,fold_4
center_1/ndbe/d5e08f1c44d04223a0541627b1260e83.png,d5e08f1c44d04223a0541627b1260e83.png,center_1,ndbe,0,fold_4
center_1/ndbe/78c3a88f5bd747bb9f31f386b42db001.png,78c3a88f5bd747bb9f31f386b42db001.png,center_1,ndbe,0,fold_1
center_1/ndbe/4371dc67b4684590b300307517cb276f.png,4371dc67b4684590b300307517cb276f.png,center_1,ndbe,0,fold_4
center_1/ndbe/0bd905e6ac6642ceab0e557dc3673e18.png,0bd905e6ac6642ceab0e557dc3673e18.png,center_1,ndbe,0,fold_4
center_1/ndbe/e8a3e694316a4224b44b6edc3fa2946f.png,e8a3e694316a4224b44b6edc3fa2946f.png,center_1,ndbe,0,fold_2
center_1/ndbe/6088fa21b18247038e0fc626327717e5.png,6088fa21b18247038e0fc626327717e5.png,center_1,ndbe,0,fold_0
center_1/ndbe/dc62f6a0770a46aa891fa8aef257148e.png,dc62f6a0770a46aa891fa8aef257148e.png,center_1,ndbe,0,fold_0
center_1/ndbe/7053d595e0ad4e22a23c56cc225bdb22.png,7053d595e0ad4e22a23c56cc225bdb22.png,center_1,ndbe,0,fold_2
center_1/ndbe/9c1385b686a941419cadaf51f8938942.png,9c1385b686a941419cadaf51f8938942.png,center_1,ndbe,0,fold_1
center_1/ndbe/755759852a09433381d2a66557237fd5.png,755759852a09433381d2a66557237fd5.png,center_1,ndbe,0,fold_3
center_1/ndbe/a3c880c922f943b99985a47086b571fc.png,a3c880c922f943b99985a47086b571fc.png,center_1,ndbe,0,fold_1
center_1/ndbe/f36b37e41fc84f11915d6362cf45b45b.png,f36b37e41fc84f11915d6362cf45b45b.png,center_1,ndbe,0,fold_3
center_1/ndbe/bf7e1f1fee4e4b86aaf3efe0dadb8a0f.png,bf7e1f1fee4e4b86aaf3efe0dadb8a0f.png,center_1,ndbe,0,fold_3
center_1/ndbe/6cfa779065724108b6912c921dedc379.png,6cfa779065724108b6912c921dedc379.png,center_1,ndbe,0,fold_0
center_1/ndbe/c96ece90d545498cac8748ca3ebbc159.png,c96ece90d545498cac8748ca3ebbc159.png,center_1,ndbe,0,fold_3
center_1/ndbe/af4f07467f9947eda8f8414128cd7d78.png,af4f07467f9947eda8f8414128cd7d78.png,center_1,ndbe,0,fold_1
center_1/ndbe/70b6b18618e64c44b4c0a1a532e61ec5.png,70b6b18618e64c44b4c0a1a532e61ec5.png,center_1,ndbe,0,fold_1
center_1/ndbe/cab16867424b4f9bbd209ac1da6e9942.png,cab16867424b4f9bbd209ac1da6e9942.png,center_1,ndbe,0,fold_4
center_1/ndbe/2a0040d558834059a884c03a828ead83.png,2a0040d558834059a884c03a828ead83.png,center_1,ndbe,0,fold_0
center_1/ndbe/57e84a9803d94c99ab256bd3eef1b0f5.png,57e84a9803d94c99ab256bd3eef1b0f5.png,center_1,ndbe,0,fold_0
center_1/ndbe/7d1ea4abe9454faf8564f604bb58ac2f.png,7d1ea4abe9454faf8564f604bb58ac2f.png,center_1,ndbe,0,fold_0
center_1/ndbe/6405b98656f641d2b7cc77bda407cc23.png,6405b98656f641d2b7cc77bda407cc23.png,center_1,ndbe,0,fold_1
center_1/ndbe/6e5a92f8a86d46deb6f0ea551c70ee3f.png,6e5a92f8a86d46deb6f0ea551c70ee3f.png,center_1,ndbe,0,fold_3
center_1/ndbe/a60799b3c3c943d28d26616ce4d9a4aa.png,a60799b3c3c943d28d26616ce4d9a4aa.png,center_1,ndbe,0,fold_3
center_1/ndbe/0527b27a682e47b18fa440883fbe9092.png,0527b27a682e47b18fa440883fbe9092.png,center_1,ndbe,0,fold_2
center_1/ndbe/ea195e36879848a089c686a9ca2d292c.png,ea195e36879848a089c686a9ca2d292c.png,center_1,ndbe,0,fold_2
center_1/ndbe/5191dea46b684fe6a76b365eeac72477.png,5191dea46b684fe6a76b365eeac72477.png,center_1,ndbe,0,fold_2
center_1/ndbe/af336c30d8574c86a55b487dde6aa94f.png,af336c30d8574c86a55b487dde6aa94f.png,center_1,ndbe,0,fold_4
center_1/ndbe/282ad8ef0a7149248f4ec9b95e3e4688.png,282ad8ef0a7149248f4ec9b95e3e4688.png,center_1,ndbe,0,fold_4
center_1/ndbe/2583cc509ee84d1cb9b4e4cfeb53385f.png,2583cc509ee84d1cb9b4e4cfeb53385f.png,center_1,ndbe,0,fold_4
center_1/ndbe/bb41656c772b474680e600280a66f24c.png,bb41656c772b474680e600280a66f24c.png,center_1,ndbe,0,fold_1
center_1/ndbe/c67b085cdc8d4954bb703cca34f10ef3.png,c67b085cdc8d4954bb703cca34f10ef3.png,center_1,ndbe,0,fold_2
center_1/ndbe/25920600aa6a45b7b595a52c49893fae.png,25920600aa6a45b7b595a52c49893fae.png,center_1,ndbe,0,fold_0
center_1/ndbe/e0234d4e1abf43d2ba977d5640f5f0af.png,e0234d4e1abf43d2ba977d5640f5f0af.png,center_1,ndbe,0,fold_0
center_1/ndbe/e813967c7f464bbe9e8114613f89546b.png,e813967c7f464bbe9e8114613f89546b.png,center_1,ndbe,0,fold_4
center_1/ndbe/caf6ff9a2fa74fdfb1181a07e5c9d535.png,caf6ff9a2fa74fdfb1181a07e5c9d535.png,center_1,ndbe,0,fold_0
center_1/ndbe/929fe9d53ac342b4a5369a99a9c718de.png,929fe9d53ac342b4a5369a99a9c718de.png,center_1,ndbe,0,fold_2
center_1/ndbe/25245bf612164ec3a78bdbb4ee60ada6.png,25245bf612164ec3a78bdbb4ee60ada6.png,center_1,ndbe,0,fold_3
center_1/ndbe/ca184faa787e4d4692548fcbde8ae356.png,ca184faa787e4d4692548fcbde8ae356.png,center_1,ndbe,0,fold_0
center_1/ndbe/725ba667fe944ae685c8103a6304e791.png,725ba667fe944ae685c8103a6304e791.png,center_1,ndbe,0,fold_4
center_1/ndbe/7dc46ced26a04f62983c10dfed8c26e1.png,7dc46ced26a04f62983c10dfed8c26e1.png,center_1,ndbe,0,fold_1
center_1/ndbe/a0144c7ade604c46b2e4648d6bb2a456.png,a0144c7ade604c46b2e4648d6bb2a456.png,center_1,ndbe,0,fold_0
center_1/ndbe/06ca6c6e56e045b4adbe68ca3d205084.png,06ca6c6e56e045b4adbe68ca3d205084.png,center_1,ndbe,0,fold_3
center_1/ndbe/eaed0f40bb464cb8abe952570562cb8e.png,eaed0f40bb464cb8abe952570562cb8e.png,center_1,ndbe,0,fold_4
center_1/ndbe/6d71a595ae4c4d2c8f9da053007d8d03.png,6d71a595ae4c4d2c8f9da053007d8d03.png,center_1,ndbe,0,fold_0
center_1/ndbe/346cc08818a04f24bd5f9d298d1aa1cb.png,346cc08818a04f24bd5f9d298d1aa1cb.png,center_1,ndbe,0,fold_3
center_1/ndbe/4c64c3ffdbff4949b9c12f2284baca8c.png,4c64c3ffdbff4949b9c12f2284baca8c.png,center_1,ndbe,0,fold_0
center_1/ndbe/458783796f1642eebd36e392731c9c73.png,458783796f1642eebd36e392731c9c73.png,center_1,ndbe,0,fold_4
center_1/ndbe/89faf0facc7e46eea1ca5232b185f79c.png,89faf0facc7e46eea1ca5232b185f79c.png,center_1,ndbe,0,fold_4
center_1/ndbe/f082e98712244940b7f6f547ab986112.png,f082e98712244940b7f6f547ab986112.png,center_1,ndbe,0,fold_1
center_1/ndbe/5050fa21c0b14c7b899df6d2bc26c90a.png,5050fa21c0b14c7b899df6d2bc26c90a.png,center_1,ndbe,0,fold_1
center_1/ndbe/de9da9a13ba8497bb462d6a8e099cf79.png,de9da9a13ba8497bb462d6a8e099cf79.png,center_1,ndbe,0,fold_3
center_1/ndbe/a21f145ca4ef44e29884218e5b7f8b59.png,a21f145ca4ef44e29884218e5b7f8b59.png,center_1,ndbe,0,fold_4
center_1/ndbe/a318755e501c4e9d9aebba721a95d1b9.png,a318755e501c4e9d9aebba721a95d1b9.png,center_1,ndbe,0,fold_0
center_1/ndbe/a54c94f6f00348d3b077b0840137d995.png,a54c94f6f00348d3b077b0840137d995.png,center_1,ndbe,0,fold_3
center_1/ndbe/d31faa702d1649fb8fcc497cf3977f70.png,d31faa702d1649fb8fcc497cf3977f70.png,center_1,ndbe,0,fold_2
center_1/ndbe/a2da23c9fd8a4cf891c1598889fa7934.png,a2da23c9fd8a4cf891c1598889fa7934.png,center_1,ndbe,0,fold_2
center_1/ndbe/9f72120008a5405289790ddec1df8558.png,9f72120008a5405289790ddec1df8558.png,center_1,ndbe,0,fold_3
center_1/ndbe/060d47dd4b81495c9a4d36703223ffa4.png,060d47dd4b81495c9a4d36703223ffa4.png,center_1,ndbe,0,fold_0
center_1/ndbe/644692739894454db3a0bcdbab9b4df0.png,644692739894454db3a0bcdbab9b4df0.png,center_1,ndbe,0,fold_3
center_1/ndbe/56a837982f6641b7a9ccbd262b16cfa9.png,56a837982f6641b7a9ccbd262b16cfa9.png,center_1,ndbe,0,fold_1
center_1/ndbe/c7fa20ea7f6c4b65897f29f083b7f65a.png,c7fa20ea7f6c4b65897f29f083b7f65a.png,center_1,ndbe,0,fold_3
center_1/ndbe/e07c8c72e0fc45c8b8242c7a68c90842.png,e07c8c72e0fc45c8b8242c7a68c90842.png,center_1,ndbe,0,fold_2
center_1/ndbe/7e67ea4febe54c908bd84d0139c8b21f.png,7e67ea4febe54c908bd84d0139c8b21f.png,center_1,ndbe,0,fold_1
center_1/ndbe/70edb045b670424caed392df39600412.png,70edb045b670424caed392df39600412.png,center_1,ndbe,0,fold_3
center_1/ndbe/d277a9e6bae149cdaf26383157487602.png,d277a9e6bae149cdaf26383157487602.png,center_1,ndbe,0,fold_3
center_1/ndbe/79830b93677742fdaeebc5371579a7c8.png,79830b93677742fdaeebc5371579a7c8.png,center_1,ndbe,0,fold_4
center_1/ndbe/656a4b2dfda846a99bea8c72630174c9.png,656a4b2dfda846a99bea8c72630174c9.png,center_1,ndbe,0,fold_4
center_1/ndbe/851a5b1e4c2445f6972b84cb008ef908.png,851a5b1e4c2445f6972b84cb008ef908.png,center_1,ndbe,0,fold_0
center_1/ndbe/10e686e8547a4cf2a8d8f13946f2199a.png,10e686e8547a4cf2a8d8f13946f2199a.png,center_1,ndbe,0,fold_0
center_1/ndbe/901cade9ddec43d18f823cbb7cefd700.png,901cade9ddec43d18f823cbb7cefd700.png,center_1,ndbe,0,fold_3
center_1/ndbe/3a7746adee994140bf7fe38c3dd93bdb.png,3a7746adee994140bf7fe38c3dd93bdb.png,center_1,ndbe,0,fold_3
center_1/ndbe/b03bcf5de70b42ef96f1bf7c5af040e1.png,b03bcf5de70b42ef96f1bf7c5af040e1.png,center_1,ndbe,0,fold_0
center_1/ndbe/9ffd6661061a48fc89a1cfedd01f163b.png,9ffd6661061a48fc89a1cfedd01f163b.png,center_1,ndbe,0,fold_1
center_1/ndbe/4cf78a680ea84869ac2099765f8a0f38.png,4cf78a680ea84869ac2099765f8a0f38.png,center_1,ndbe,0,fold_3
center_1/ndbe/f91a2513c4944533a2b07898125a1237.png,f91a2513c4944533a2b07898125a1237.png,center_1,ndbe,0,fold_1
center_1/ndbe/cdbe0500e1174c4aae2acf4bd57a5e1b.png,cdbe0500e1174c4aae2acf4bd57a5e1b.png,center_1,ndbe,0,fold_2
center_1/ndbe/36c89f34aeb24340bf05ad83f0857377.png,36c89f34aeb24340bf05ad83f0857377.png,center_1,ndbe,0,fold_0
center_1/ndbe/6b389ceb007d475ea222f8210f4e0b8b.png,6b389ceb007d475ea222f8210f4e0b8b.png,center_1,ndbe,0,fold_2
center_1/ndbe/87946bd2e4a841359fdcd5db81255a8d.png,87946bd2e4a841359fdcd5db81255a8d.png,center_1,ndbe,0,fold_1
center_1/ndbe/7c75cf6bb794420faf9dfbc32a6e9445.png,7c75cf6bb794420faf9dfbc32a6e9445.png,center_1,ndbe,0,fold_3
center_1/ndbe/a71bffca6a0f4af0a586957ad03081fe.png,a71bffca6a0f4af0a586957ad03081fe.png,center_1,ndbe,0,fold_2
center_1/ndbe/9ecd22f1d23345869d7010448fb39b92.png,9ecd22f1d23345869d7010448fb39b92.png,center_1,ndbe,0,fold_0
center_1/ndbe/3d807cffbc6e4eaa83d8e903d9609115.png,3d807cffbc6e4eaa83d8e903d9609115.png,center_1,ndbe,0,fold_0
center_1/ndbe/ad866ffb712d43d7a6797e748ad53e6e.png,ad866ffb712d43d7a6797e748ad53e6e.png,center_1,ndbe,0,fold_2
center_1/ndbe/463f19ecd807491ab8d61795739ee280.png,463f19ecd807491ab8d61795739ee280.png,center_1,ndbe,0,fold_0
center_1/ndbe/6463f8d0e21d42e7a282198bda4ec22b.png,6463f8d0e21d42e7a282198bda4ec22b.png,center_1,ndbe,0,fold_3
center_1/ndbe/24a103ac559d4c9b8e05f3a1fdd72660.png,24a103ac559d4c9b8e05f3a1fdd72660.png,center_1,ndbe,0,fold_2
center_1/ndbe/b5fbf04d5bb44bf086e38c35bfba69fb.png,b5fbf04d5bb44bf086e38c35bfba69fb.png,center_1,ndbe,0,fold_4
center_1/ndbe/b6493b4398f5499d8c547dcbc749b222.png,b6493b4398f5499d8c547dcbc749b222.png,center_1,ndbe,0,fold_4
center_1/ndbe/1cec4695fb1e4a7aa8db5f7f90af340f.png,1cec4695fb1e4a7aa8db5f7f90af340f.png,center_1,ndbe,0,fold_2
center_1/ndbe/1167dbb107cf4ea9ac2a374c6bc2b5ea.png,1167dbb107cf4ea9ac2a374c6bc2b5ea.png,center_1,ndbe,0,fold_2
center_1/ndbe/5d80c054eadb4e00b6d36b226ee728fb.png,5d80c054eadb4e00b6d36b226ee728fb.png,center_1,ndbe,0,fold_4
center_1/ndbe/c89a8d89b63140378a1e494fb7d0e20e.png,c89a8d89b63140378a1e494fb7d0e20e.png,center_1,ndbe,0,fold_3
center_1/ndbe/bafbacb51a4144a985133952e832f872.png,bafbacb51a4144a985133952e832f872.png,center_1,ndbe,0,fold_0
center_1/ndbe/7fc481377ba24a00aaace6daaa9de00e.png,7fc481377ba24a00aaace6daaa9de00e.png,center_1,ndbe,0,fold_1
center_1/ndbe/b64c41dfe8be415895e376fae93116c5.png,b64c41dfe8be415895e376fae93116c5.png,center_1,ndbe,0,fold_1
center_1/ndbe/153ae0c2ac8841cb9f3efba92bbe9a95.png,153ae0c2ac8841cb9f3efba92bbe9a95.png,center_1,ndbe,0,fold_0
center_1/ndbe/b9d0896a5f9742b5b71621ee154a2994.png,b9d0896a5f9742b5b71621ee154a2994.png,center_1,ndbe,0,fold_1
center_1/ndbe/93017eda55c2432281f1bf41bd54f8c2.png,93017eda55c2432281f1bf41bd54f8c2.png,center_1,ndbe,0,fold_0
center_1/ndbe/dee6fc5cd236425b8643f265260a3e24.png,dee6fc5cd236425b8643f265260a3e24.png,center_1,ndbe,0,fold_3
center_1/ndbe/04f13fa83a6c483ab67505e026311837.png,04f13fa83a6c483ab67505e026311837.png,center_1,ndbe,0,fold_2
center_1/ndbe/1e96206c39ee4da98fa6cc0078ac99aa.png,1e96206c39ee4da98fa6cc0078ac99aa.png,center_1,ndbe,0,fold_2
center_1/ndbe/fdb689055128461b83c0b3764678dd93.png,fdb689055128461b83c0b3764678dd93.png,center_1,ndbe,0,fold_1
center_1/ndbe/a8611bc75ad5446684b46d31fdd0eb9d.png,a8611bc75ad5446684b46d31fdd0eb9d.png,center_1,ndbe,0,fold_3
center_1/ndbe/4299b119613445b5aeec9d35be44d787.png,4299b119613445b5aeec9d35be44d787.png,center_1,ndbe,0,fold_1
center_1/ndbe/1204a0e387e644738f891b58fb9b498e.png,1204a0e387e644738f891b58fb9b498e.png,center_1,ndbe,0,fold_3
center_1/ndbe/8c290f2a3ac34b6aae6abf961154bc72.png,8c290f2a3ac34b6aae6abf961154bc72.png,center_1,ndbe,0,fold_2
center_1/ndbe/4ed64478e1b74e1cb349d02c517b5b3d.png,4ed64478e1b74e1cb349d02c517b5b3d.png,center_1,ndbe,0,fold_2
center_1/ndbe/d8347bfe2f98402da85192dc017e8bb5.png,d8347bfe2f98402da85192dc017e8bb5.png,center_1,ndbe,0,fold_2
center_1/ndbe/2071d07b2af64a3486f0ee421660abbb.png,2071d07b2af64a3486f0ee421660abbb.png,center_1,ndbe,0,fold_1
center_1/ndbe/aeb6a91609ee4d4084c5c89083acac8b.png,aeb6a91609ee4d4084c5c89083acac8b.png,center_1,ndbe,0,fold_1
center_1/ndbe/6aa5e0d2e8ea4aa69105ae2a90b6d86f.png,6aa5e0d2e8ea4aa69105ae2a90b6d86f.png,center_1,ndbe,0,fold_0
center_1/ndbe/01ac6354e4aa4e75ac31939023a653fb.png,01ac6354e4aa4e75ac31939023a653fb.png,center_1,ndbe,0,fold_1
center_1/ndbe/b6fac7335245447ba3564f9b7264e72e.png,b6fac7335245447ba3564f9b7264e72e.png,center_1,ndbe,0,fold_1
center_1/ndbe/f1f37b68db944046ab085ce3dce95c21.png,f1f37b68db944046ab085ce3dce95c21.png,center_1,ndbe,0,fold_1
center_1/ndbe/fdbce4d5c4914fc2811ec025e50280df.png,fdbce4d5c4914fc2811ec025e50280df.png,center_1,ndbe,0,fold_2
center_1/ndbe/2c10264f264d42eda5c4bbc951556916.png,2c10264f264d42eda5c4bbc951556916.png,center_1,ndbe,0,fold_3
center_1/ndbe/9bdfd0d7d049458b8e394266eebf3ad4.png,9bdfd0d7d049458b8e394266eebf3ad4.png,center_1,ndbe,0,fold_1
center_1/ndbe/3482a08165c94549835f07ade48d64d9.png,3482a08165c94549835f07ade48d64d9.png,center_1,ndbe,0,fold_3
center_1/ndbe/f32da02a854d44e5b1cc306134276809.png,f32da02a854d44e5b1cc306134276809.png,center_1,ndbe,0,fold_3
center_1/ndbe/edf725668f9f4da1b7f56a1517745723.png,edf725668f9f4da1b7f56a1517745723.png,center_1,ndbe,0,fold_3
center_1/ndbe/c5412e3218d94251b2f99b1819c2efbd.png,c5412e3218d94251b2f99b1819c2efbd.png,center_1,ndbe,0,fold_2
center_1/ndbe/b965a39efb7c4a80874a6ba25b14873d.png,b965a39efb7c4a80874a6ba25b14873d.png,center_1,ndbe,0,fold_2
center_1/ndbe/1348d35af6494a519803d4f9a3e80d4e.png,1348d35af6494a519803d4f9a3e80d4e.png,center_1,ndbe,0,fold_0
center_1/ndbe/a1b68a7b03ab4a0bb70d392fb13d8e22.png,a1b68a7b03ab4a0bb70d392fb13d8e22.png,center_1,ndbe,0,fold_1
center_1/ndbe/c6f9cba68089442996b2a4afc44f456b.png,c6f9cba68089442996b2a4afc44f456b.png,center_1,ndbe,0,fold_3
center_1/ndbe/efcd8cf95db248a2bfb12b4ab12c11fd.png,efcd8cf95db248a2bfb12b4ab12c11fd.png,center_1,ndbe,0,fold_4
center_1/ndbe/c07d20928c93436ba3d48ba4739d6c85.png,c07d20928c93436ba3d48ba4739d6c85.png,center_1,ndbe,0,fold_0
center_1/ndbe/c027386b5e154695bb07729faa6c9190.png,c027386b5e154695bb07729faa6c9190.png,center_1,ndbe,0,fold_2
center_1/ndbe/1b0d3bb1df1947b19d8b84263c0ffe5d.png,1b0d3bb1df1947b19d8b84263c0ffe5d.png,center_1,ndbe,0,fold_1
center_1/ndbe/9cf6614961fa45e2ae69640784c0485a.png,9cf6614961fa45e2ae69640784c0485a.png,center_1,ndbe,0,fold_1
center_1/ndbe/ee01d73b88c74949ad6aedb0333fa6ba.png,ee01d73b88c74949ad6aedb0333fa6ba.png,center_1,ndbe,0,fold_3
center_1/ndbe/05862b62268043ad914246ede8bef453.png,05862b62268043ad914246ede8bef453.png,center_1,ndbe,0,fold_2
center_1/ndbe/8f027240f6b54be0b4bedcac74cf9d27.png,8f027240f6b54be0b4bedcac74cf9d27.png,center_1,ndbe,0,fold_2
center_1/ndbe/1d36dcefd0224081a29f6f91d36d50c9.png,1d36dcefd0224081a29f6f91d36d50c9.png,center_1,ndbe,0,fold_4
center_1/ndbe/eab4b02888154440b95c8424347a1919.png,eab4b02888154440b95c8424347a1919.png,center_1,ndbe,0,fold_4
center_1/ndbe/c253ec3632404f51b4587c3480bf7a3f.png,c253ec3632404f51b4587c3480bf7a3f.png,center_1,ndbe,0,fold_4
center_1/ndbe/1921117de4284cc3bbcbde6b2c9d40f8.png,1921117de4284cc3bbcbde6b2c9d40f8.png,center_1,ndbe,0,fold_4
center_1/ndbe/ad8d9d25ee8a4a54ad6312c56ad0934b.png,ad8d9d25ee8a4a54ad6312c56ad0934b.png,center_1,ndbe,0,fold_3
center_1/ndbe/fa98a5c1db7f42d29d37eb6d3c4b388b.png,fa98a5c1db7f42d29d37eb6d3c4b388b.png,center_1,ndbe,0,fold_4
center_1/ndbe/79ab78cc6bdc40c1b055f57699851a1d.png,79ab78cc6bdc40c1b055f57699851a1d.png,center_1,ndbe,0,fold_2
center_1/ndbe/9f061fdfbd924f77be3c0ea0f2539030.png,9f061fdfbd924f77be3c0ea0f2539030.png,center_1,ndbe,0,fold_3
center_1/ndbe/767b0d284c9c41548303f78a7b53c80c.png,767b0d284c9c41548303f78a7b53c80c.png,center_1,ndbe,0,fold_4
center_1/ndbe/36dcbc190a334755a5afe4870bc057ce.png,36dcbc190a334755a5afe4870bc057ce.png,center_1,ndbe,0,fold_3
center_1/ndbe/b6d29b84578146a1a0a3997638260517.png,b6d29b84578146a1a0a3997638260517.png,center_1,ndbe,0,fold_3
center_1/ndbe/5c2495aa15fd4407b661fdbfd5202659.png,5c2495aa15fd4407b661fdbfd5202659.png,center_1,ndbe,0,fold_4
center_1/ndbe/9f9bbc7566af4c8ab69117a1af274083.png,9f9bbc7566af4c8ab69117a1af274083.png,center_1,ndbe,0,fold_2
center_1/ndbe/4c9c14c48365421a8e056d63bd8fdb6e.png,4c9c14c48365421a8e056d63bd8fdb6e.png,center_1,ndbe,0,fold_4
center_1/ndbe/0abb39274fcb4d6696e066744b24de61.png,0abb39274fcb4d6696e066744b24de61.png,center_1,ndbe,0,fold_4
center_1/ndbe/4d449713d9924f3f9400f37f390c277e.png,4d449713d9924f3f9400f37f390c277e.png,center_1,ndbe,0,fold_2
center_1/ndbe/634c7e2f298941b290a9e8f0984b3927.png,634c7e2f298941b290a9e8f0984b3927.png,center_1,ndbe,0,fold_1
center_1/ndbe/51c33f93df9b4d91a419dbe1bf497d59.png,51c33f93df9b4d91a419dbe1bf497d59.png,center_1,ndbe,0,fold_0
center_1/ndbe/7b940981344e41ef9d2ea1c8d9702641.png,7b940981344e41ef9d2ea1c8d9702641.png,center_1,ndbe,0,fold_2
center_1/ndbe/19dbf728e1b4436193bec58479a1b63e.png,19dbf728e1b4436193bec58479a1b63e.png,center_1,ndbe,0,fold_1
center_1/ndbe/31a924a5eae540a5a47509f98b6fe69c.png,31a924a5eae540a5a47509f98b6fe69c.png,center_1,ndbe,0,fold_3
center_1/ndbe/994a7fdda52f475487bd8f31632f8217.png,994a7fdda52f475487bd8f31632f8217.png,center_1,ndbe,0,fold_1
center_1/ndbe/51f6dd383f1642b386064e14f26030cf.png,51f6dd383f1642b386064e14f26030cf.png,center_1,ndbe,0,fold_4
center_1/ndbe/7141bec781a0490e81b059305c6b8238.png,7141bec781a0490e81b059305c6b8238.png,center_1,ndbe,0,fold_0
center_1/ndbe/a38b143624a64ac999d0c8daffa5569b.png,a38b143624a64ac999d0c8daffa5569b.png,center_1,ndbe,0,fold_0
center_1/ndbe/a56d05ad16f443f58d908505fe11b07f.png,a56d05ad16f443f58d908505fe11b07f.png,center_1,ndbe,0,fold_2
center_1/ndbe/b11afe331f5546da94caadc0de0634f5.png,b11afe331f5546da94caadc0de0634f5.png,center_1,ndbe,0,fold_2
center_1/ndbe/72e63a6b8a0c4ffe9400adb2f15c3040.png,72e63a6b8a0c4ffe9400adb2f15c3040.png,center_1,ndbe,0,fold_4
center_1/ndbe/33bce487800246d98a3797034f163db3.png,33bce487800246d98a3797034f163db3.png,center_1,ndbe,0,fold_1
center_1/ndbe/e0796721dc944dbdbc998c7dc33b7352.png,e0796721dc944dbdbc998c7dc33b7352.png,center_1,ndbe,0,fold_3
center_1/ndbe/4d7d7772ea2b426db0821b73b535fe54.png,4d7d7772ea2b426db0821b73b535fe54.png,center_1,ndbe,0,fold_3
center_1/ndbe/985ed74a36564422b1b52e4c0477ca45.png,985ed74a36564422b1b52e4c0477ca45.png,center_1,ndbe,0,fold_2
center_1/ndbe/250364a9af834e07b360c6ca22346887.png,250364a9af834e07b360c6ca22346887.png,center_1,ndbe,0,fold_1
center_1/ndbe/3a6b4d6a25594ea783485aff3cdd13eb.png,3a6b4d6a25594ea783485aff3cdd13eb.png,center_1,ndbe,0,fold_4
center_1/ndbe/ec9548d3e68c4d9583c8c7bb7c8de2c4.png,ec9548d3e68c4d9583c8c7bb7c8de2c4.png,center_1,ndbe,0,fold_0
center_1/ndbe/a45a0ab143174e899069f6cc01e79b4e.png,a45a0ab143174e899069f6cc01e79b4e.png,center_1,ndbe,0,fold_0
center_1/ndbe/2eac644fd56e4248b1d407f50b19742d.png,2eac644fd56e4248b1d407f50b19742d.png,center_1,ndbe,0,fold_2
center_1/ndbe/4cc1585e7be74fc99ee6d0cfa412e0d2.png,4cc1585e7be74fc99ee6d0cfa412e0d2.png,center_1,ndbe,0,fold_3
center_1/ndbe/c740cdafe8e647e09dbe8d5fb4c8ced7.png,c740cdafe8e647e09dbe8d5fb4c8ced7.png,center_1,ndbe,0,fold_2
center_1/ndbe/c1117dd27f844ac7aa7f49d3287d5ecd.png,c1117dd27f844ac7aa7f49d3287d5ecd.png,center_1,ndbe,0,fold_1
center_1/ndbe/77da4bc375b442369039769691ef27e5.png,77da4bc375b442369039769691ef27e5.png,center_1,ndbe,0,fold_4
center_1/ndbe/5421f430bf854f15b3ff0619fbdbf39c.png,5421f430bf854f15b3ff0619fbdbf39c.png,center_1,ndbe,0,fold_1
center_1/ndbe/9e0d928f5a0f4dea9fbecc2e287f753d.png,9e0d928f5a0f4dea9fbecc2e287f753d.png,center_1,ndbe,0,fold_4
center_1/ndbe/a33014f64a2341a9897884371ea93146.png,a33014f64a2341a9897884371ea93146.png,center_1,ndbe,0,fold_3
center_1/ndbe/a91538632911406aad6f1db9e41ce730.png,a91538632911406aad6f1db9e41ce730.png,center_1,ndbe,0,fold_3
center_1/ndbe/22814aa8974b45fabd0033f6b64f750e.png,22814aa8974b45fabd0033f6b64f750e.png,center_1,ndbe,0,fold_1
center_1/ndbe/d22005fe6b0340db83635b6d0ea97805.png,d22005fe6b0340db83635b6d0ea97805.png,center_1,ndbe,0,fold_0
center_1/ndbe/4d2d3b60fcc74ebf8316e0e29de44e9b.png,4d2d3b60fcc74ebf8316e0e29de44e9b.png,center_1,ndbe,0,fold_3
center_1/ndbe/6b1ccfea53da4e109b508169aabe7de4.png,6b1ccfea53da4e109b508169aabe7de4.png,center_1,ndbe,0,fold_2
center_1/ndbe/d735fe20ef0a4e7987e1be118a29e536.png,d735fe20ef0a4e7987e1be118a29e536.png,center_1,ndbe,0,fold_0
center_1/ndbe/63cce84716bb4695a882c33653d64bbd.png,63cce84716bb4695a882c33653d64bbd.png,center_1,ndbe,0,fold_1
center_1/ndbe/d8d0304566fe4fd9aea64d18a9420c78.png,d8d0304566fe4fd9aea64d18a9420c78.png,center_1,ndbe,0,fold_0
center_1/ndbe/60ded591d25745f1a6ca68621992815f.png,60ded591d25745f1a6ca68621992815f.png,center_1,ndbe,0,fold_0
center_1/ndbe/52f02543abe7477789e28081ae0c41fd.png,52f02543abe7477789e28081ae0c41fd.png,center_1,ndbe,0,fold_2
center_1/ndbe/a678692e2e33480e8829c94fd98cdf3a.png,a678692e2e33480e8829c94fd98cdf3a.png,center_1,ndbe,0,fold_1
center_1/ndbe/deb57cd12f4e4522bead5aa9c0a0033f.png,deb57cd12f4e4522bead5aa9c0a0033f.png,center_1,ndbe,0,fold_3
center_1/ndbe/6ebe101181704d20b80ac1e5b3f9e098.png,6ebe101181704d20b80ac1e5b3f9e098.png,center_1,ndbe,0,fold_4
center_1/ndbe/a7c6032b3276462eb0d085b6b12e8e00.png,a7c6032b3276462eb0d085b6b12e8e00.png,center_1,ndbe,0,fold_4
center_1/ndbe/669a2ab09b124623a0803c7c5e9e9512.png,669a2ab09b124623a0803c7c5e9e9512.png,center_1,ndbe,0,fold_2
center_1/ndbe/d4adeb76b021457fa7c326dd56b5eacd.png,d4adeb76b021457fa7c326dd56b5eacd.png,center_1,ndbe,0,fold_2
center_1/ndbe/53dcc50ef5344399a4d78f5e7c8cc11c.png,53dcc50ef5344399a4d78f5e7c8cc11c.png,center_1,ndbe,0,fold_2
center_1/ndbe/b501adf044c74bceba791af6426fd47e.png,b501adf044c74bceba791af6426fd47e.png,center_1,ndbe,0,fold_4
center_1/ndbe/01012b31de484f0ba64ce8b6dbef9f1c.png,01012b31de484f0ba64ce8b6dbef9f1c.png,center_1,ndbe,0,fold_3
center_1/ndbe/eb007657b9d642afb4e2eaa897c4a2a8.png,eb007657b9d642afb4e2eaa897c4a2a8.png,center_1,ndbe,0,fold_1
center_1/ndbe/9dcf2c75d84c4544847fb736679d4dc5.png,9dcf2c75d84c4544847fb736679d4dc5.png,center_1,ndbe,0,fold_1
center_1/ndbe/a71b18242c4f4daab109d8e31b652843.png,a71b18242c4f4daab109d8e31b652843.png,center_1,ndbe,0,fold_4
center_1/ndbe/ae20bd2651d5427dbb5e72ef4bc5e051.png,ae20bd2651d5427dbb5e72ef4bc5e051.png,center_1,ndbe,0,fold_4
center_1/ndbe/6ca79d6b040f432bba59d0cd3c20b48d.png,6ca79d6b040f432bba59d0cd3c20b48d.png,center_1,ndbe,0,fold_3
center_1/ndbe/5d7f2b47b11a45a1bb2cdb36cc6a90fd.png,5d7f2b47b11a45a1bb2cdb36cc6a90fd.png,center_1,ndbe,0,fold_0
center_1/ndbe/2eda8ce6160f473b8cf74a1f77e91100.png,2eda8ce6160f473b8cf74a1f77e91100.png,center_1,ndbe,0,fold_4
center_1/ndbe/15e8dfa88d944524a473be2848fd47ac.png,15e8dfa88d944524a473be2848fd47ac.png,center_1,ndbe,0,fold_2
center_1/ndbe/23a7123d691244c2b804b8f153c8fe35.png,23a7123d691244c2b804b8f153c8fe35.png,center_1,ndbe,0,fold_0
center_1/ndbe/6a083d40d1df498d892a7db051bb3662.png,6a083d40d1df498d892a7db051bb3662.png,center_1,ndbe,0,fold_3
center_1/ndbe/eacb385e21ff434d8fcea66d435280db.png,eacb385e21ff434d8fcea66d435280db.png,center_1,ndbe,0,fold_2
center_1/ndbe/6d4295b7e30b4a48a405df3c72558ac1.png,6d4295b7e30b4a48a405df3c72558ac1.png,center_1,ndbe,0,fold_3
center_1/ndbe/c563d9d5f0b04f31b8206f70b07bb963.png,c563d9d5f0b04f31b8206f70b07bb963.png,center_1,ndbe,0,fold_1
center_1/ndbe/ae3d0ad5c1a243c8bb83a13f6c82063a.png,ae3d0ad5c1a243c8bb83a13f6c82063a.png,center_1,ndbe,0,fold_2
center_1/ndbe/4d3ebf297ac3486bb4cbd5b1a1b148e8.png,4d3ebf297ac3486bb4cbd5b1a1b148e8.png,center_1,ndbe,0,fold_3
center_1/ndbe/08fabad0c0eb4d0d9096773775fa17b3.png,08fabad0c0eb4d0d9096773775fa17b3.png,center_1,ndbe,0,fold_0
center_1/ndbe/7f7f179b9b7f49d98887c2a6a66fccb3.png,7f7f179b9b7f49d98887c2a6a66fccb3.png,center_1,ndbe,0,fold_4
center_1/ndbe/d0825ebfdf804f2385537329fc6a97aa.png,d0825ebfdf804f2385537329fc6a97aa.png,center_1,ndbe,0,fold_2
center_1/ndbe/8f6a7d353c7e4cc49470893288b2d84f.png,8f6a7d353c7e4cc49470893288b2d84f.png,center_1,ndbe,0,fold_3
center_1/ndbe/e53a9944730141b9bfb351cd26a29d2f.png,e53a9944730141b9bfb351cd26a29d2f.png,center_1,ndbe,0,fold_2
center_1/ndbe/81a728e6aa7d43a086dee5df906beaa2.png,81a728e6aa7d43a086dee5df906beaa2.png,center_1,ndbe,0,fold_3
center_1/ndbe/f183327e996546d89d6cc08306c0d245.png,f183327e996546d89d6cc08306c0d245.png,center_1,ndbe,0,fold_2
center_1/ndbe/1d00fe96df2d4daeb3810f5061f3d6ae.png,1d00fe96df2d4daeb3810f5061f3d6ae.png,center_1,ndbe,0,fold_1
center_1/ndbe/fc81936b9b484f87b7853b70e5be6fbb.png,fc81936b9b484f87b7853b70e5be6fbb.png,center_1,ndbe,0,fold_2
center_1/ndbe/6f2fb372ea4945278dc5aea672073b4c.png,6f2fb372ea4945278dc5aea672073b4c.png,center_1,ndbe,0,fold_2
center_1/ndbe/3d41bf2c418249b1ad207f887765563f.png,3d41bf2c418249b1ad207f887765563f.png,center_1,ndbe,0,fold_2
center_1/ndbe/e6b095ee61494fb8a4ada39a2a1df31b.png,e6b095ee61494fb8a4ada39a2a1df31b.png,center_1,ndbe,0,fold_1
center_1/ndbe/0374f545530a4c9991bffad3c12ed1f2.png,0374f545530a4c9991bffad3c12ed1f2.png,center_1,ndbe,0,fold_1
center_1/ndbe/e87995f159f04bc1982d31af79c6f29b.png,e87995f159f04bc1982d31af79c6f29b.png,center_1,ndbe,0,fold_1
center_1/ndbe/753b9808691a44d8960353f3aa46eda8.png,753b9808691a44d8960353f3aa46eda8.png,center_1,ndbe,0,fold_0
center_1/ndbe/78b090977bfb48b4b672f3212792e404.png,78b090977bfb48b4b672f3212792e404.png,center_1,ndbe,0,fold_1
center_1/ndbe/93115967066542b18f121d712616e306.png,93115967066542b18f121d712616e306.png,center_1,ndbe,0,fold_4
center_1/ndbe/a533d04fcece4b549b92fb80d26a851e.png,a533d04fcece4b549b92fb80d26a851e.png,center_1,ndbe,0,fold_4
center_1/ndbe/58c7e00b0f254eee99e307c9e07cf1b0.png,58c7e00b0f254eee99e307c9e07cf1b0.png,center_1,ndbe,0,fold_2
center_1/ndbe/3185a055f94445d3b675b9fe148f5b5d.png,3185a055f94445d3b675b9fe148f5b5d.png,center_1,ndbe,0,fold_3
center_1/ndbe/bbb22b47d7ee4db3b239153385b30d01.png,bbb22b47d7ee4db3b239153385b30d01.png,center_1,ndbe,0,fold_3
center_1/ndbe/5efbc722e0144ac79d5a2733da3491a6.png,5efbc722e0144ac79d5a2733da3491a6.png,center_1,ndbe,0,fold_4
center_1/ndbe/f470a6feec3a4d97a8e955f280062ff0.png,f470a6feec3a4d97a8e955f280062ff0.png,center_1,ndbe,0,fold_2
center_1/ndbe/99eb4ee06c114f84a428ca33f27bd3a7.png,99eb4ee06c114f84a428ca33f27bd3a7.png,center_1,ndbe,0,fold_2
center_1/ndbe/e9a6d1f664724385b771bcd413ab31d6.png,e9a6d1f664724385b771bcd413ab31d6.png,center_1,ndbe,0,fold_2
center_1/ndbe/7d9c62ff47a2475cab2d46a3105ba57b.png,7d9c62ff47a2475cab2d46a3105ba57b.png,center_1,ndbe,0,fold_0
center_1/ndbe/e217302e1af64a4c8341ce5b6372ca99.png,e217302e1af64a4c8341ce5b6372ca99.png,center_1,ndbe,0,fold_4
center_1/ndbe/65e377f93a1c4e14aa76a01c97825171.png,65e377f93a1c4e14aa76a01c97825171.png,center_1,ndbe,0,fold_1
center_1/ndbe/681ce842ff8e4541a34f5ab0f252966c.png,681ce842ff8e4541a34f5ab0f252966c.png,center_1,ndbe,0,fold_2
center_1/ndbe/f185c7b777ac47b682c1621748357c4a.png,f185c7b777ac47b682c1621748357c4a.png,center_1,ndbe,0,fold_2
center_1/ndbe/449202b04800456fbe5d15d0ad36148b.png,449202b04800456fbe5d15d0ad36148b.png,center_1,ndbe,0,fold_3
center_1/ndbe/c9a47178ca1f4c92ba28e9e202b8af68.png,c9a47178ca1f4c92ba28e9e202b8af68.png,center_1,ndbe,0,fold_3
center_1/ndbe/b1698804cf22453e8502bae40fe12946.png,b1698804cf22453e8502bae40fe12946.png,center_1,ndbe,0,fold_3
center_1/ndbe/cc3651b308a646efa809287334e5f280.png,cc3651b308a646efa809287334e5f280.png,center_1,ndbe,0,fold_2
center_1/ndbe/adaa342d6c7644bb83300ae89b6782d7.png,adaa342d6c7644bb83300ae89b6782d7.png,center_1,ndbe,0,fold_2
center_1/ndbe/38dccf9b4a9846629c1768a465839f03.png,38dccf9b4a9846629c1768a465839f03.png,center_1,ndbe,0,fold_2
center_1/ndbe/7b36aec3254e40fc9d6706c4358c8c61.png,7b36aec3254e40fc9d6706c4358c8c61.png,center_1,ndbe,0,fold_3
center_1/ndbe/89eeb8cdc4b04ca2845d1732eaafba04.png,89eeb8cdc4b04ca2845d1732eaafba04.png,center_1,ndbe,0,fold_3
center_1/ndbe/245dda4e47904a498b8b8499d0e15450.png,245dda4e47904a498b8b8499d0e15450.png,center_1,ndbe,0,fold_3
center_1/ndbe/5e255ae8706746dfb9b144054ad3610e.png,5e255ae8706746dfb9b144054ad3610e.png,center_1,ndbe,0,fold_1
center_1/ndbe/e43d58569fff4832b59e1fc262778af3.png,e43d58569fff4832b59e1fc262778af3.png,center_1,ndbe,0,fold_4
center_1/ndbe/29dc5030deac4fc8aadf944e79701f44.png,29dc5030deac4fc8aadf944e79701f44.png,center_1,ndbe,0,fold_4
center_1/ndbe/c6836783bfc44fc8a5d7b8f2efed3504.png,c6836783bfc44fc8a5d7b8f2efed3504.png,center_1,ndbe,0,fold_4
center_1/ndbe/4aae876a4c2e49649d73d3b702b9e5ab.png,4aae876a4c2e49649d73d3b702b9e5ab.png,center_1,ndbe,0,fold_1
center_1/ndbe/1767e0abd1fc4074bb1d4530e2ea6c53.png,1767e0abd1fc4074bb1d4530e2ea6c53.png,center_1,ndbe,0,fold_3
center_1/ndbe/8f9afa4bf43f4edf83956a86c5a998a7.png,8f9afa4bf43f4edf83956a86c5a998a7.png,center_1,ndbe,0,fold_3
center_1/ndbe/bd721feb826440ceaebaeb197eb17c12.png,bd721feb826440ceaebaeb197eb17c12.png,center_1,ndbe,0,fold_1
center_1/ndbe/9e1d481a5c9e4f328b051e452e140226.png,9e1d481a5c9e4f328b051e452e140226.png,center_1,ndbe,0,fold_1
center_1/ndbe/2262a2bb32754151b83646259ba262d2.png,2262a2bb32754151b83646259ba262d2.png,center_1,ndbe,0,fold_1
center_1/ndbe/f20f1a07677f460fbc314bfd540f436c.png,f20f1a07677f460fbc314bfd540f436c.png,center_1,ndbe,0,fold_0
center_1/ndbe/225b8eaa7cfa4a8abe810483bc0f7a83.png,225b8eaa7cfa4a8abe810483bc0f7a83.png,center_1,ndbe,0,fold_0
center_1/ndbe/8ad6f91201074d8b9419b202280a5687.png,8ad6f91201074d8b9419b202280a5687.png,center_1,ndbe,0,fold_4
center_1/ndbe/1cfc5fae30664952ad0deb14161937ed.png,1cfc5fae30664952ad0deb14161937ed.png,center_1,ndbe,0,fold_1
center_1/ndbe/adba0ca94bb748a08d490d146fd8149c.png,adba0ca94bb748a08d490d146fd8149c.png,center_1,ndbe,0,fold_0
center_1/ndbe/33e4d7fd783743eba405c6cc724691e2.png,33e4d7fd783743eba405c6cc724691e2.png,center_1,ndbe,0,fold_0
center_1/ndbe/e1b62efff1e2423c81e1ac5e37fc3212.png,e1b62efff1e2423c81e1ac5e37fc3212.png,center_1,ndbe,0,fold_2
center_1/ndbe/879e649afc144e8e95a9e700bc6bff9d.png,879e649afc144e8e95a9e700bc6bff9d.png,center_1,ndbe,0,fold_4
center_1/ndbe/500cc052be3941f8852621c1a20baf82.png,500cc052be3941f8852621c1a20baf82.png,center_1,ndbe,0,fold_3
center_1/ndbe/e2a66dad12dd4a5884d166d8f580e729.png,e2a66dad12dd4a5884d166d8f580e729.png,center_1,ndbe,0,fold_4
center_1/ndbe/dcdc32e8790b487e9bb1ec3e7fea241c.png,dcdc32e8790b487e9bb1ec3e7fea241c.png,center_1,ndbe,0,fold_3
center_1/ndbe/121510b15f004dfd8556c5872b04979b.png,121510b15f004dfd8556c5872b04979b.png,center_1,ndbe,0,fold_1
center_1/ndbe/e965ae4beb3c4172a1e89c8094bf8a70.png,e965ae4beb3c4172a1e89c8094bf8a70.png,center_1,ndbe,0,fold_0
center_1/ndbe/bbf9b0c706ee4890bcf4d3c998991273.png,bbf9b0c706ee4890bcf4d3c998991273.png,center_1,ndbe,0,fold_2
center_1/ndbe/0600f032fea54f3ea93cf3e1fa9c48d4.png,0600f032fea54f3ea93cf3e1fa9c48d4.png,center_1,ndbe,0,fold_1
center_1/ndbe/9cfb33583f8b4255a0d4b97bb012f46c.png,9cfb33583f8b4255a0d4b97bb012f46c.png,center_1,ndbe,0,fold_4
center_1/ndbe/692df99e920c49eea5544dc5904b2af7.png,692df99e920c49eea5544dc5904b2af7.png,center_1,ndbe,0,fold_0
center_1/ndbe/f51870d2bc8946a0a27197a5b818f8f9.png,f51870d2bc8946a0a27197a5b818f8f9.png,center_1,ndbe,0,fold_0
center_1/ndbe/fb189fdaae664b819cfcc914a7bfc4f3.png,fb189fdaae664b819cfcc914a7bfc4f3.png,center_1,ndbe,0,fold_3
center_1/ndbe/1af22813e264454abff3022769fc9f43.png,1af22813e264454abff3022769fc9f43.png,center_1,ndbe,0,fold_3
center_1/ndbe/6e4263a948204309bca79ae282996f48.png,6e4263a948204309bca79ae282996f48.png,center_1,ndbe,0,fold_0
center_1/ndbe/595853de4cbd4f46a7564e8c0c837f91.png,595853de4cbd4f46a7564e8c0c837f91.png,center_1,ndbe,0,fold_4
center_1/ndbe/2d3445752c1d41628644ec8fd3be2564.png,2d3445752c1d41628644ec8fd3be2564.png,center_1,ndbe,0,fold_1
center_1/ndbe/f9e881fe4d9f459d8032cfee7af76b46.png,f9e881fe4d9f459d8032cfee7af76b46.png,center_1,ndbe,0,fold_4
center_1/ndbe/1b4c9c310a19426ea0689570475004e0.png,1b4c9c310a19426ea0689570475004e0.png,center_1,ndbe,0,fold_3
center_1/ndbe/a16996d9bce842e38ca689676c5ee865.png,a16996d9bce842e38ca689676c5ee865.png,center_1,ndbe,0,fold_2
center_1/ndbe/0084bae6cac44702b18a263a3ad63cb2.png,0084bae6cac44702b18a263a3ad63cb2.png,center_1,ndbe,0,fold_3
center_1/ndbe/6e7054374ec8451ead1a8fe5e2f93d52.png,6e7054374ec8451ead1a8fe5e2f93d52.png,center_1,ndbe,0,fold_4
center_1/ndbe/50c3a2827ffe4bdd92fea048e516647a.png,50c3a2827ffe4bdd92fea048e516647a.png,center_1,ndbe,0,fold_1
center_1/ndbe/167f80243c9348f9a1e242e0dd1bad06.png,167f80243c9348f9a1e242e0dd1bad06.png,center_1,ndbe,0,fold_0
center_1/ndbe/3d75c3af035d463fa25370554cc29c40.png,3d75c3af035d463fa25370554cc29c40.png,center_1,ndbe,0,fold_2
center_1/ndbe/9f5661766a4e4a4c95704fa483e5b1c5.png,9f5661766a4e4a4c95704fa483e5b1c5.png,center_1,ndbe,0,fold_1
center_1/ndbe/f476b3468fab4543bc87ac61905c4a99.png,f476b3468fab4543bc87ac61905c4a99.png,center_1,ndbe,0,fold_3
center_1/ndbe/01e63600b99f4bddbe8c112aac08f029.png,01e63600b99f4bddbe8c112aac08f029.png,center_1,ndbe,0,fold_1
center_1/ndbe/f01a733d74574e8aacfe31d5f426a6b6.png,f01a733d74574e8aacfe31d5f426a6b6.png,center_1,ndbe,0,fold_1
center_1/ndbe/b1a0ba514ce14aa39e0e53322f003318.png,b1a0ba514ce14aa39e0e53322f003318.png,center_1,ndbe,0,fold_4
center_1/ndbe/9cf4d450eb4848cdb946675d4011db8e.png,9cf4d450eb4848cdb946675d4011db8e.png,center_1,ndbe,0,fold_4
center_1/ndbe/d83efa587143437db605bd12317eda7d.png,d83efa587143437db605bd12317eda7d.png,center_1,ndbe,0,fold_1
center_1/ndbe/7d132be320174b98bbcf2d846d86924a.png,7d132be320174b98bbcf2d846d86924a.png,center_1,ndbe,0,fold_4
center_1/ndbe/bbabc4e4d9e445eb9026675368528769.png,bbabc4e4d9e445eb9026675368528769.png,center_1,ndbe,0,fold_3
center_1/ndbe/63fcd3742caa4cafa042bde54003ac93.png,63fcd3742caa4cafa042bde54003ac93.png,center_1,ndbe,0,fold_0
center_1/ndbe/01569a42d90645858dde183216ab2953.png,01569a42d90645858dde183216ab2953.png,center_1,ndbe,0,fold_2
center_1/ndbe/a03f4bfafedd4f8ba00e10f7d5b9ee5d.png,a03f4bfafedd4f8ba00e10f7d5b9ee5d.png,center_1,ndbe,0,fold_3
center_1/ndbe/310c86d9d8ac4ad4ba2393d743836861.png,310c86d9d8ac4ad4ba2393d743836861.png,center_1,ndbe,0,fold_3
center_1/ndbe/7de471b77fdd4120abe7c05b98e404ec.png,7de471b77fdd4120abe7c05b98e404ec.png,center_1,ndbe,0,fold_3
center_1/ndbe/3e039c0be991438f970a4df03f1dcc39.png,3e039c0be991438f970a4df03f1dcc39.png,center_1,ndbe,0,fold_1
center_1/ndbe/d66974ee41514ea89f09a47488640c83.png,d66974ee41514ea89f09a47488640c83.png,center_1,ndbe,0,fold_4
center_1/ndbe/d81fd522a558438882f1ba01e4c85c94.png,d81fd522a558438882f1ba01e4c85c94.png,center_1,ndbe,0,fold_1
center_1/ndbe/77257c885dee459d8a9b4269a0631c14.png,77257c885dee459d8a9b4269a0631c14.png,center_1,ndbe,0,fold_0
center_1/ndbe/0b68be26fed34315989c21fd85c8b479.png,0b68be26fed34315989c21fd85c8b479.png,center_1,ndbe,0,fold_0
center_1/ndbe/bd737dc823784373a1091429f7e9eb28.png,bd737dc823784373a1091429f7e9eb28.png,center_1,ndbe,0,fold_4
center_1/ndbe/64c1cb4acb094f98953594246f9308d5.png,64c1cb4acb094f98953594246f9308d5.png,center_1,ndbe,0,fold_3
center_1/ndbe/fa355a42e151495c84d51943bf1cda67.png,fa355a42e151495c84d51943bf1cda67.png,center_1,ndbe,0,fold_2
center_1/ndbe/1bb591a3f8fe4e4f9600bea23b3de989.png,1bb591a3f8fe4e4f9600bea23b3de989.png,center_1,ndbe,0,fold_1
center_1/ndbe/5cf5cda5718d4878b2b1a852252e7086.png,5cf5cda5718d4878b2b1a852252e7086.png,center_1,ndbe,0,fold_4
center_1/ndbe/fb7a0a317f8d4fd0b65a9db03e27ea8d.png,fb7a0a317f8d4fd0b65a9db03e27ea8d.png,center_1,ndbe,0,fold_0
center_1/ndbe/0fca8b40dd62488d9c1de75e5d3be857.png,0fca8b40dd62488d9c1de75e5d3be857.png,center_1,ndbe,0,fold_1
center_1/ndbe/9bcbd58ee9c345f188ae57d34b1fbc72.png,9bcbd58ee9c345f188ae57d34b1fbc72.png,center_1,ndbe,0,fold_4
center_1/ndbe/e0cbf0dfaa2848b2b6cc97942c8b88d4.png,e0cbf0dfaa2848b2b6cc97942c8b88d4.png,center_1,ndbe,0,fold_4
center_1/ndbe/58afcac51cc44070a559cd37e3677e9a.png,58afcac51cc44070a559cd37e3677e9a.png,center_1,ndbe,0,fold_1
center_1/ndbe/fd1d7916a10a406483f64f3c0d0deb5a.png,fd1d7916a10a406483f64f3c0d0deb5a.png,center_1,ndbe,0,fold_1
center_1/ndbe/a5a7db8d049045239e740ac13e3a475a.png,a5a7db8d049045239e740ac13e3a475a.png,center_1,ndbe,0,fold_2
center_1/ndbe/b93f5096d979422bb63cc87440684e3a.png,b93f5096d979422bb63cc87440684e3a.png,center_1,ndbe,0,fold_2
center_1/ndbe/db88e2fd297f4dbe8d28cf5f28c10f4a.png,db88e2fd297f4dbe8d28cf5f28c10f4a.png,center_1,ndbe,0,fold_3
center_1/ndbe/ce1d4106aedc419bbbd4dec7fd6dd5ba.png,ce1d4106aedc419bbbd4dec7fd6dd5ba.png,center_1,ndbe,0,fold_0
center_1/ndbe/1f70ee77e6b94a5092e619a1b4ec187f.png,1f70ee77e6b94a5092e619a1b4ec187f.png,center_1,ndbe,0,fold_0
center_1/ndbe/355621d683d0469e89e791d27c2a924c.png,355621d683d0469e89e791d27c2a924c.png,center_1,ndbe,0,fold_0
center_1/ndbe/f8c1bbf3cee041ebae3bdab75e429f32.png,f8c1bbf3cee041ebae3bdab75e429f32.png,center_1,ndbe,0,fold_4
center_1/ndbe/3a3277f51f5a4560adb64b997efa5d18.png,3a3277f51f5a4560adb64b997efa5d18.png,center_1,ndbe,0,fold_2
center_1/ndbe/55e5d258c3894262a304ace02e935803.png,55e5d258c3894262a304ace02e935803.png,center_1,ndbe,0,fold_2
center_1/ndbe/3ff330ae652147f491977f52d091bb2b.png,3ff330ae652147f491977f52d091bb2b.png,center_1,ndbe,0,fold_3
center_1/ndbe/13cf9b2e60bb46bba561c10983d6b0b5.png,13cf9b2e60bb46bba561c10983d6b0b5.png,center_1,ndbe,0,fold_3
center_1/ndbe/c4e133ebc9664e6585a4d440edc506ac.png,c4e133ebc9664e6585a4d440edc506ac.png,center_1,ndbe,0,fold_4
center_1/ndbe/97f682f4ca054e1e901ceef9cf3614c1.png,97f682f4ca054e1e901ceef9cf3614c1.png,center_1,ndbe,0,fold_4
center_1/ndbe/e119727472d64fb688ae5ab303a633e6.png,e119727472d64fb688ae5ab303a633e6.png,center_1,ndbe,0,fold_3
center_1/ndbe/ede0d4063637460980afc4151ca2763b.png,ede0d4063637460980afc4151ca2763b.png,center_1,ndbe,0,fold_1
center_1/ndbe/49ce133e71eb4bf382e4041d2eda1484.png,49ce133e71eb4bf382e4041d2eda1484.png,center_1,ndbe,0,fold_4
center_1/ndbe/672f1c2a8f67436e80d98e498b319dd2.png,672f1c2a8f67436e80d98e498b319dd2.png,center_1,ndbe,0,fold_3
center_1/ndbe/3cceaaa6837741728584efadbe9d1ce1.png,3cceaaa6837741728584efadbe9d1ce1.png,center_1,ndbe,0,fold_4
center_1/ndbe/5b111acb50ee4728bbffd1e7ddd26275.png,5b111acb50ee4728bbffd1e7ddd26275.png,center_1,ndbe,0,fold_1
center_1/ndbe/4b7254babb294e90bfa396ccc51ed6de.png,4b7254babb294e90bfa396ccc51ed6de.png,center_1,ndbe,0,fold_3
center_1/ndbe/b725638fca1b41d48ae8c12a5f594cc4.png,b725638fca1b41d48ae8c12a5f594cc4.png,center_1,ndbe,0,fold_1
center_1/ndbe/90edde0a18fc41d6b438120ad56a1dbc.png,90edde0a18fc41d6b438120ad56a1dbc.png,center_1,ndbe,0,fold_3
center_1/ndbe/80471d7101a3449f9eeb35b3fc133f0f.png,80471d7101a3449f9eeb35b3fc133f0f.png,center_1,ndbe,0,fold_0
center_1/ndbe/af0ee3dfc3144d9ea41f2dec420a778f.png,af0ee3dfc3144d9ea41f2dec420a778f.png,center_1,ndbe,0,fold_2
center_1/ndbe/9750b2dbe4e940fc8f73510eb0321727.png,9750b2dbe4e940fc8f73510eb0321727.png,center_1,ndbe,0,fold_4
center_1/ndbe/3d643eb273454bf58ad322e4c7b6fe89.png,3d643eb273454bf58ad322e4c7b6fe89.png,center_1,ndbe,0,fold_0
center_1/ndbe/94139c7c9f6d46a79d50687fa4be32a6.png,94139c7c9f6d46a79d50687fa4be32a6.png,center_1,ndbe,0,fold_0
center_1/ndbe/c78e8ed1cb1d44cbaaa2cc822c3d87e3.png,c78e8ed1cb1d44cbaaa2cc822c3d87e3.png,center_1,ndbe,0,fold_4
center_1/ndbe/4b117aab9b384adc9b57f38cd7dd5fa7.png,4b117aab9b384adc9b57f38cd7dd5fa7.png,center_1,ndbe,0,fold_2
center_1/ndbe/7120a47157544c108ba05a5df6ff7052.png,7120a47157544c108ba05a5df6ff7052.png,center_1,ndbe,0,fold_1
center_1/ndbe/0dd54f1ab2ee446c851c512e21304b98.png,0dd54f1ab2ee446c851c512e21304b98.png,center_1,ndbe,0,fold_3
center_1/ndbe/8b2c8c4fe9a149508af9127aa20da161.png,8b2c8c4fe9a149508af9127aa20da161.png,center_1,ndbe,0,fold_2
center_1/ndbe/a21acdd83e934f0ebea47545f7ce6d8c.png,a21acdd83e934f0ebea47545f7ce6d8c.png,center_1,ndbe,0,fold_1
center_1/ndbe/ab952ecd62e44155af71200d33ec9d3b.png,ab952ecd62e44155af71200d33ec9d3b.png,center_1,ndbe,0,fold_4
center_1/ndbe/d63674f254b7411297868ee453ecec7b.png,d63674f254b7411297868ee453ecec7b.png,center_1,ndbe,0,fold_0
center_1/ndbe/eef4cc40b5e64009b7a456525ab2825c.png,eef4cc40b5e64009b7a456525ab2825c.png,center_1,ndbe,0,fold_4
center_1/ndbe/60cca870df92405baafeb5c59ef9f170.png,60cca870df92405baafeb5c59ef9f170.png,center_1,ndbe,0,fold_1
center_1/ndbe/5b8bdd99441244cc99fa561234a6b7cb.png,5b8bdd99441244cc99fa561234a6b7cb.png,center_1,ndbe,0,fold_2
center_1/ndbe/8435dc5b963f4d79bad71b91cf7486ff.png,8435dc5b963f4d79bad71b91cf7486ff.png,center_1,ndbe,0,fold_2
center_1/ndbe/6762a8adbea4400dae4b03a4b6c8c6a8.png,6762a8adbea4400dae4b03a4b6c8c6a8.png,center_1,ndbe,0,fold_3
center_1/ndbe/3306c9f9558f47379de7c82ca5ab78a0.png,3306c9f9558f47379de7c82ca5ab78a0.png,center_1,ndbe,0,fold_2
center_1/ndbe/d22017e3136a4135bc131fde1c66a4c7.png,d22017e3136a4135bc131fde1c66a4c7.png,center_1,ndbe,0,fold_1
center_1/ndbe/6c27044769004a6b98bf646badc88a04.png,6c27044769004a6b98bf646badc88a04.png,center_1,ndbe,0,fold_0
center_1/ndbe/d423c102aeee482bb2e5929445ade7f4.png,d423c102aeee482bb2e5929445ade7f4.png,center_1,ndbe,0,fold_0
center_1/ndbe/2686a64ef539462ea544ea47bf73d0d6.png,2686a64ef539462ea544ea47bf73d0d6.png,center_1,ndbe,0,fold_2
center_1/ndbe/902901c7e376442b96e312b810b083c7.png,902901c7e376442b96e312b810b083c7.png,center_1,ndbe,0,fold_2
center_1/ndbe/1f6bfc0dc4294a9982fb695efeb1da1f.png,1f6bfc0dc4294a9982fb695efeb1da1f.png,center_1,ndbe,0,fold_3
center_1/ndbe/8a644caf1d6847769e570ae6aef3063f.png,8a644caf1d6847769e570ae6aef3063f.png,center_1,ndbe,0,fold_4
center_1/ndbe/1abd5eb3cad142c7bd2fe8b57585adde.png,1abd5eb3cad142c7bd2fe8b57585adde.png,center_1,ndbe,0,fold_0
center_1/ndbe/242fb4ea20694d12838af253ccc6058a.png,242fb4ea20694d12838af253ccc6058a.png,center_1,ndbe,0,fold_0
center_1/ndbe/d3cf693317094626bdc34250bf72e215.png,d3cf693317094626bdc34250bf72e215.png,center_1,ndbe,0,fold_1
center_1/ndbe/5da51e90ec824019af378d2077c20dba.png,5da51e90ec824019af378d2077c20dba.png,center_1,ndbe,0,fold_0
center_1/ndbe/89d5f124b6314f57a1786d476f1fa05c.png,89d5f124b6314f57a1786d476f1fa05c.png,center_1,ndbe,0,fold_2
center_1/ndbe/5300d730286f445884d89b8a0260ef14.png,5300d730286f445884d89b8a0260ef14.png,center_1,ndbe,0,fold_2
center_1/ndbe/94bb3d9b65b04445b5e67be16e1ffc76.png,94bb3d9b65b04445b5e67be16e1ffc76.png,center_1,ndbe,0,fold_4
center_1/ndbe/5a1a3a3246764ce49e48186dd6501c95.png,5a1a3a3246764ce49e48186dd6501c95.png,center_1,ndbe,0,fold_2
center_1/ndbe/5b502913f0b142cfa7a71e7ebd95d923.png,5b502913f0b142cfa7a71e7ebd95d923.png,center_1,ndbe,0,fold_2
center_1/ndbe/074dee69dd0247998211c930c4de5b1c.png,074dee69dd0247998211c930c4de5b1c.png,center_1,ndbe,0,fold_0
center_1/ndbe/9379ceea06414ea68750eaf3e351297a.png,9379ceea06414ea68750eaf3e351297a.png,center_1,ndbe,0,fold_2
center_1/ndbe/0111fffd20ab4fb5aa97346070ff53f5.png,0111fffd20ab4fb5aa97346070ff53f5.png,center_1,ndbe,0,fold_2
center_1/ndbe/5c50ebda0cc44cb599e2e4a961c30d43.png,5c50ebda0cc44cb599e2e4a961c30d43.png,center_1,ndbe,0,fold_2
center_1/ndbe/3056e1f4af124b89899dbdd6df13c083.png,3056e1f4af124b89899dbdd6df13c083.png,center_1,ndbe,0,fold_4
center_1/ndbe/e82111691aa94970972c1b2baea9ec87.png,e82111691aa94970972c1b2baea9ec87.png,center_1,ndbe,0,fold_2
center_1/ndbe/847a8516fe2f43eca9ee93e0cf915fd9.png,847a8516fe2f43eca9ee93e0cf915fd9.png,center_1,ndbe,0,fold_1
center_1/ndbe/d078843c6b8a44668952f5d43f0bf248.png,d078843c6b8a44668952f5d43f0bf248.png,center_1,ndbe,0,fold_2
center_1/ndbe/188d2053b7de41e6857df1baf9d29b87.png,188d2053b7de41e6857df1baf9d29b87.png,center_1,ndbe,0,fold_2
center_1/ndbe/0a31aa985ac2497998035882f97ed314.png,0a31aa985ac2497998035882f97ed314.png,center_1,ndbe,0,fold_3
center_1/ndbe/4dcf8ad47c734d1697e71b053e088785.png,4dcf8ad47c734d1697e71b053e088785.png,center_1,ndbe,0,fold_3
center_1/ndbe/7ddccd8f02c940a48d6be409ed9e1ca5.png,7ddccd8f02c940a48d6be409ed9e1ca5.png,center_1,ndbe,0,fold_0
center_1/ndbe/297545ce22d84986b2c652edde3bf848.png,297545ce22d84986b2c652edde3bf848.png,center_1,ndbe,0,fold_2
center_1/ndbe/9b08270316f641398bd47ce6ec41b2bf.png,9b08270316f641398bd47ce6ec41b2bf.png,center_1,ndbe,0,fold_0
center_1/ndbe/dbeb0e5a714548d7b15f20b9689a4219.png,dbeb0e5a714548d7b15f20b9689a4219.png,center_1,ndbe,0,fold_4
center_1/ndbe/a575ea7ab01c49199aea1e8bc7e6eb15.png,a575ea7ab01c49199aea1e8bc7e6eb15.png,center_1,ndbe,0,fold_1
center_1/ndbe/a7789f1b006a4fbc99765e138cfbca43.png,a7789f1b006a4fbc99765e138cfbca43.png,center_1,ndbe,0,fold_1
center_1/ndbe/0ce15daf07d946a2af7e6a9f85b95719.png,0ce15daf07d946a2af7e6a9f85b95719.png,center_1,ndbe,0,fold_3
center_1/ndbe/5023b26b93604ab3bd716d98fab9e5eb.png,5023b26b93604ab3bd716d98fab9e5eb.png,center_1,ndbe,0,fold_1
center_1/ndbe/4ce063f8fedb42978a188bf0c5e82621.png,4ce063f8fedb42978a188bf0c5e82621.png,center_1,ndbe,0,fold_2
center_1/ndbe/b8ed1286a736489cbee9584f167c7c7f.png,b8ed1286a736489cbee9584f167c7c7f.png,center_1,ndbe,0,fold_2
center_1/ndbe/31127ba6c7b549a297a8918d88ca61bb.png,31127ba6c7b549a297a8918d88ca61bb.png,center_1,ndbe,0,fold_4
center_1/ndbe/6a73af4919b54b55b6d8c574f09372e1.png,6a73af4919b54b55b6d8c574f09372e1.png,center_1,ndbe,0,fold_2
center_1/ndbe/36399f69384a4502a794de70fce57285.png,36399f69384a4502a794de70fce57285.png,center_1,ndbe,0,fold_1
center_1/ndbe/aed498209764447e8dab0c26f712ee64.png,aed498209764447e8dab0c26f712ee64.png,center_1,ndbe,0,fold_3
center_1/ndbe/3ade618d88bf4cb5a4be2ad2885a2fc3.png,3ade618d88bf4cb5a4be2ad2885a2fc3.png,center_1,ndbe,0,fold_1
center_1/ndbe/d2ad9883ba7d464a94cf185c0c7b23a2.png,d2ad9883ba7d464a94cf185c0c7b23a2.png,center_1,ndbe,0,fold_2
center_1/ndbe/20d84cef365d44a1bdf6a4e5e60f2b89.png,20d84cef365d44a1bdf6a4e5e60f2b89.png,center_1,ndbe,0,fold_4
center_1/ndbe/464ed9f5ce9d40ed9ba0083b43f8e2dd.png,464ed9f5ce9d40ed9ba0083b43f8e2dd.png,center_1,ndbe,0,fold_2
center_1/ndbe/540c590ec13946ccb5c2f4b06140b325.png,540c590ec13946ccb5c2f4b06140b325.png,center_1,ndbe,0,fold_1
center_1/ndbe/b1f2fa6e5c714e10acb3cdbc8c32133a.png,b1f2fa6e5c714e10acb3cdbc8c32133a.png,center_1,ndbe,0,fold_1
center_1/ndbe/401392c3121a438ca1625e2bc86825c1.png,401392c3121a438ca1625e2bc86825c1.png,center_1,ndbe,0,fold_1
center_1/ndbe/15d41cd518bf4d4ea58a68252139710f.png,15d41cd518bf4d4ea58a68252139710f.png,center_1,ndbe,0,fold_4
center_1/ndbe/6f4cc84b074d46cbb07fca225c92590a.png,6f4cc84b074d46cbb07fca225c92590a.png,center_1,ndbe,0,fold_3
center_1/ndbe/b1e53b9585c84fabb448a726b5d07f3d.png,b1e53b9585c84fabb448a726b5d07f3d.png,center_1,ndbe,0,fold_2
center_1/ndbe/7c9bbd5491cd4370b8288c7b79f0693d.png,7c9bbd5491cd4370b8288c7b79f0693d.png,center_1,ndbe,0,fold_4
center_1/ndbe/e2f76bc1208e4146bb4f4fe1a2ffc2e8.png,e2f76bc1208e4146bb4f4fe1a2ffc2e8.png,center_1,ndbe,0,fold_2
center_1/ndbe/bc72f1cefb38447c82a706c0d9fc16fb.png,bc72f1cefb38447c82a706c0d9fc16fb.png,center_1,ndbe,0,fold_1
center_1/ndbe/4a4cec427f1a49f8bd73ef9bc942c5c8.png,4a4cec427f1a49f8bd73ef9bc942c5c8.png,center_1,ndbe,0,fold_0
center_1/ndbe/4e1c2e55e4654115b62831eb42297af1.png,4e1c2e55e4654115b62831eb42297af1.png,center_1,ndbe,0,fold_3
center_1/ndbe/14fd77833aa147858ed9c742a8ab0fc3.png,14fd77833aa147858ed9c742a8ab0fc3.png,center_1,ndbe,0,fold_1
center_1/ndbe/cd966b1dcb6c46f6812e25ae1201d9c9.png,cd966b1dcb6c46f6812e25ae1201d9c9.png,center_1,ndbe,0,fold_4
center_1/ndbe/b375f64ceaeb4912a00ab840a43f83fe.png,b375f64ceaeb4912a00ab840a43f83fe.png,center_1,ndbe,0,fold_2
center_1/ndbe/de7d2736289e44aea92a7caae81d196f.png,de7d2736289e44aea92a7caae81d196f.png,center_1,ndbe,0,fold_3
center_1/ndbe/1ce91f017ddb4fa0ac0600592746c402.png,1ce91f017ddb4fa0ac0600592746c402.png,center_1,ndbe,0,fold_1
center_1/ndbe/d792993bd8094603a52c5cf474f99725.png,d792993bd8094603a52c5cf474f99725.png,center_1,ndbe,0,fold_0
center_1/ndbe/2834aa22024c4209ab5f0d08e5295ec8.png,2834aa22024c4209ab5f0d08e5295ec8.png,center_1,ndbe,0,fold_1
center_1/ndbe/db83e894180849c1887883edcc41dfa4.png,db83e894180849c1887883edcc41dfa4.png,center_1,ndbe,0,fold_4
center_1/ndbe/3f71a8a5b33a403a8d9a3c81657866a1.png,3f71a8a5b33a403a8d9a3c81657866a1.png,center_1,ndbe,0,fold_4
center_1/ndbe/746914cb37cc4b27a823cb9e91c3a208.png,746914cb37cc4b27a823cb9e91c3a208.png,center_1,ndbe,0,fold_4
center_1/ndbe/fa1c243605a54afbaee550c606611fef.png,fa1c243605a54afbaee550c606611fef.png,center_1,ndbe,0,fold_1
center_1/ndbe/18c9497afcf54edb938ab7157891b25a.png,18c9497afcf54edb938ab7157891b25a.png,center_1,ndbe,0,fold_0
center_1/ndbe/a3427d7efbd341c7ada870f8d554121c.png,a3427d7efbd341c7ada870f8d554121c.png,center_1,ndbe,0,fold_0
center_1/ndbe/f08715da70274747b2218c20188cd2b2.png,f08715da70274747b2218c20188cd2b2.png,center_1,ndbe,0,fold_1
center_1/ndbe/082fceff315742e0862826d56c4d7a41.png,082fceff315742e0862826d56c4d7a41.png,center_1,ndbe,0,fold_2
center_1/ndbe/9b7ed96deb7849ed9b0b0d5e42a545ff.png,9b7ed96deb7849ed9b0b0d5e42a545ff.png,center_1,ndbe,0,fold_1
center_1/ndbe/c0ff8d64d5ac44499ac221c05904a401.png,c0ff8d64d5ac44499ac221c05904a401.png,center_1,ndbe,0,fold_1
center_1/ndbe/c7ea98644bbd46529b6dc7e13af6cae7.png,c7ea98644bbd46529b6dc7e13af6cae7.png,center_1,ndbe,0,fold_0
center_1/ndbe/1387ecffd3ce42d9bbe7efe570398f31.png,1387ecffd3ce42d9bbe7efe570398f31.png,center_1,ndbe,0,fold_3
center_1/ndbe/9df904cb68bc4b1984b4ca2e94ac8562.png,9df904cb68bc4b1984b4ca2e94ac8562.png,center_1,ndbe,0,fold_1
center_1/ndbe/b04da283c63448f994edd5befac014d1.png,b04da283c63448f994edd5befac014d1.png,center_1,ndbe,0,fold_2
center_1/ndbe/ad33614982e9478ebdb057dab47d0ee5.png,ad33614982e9478ebdb057dab47d0ee5.png,center_1,ndbe,0,fold_1
center_1/ndbe/f64b46eb997e4c69b8e650d3b110e4bf.png,f64b46eb997e4c69b8e650d3b110e4bf.png,center_1,ndbe,0,fold_1
center_1/ndbe/90a587c098154c66be0e1872a5484427.png,90a587c098154c66be0e1872a5484427.png,center_1,ndbe,0,fold_2
center_1/ndbe/052e1f69234d4c9d8421670d886a58e0.png,052e1f69234d4c9d8421670d886a58e0.png,center_1,ndbe,0,fold_2
center_1/ndbe/7507e7170b6240a58b2c40c207daca7b.png,7507e7170b6240a58b2c40c207daca7b.png,center_1,ndbe,0,fold_0
center_1/ndbe/61d3e1b5990b4928916dbb329952aee7.png,61d3e1b5990b4928916dbb329952aee7.png,center_1,ndbe,0,fold_4
center_1/ndbe/89a405b9bd9442efa7fc267dca03294f.png,89a405b9bd9442efa7fc267dca03294f.png,center_1,ndbe,0,fold_2
center_1/ndbe/570e70169a9746e985c76d08b43d42c0.png,570e70169a9746e985c76d08b43d42c0.png,center_1,ndbe,0,fold_4
center_1/ndbe/813203e36b8e47b08f15468e22de0a65.png,813203e36b8e47b08f15468e22de0a65.png,center_1,ndbe,0,fold_4
center_1/ndbe/3fd8aa5fa4b54edfba063c2489af6144.png,3fd8aa5fa4b54edfba063c2489af6144.png,center_1,ndbe,0,fold_0
center_1/ndbe/59bcd6837b264dc19b879b3f495e894e.png,59bcd6837b264dc19b879b3f495e894e.png,center_1,ndbe,0,fold_4
center_1/ndbe/79ee8dcf9c0b417283c5a358f452083d.png,79ee8dcf9c0b417283c5a358f452083d.png,center_1,ndbe,0,fold_1
center_1/ndbe/96d2c66bbff84150a867834f6a79ef30.png,96d2c66bbff84150a867834f6a79ef30.png,center_1,ndbe,0,fold_0
center_1/ndbe/8d43dc53339d4f51b9179fd7e0f86737.png,8d43dc53339d4f51b9179fd7e0f86737.png,center_1,ndbe,0,fold_2
center_1/ndbe/8bb38894da0542eaa26ba5fa419d743a.png,8bb38894da0542eaa26ba5fa419d743a.png,center_1,ndbe,0,fold_2
center_1/ndbe/1c00057c60e040ea8148a72f810d1e25.png,1c00057c60e040ea8148a72f810d1e25.png,center_1,ndbe,0,fold_4
center_1/ndbe/24d8bbb2e1564d40ab0dbbb15125b0d0.png,24d8bbb2e1564d40ab0dbbb15125b0d0.png,center_1,ndbe,0,fold_1
center_1/ndbe/9d179b651e9741c483a2ab8fb8e6f89f.png,9d179b651e9741c483a2ab8fb8e6f89f.png,center_1,ndbe,0,fold_1
center_1/ndbe/163c01930f9742eaa77d48f5e024c3a0.png,163c01930f9742eaa77d48f5e024c3a0.png,center_1,ndbe,0,fold_3
center_1/ndbe/64529f67196f40e0b2a1819098883c93.png,64529f67196f40e0b2a1819098883c93.png,center_1,ndbe,0,fold_0
center_1/ndbe/416633eb1ca74f9285466ddffe1c3ce6.png,416633eb1ca74f9285466ddffe1c3ce6.png,center_1,ndbe,0,fold_3
center_1/ndbe/e1635734f85742f7bdd28b024b2f5213.png,e1635734f85742f7bdd28b024b2f5213.png,center_1,ndbe,0,fold_4
center_1/ndbe/6d28eb4340c347e0aa3cedb12fff165c.png,6d28eb4340c347e0aa3cedb12fff165c.png,center_1,ndbe,0,fold_0
center_1/ndbe/b161a7b4ca5e4f11a71677e06b61342e.png,b161a7b4ca5e4f11a71677e06b61342e.png,center_1,ndbe,0,fold_0
center_1/ndbe/90d400881c364a3984d8ae543b02b896.png,90d400881c364a3984d8ae543b02b896.png,center_1,ndbe,0,fold_2
center_1/ndbe/f8106bffa50540c98ab0c8088cf8f621.png,f8106bffa50540c98ab0c8088cf8f621.png,center_1,ndbe,0,fold_2
center_1/ndbe/409cc7b74a234abf834956d03914995d.png,409cc7b74a234abf834956d03914995d.png,center_1,ndbe,0,fold_1
center_1/ndbe/c8fac58273724089bc8d10cd3f149315.png,c8fac58273724089bc8d10cd3f149315.png,center_1,ndbe,0,fold_3
center_1/ndbe/f7cdb5b078964e739e7ef9007a070968.png,f7cdb5b078964e739e7ef9007a070968.png,center_1,ndbe,0,fold_3
center_1/ndbe/72f41ddb10ab4f95bd8ffcdfbb65bd56.png,72f41ddb10ab4f95bd8ffcdfbb65bd56.png,center_1,ndbe,0,fold_0
center_1/ndbe/cfb73021946340ceb6b3e88c6fbb181d.png,cfb73021946340ceb6b3e88c6fbb181d.png,center_1,ndbe,0,fold_4
center_1/ndbe/60079370ed0948e6ba329bc5548f6c01.png,60079370ed0948e6ba329bc5548f6c01.png,center_1,ndbe,0,fold_1
center_1/ndbe/2e251ae2ed5d4318b20986c88b92e1fa.png,2e251ae2ed5d4318b20986c88b92e1fa.png,center_1,ndbe,0,fold_4
center_1/ndbe/6c5828b5037b425d943a33b7e9f62971.png,6c5828b5037b425d943a33b7e9f62971.png,center_1,ndbe,0,fold_1
center_1/ndbe/a8a0073f3d534b8a9a053189750a815f.png,a8a0073f3d534b8a9a053189750a815f.png,center_1,ndbe,0,fold_3
center_1/ndbe/37cc8f15b96a4655b733262728c03a48.png,37cc8f15b96a4655b733262728c03a48.png,center_1,ndbe,0,fold_2
center_1/ndbe/d212e8313b69433784a49e626196ac5e.png,d212e8313b69433784a49e626196ac5e.png,center_1,ndbe,0,fold_2
center_1/ndbe/547a479e6803498caad574bcd0a3ec6a.png,547a479e6803498caad574bcd0a3ec6a.png,center_1,ndbe,0,fold_1
center_1/ndbe/b19c8965d08d4482a9fa9a252b27a8e6.png,b19c8965d08d4482a9fa9a252b27a8e6.png,center_1,ndbe,0,fold_2
center_1/ndbe/1a83b8c58722437aae012845bcc46c17.png,1a83b8c58722437aae012845bcc46c17.png,center_1,ndbe,0,fold_1
center_1/ndbe/a3e60ffce8e64899b055fcd5abf40c3a.png,a3e60ffce8e64899b055fcd5abf40c3a.png,center_1,ndbe,0,fold_0
center_1/ndbe/808d8449ca66409f9082a483dfed92c3.png,808d8449ca66409f9082a483dfed92c3.png,center_1,ndbe,0,fold_1
center_1/ndbe/7a3c0a31d91448f2a48d24e2c12a3ba8.png,7a3c0a31d91448f2a48d24e2c12a3ba8.png,center_1,ndbe,0,fold_4
center_1/ndbe/33dfb9ee1c35449c8bd4ec1ecb14a30d.png,33dfb9ee1c35449c8bd4ec1ecb14a30d.png,center_1,ndbe,0,fold_0
center_1/ndbe/5ed72469252d4c6c86fa932ebbb129f1.png,5ed72469252d4c6c86fa932ebbb129f1.png,center_1,ndbe,0,fold_0
center_1/ndbe/900c93df14504ea095c786aa34121570.png,900c93df14504ea095c786aa34121570.png,center_1,ndbe,0,fold_1
center_1/ndbe/13ea936f7a62454d8bc39beda643cc44.png,13ea936f7a62454d8bc39beda643cc44.png,center_1,ndbe,0,fold_0
center_1/ndbe/dd3e0b678c194b0697ea1af5bcd68d9d.png,dd3e0b678c194b0697ea1af5bcd68d9d.png,center_1,ndbe,0,fold_2
center_1/ndbe/65d4dfa0c4254b5dbe15a31eb24db066.png,65d4dfa0c4254b5dbe15a31eb24db066.png,center_1,ndbe,0,fold_4
center_1/ndbe/8d2e9a46bf2d40ca82933e8c310aaf2c.png,8d2e9a46bf2d40ca82933e8c310aaf2c.png,center_1,ndbe,0,fold_1
center_1/ndbe/de4bcf68738f4a9496b5e87661a71122.png,de4bcf68738f4a9496b5e87661a71122.png,center_1,ndbe,0,fold_1
center_1/ndbe/91fad7d3d7a14bc48d3a6179f14a1de5.png,91fad7d3d7a14bc48d3a6179f14a1de5.png,center_1,ndbe,0,fold_0
center_1/ndbe/6c8a7b23fc22478897dfbc60240fd326.png,6c8a7b23fc22478897dfbc60240fd326.png,center_1,ndbe,0,fold_2
center_1/ndbe/1d9f0749395645c483be597abb8bf84d.png,1d9f0749395645c483be597abb8bf84d.png,center_1,ndbe,0,fold_4
center_1/ndbe/d7a435f40ca0404e93d323a4b6a5a9e4.png,d7a435f40ca0404e93d323a4b6a5a9e4.png,center_1,ndbe,0,fold_1
center_1/ndbe/36b6f1aab7a94726878b0394a262b038.png,36b6f1aab7a94726878b0394a262b038.png,center_1,ndbe,0,fold_1
center_1/ndbe/7bc2fbc916a048eda20951da66bff8d2.png,7bc2fbc916a048eda20951da66bff8d2.png,center_1,ndbe,0,fold_3
center_1/ndbe/c42575f43e97491f955391024efbf04d.png,c42575f43e97491f955391024efbf04d.png,center_1,ndbe,0,fold_4
center_1/ndbe/fccbeb88dd04415eb919775e857360cf.png,fccbeb88dd04415eb919775e857360cf.png,center_1,ndbe,0,fold_2
center_1/ndbe/f559dbf354014597a88e627ee6eab76a.png,f559dbf354014597a88e627ee6eab76a.png,center_1,ndbe,0,fold_2
center_1/ndbe/579e76d938d2492f89856591cb9fce13.png,579e76d938d2492f89856591cb9fce13.png,center_1,ndbe,0,fold_0
center_1/ndbe/2b4568e6710445948516255dce6811ef.png,2b4568e6710445948516255dce6811ef.png,center_1,ndbe,0,fold_4
center_1/ndbe/e5bf3f95753d4122a8383a4a69782e92.png,e5bf3f95753d4122a8383a4a69782e92.png,center_1,ndbe,0,fold_3
center_1/ndbe/3477c4304dc24ab4b7cbd635771c525f.png,3477c4304dc24ab4b7cbd635771c525f.png,center_1,ndbe,0,fold_2
center_1/ndbe/749189eb94184a8c8342e723911069a9.png,749189eb94184a8c8342e723911069a9.png,center_1,ndbe,0,fold_1
center_1/ndbe/0b00e5b44a2c4b64b7c39012278bed24.png,0b00e5b44a2c4b64b7c39012278bed24.png,center_1,ndbe,0,fold_3
center_1/ndbe/9a1d54e57c3146a68de93dca4b00ec68.png,9a1d54e57c3146a68de93dca4b00ec68.png,center_1,ndbe,0,fold_1
center_1/ndbe/cba7bf8327e943249413ab85b00f35e2.png,cba7bf8327e943249413ab85b00f35e2.png,center_1,ndbe,0,fold_0
center_1/ndbe/a0047e7567ed46fda9f440cdc4a84b28.png,a0047e7567ed46fda9f440cdc4a84b28.png,center_1,ndbe,0,fold_3
center_1/ndbe/bf4745f9487e48eebebbee6f6c133f6f.png,bf4745f9487e48eebebbee6f6c133f6f.png,center_1,ndbe,0,fold_2
center_1/ndbe/046db94d799244d69a69c1521233bb40.png,046db94d799244d69a69c1521233bb40.png,center_1,ndbe,0,fold_3
center_1/ndbe/392ebab98c474bcc8f94e05167a6b581.png,392ebab98c474bcc8f94e05167a6b581.png,center_1,ndbe,0,fold_1
center_1/ndbe/3dbf23300e1147488307767c1effa5a4.png,3dbf23300e1147488307767c1effa5a4.png,center_1,ndbe,0,fold_2
center_1/ndbe/4dc362ca067d4464846ec934b0010bf4.png,4dc362ca067d4464846ec934b0010bf4.png,center_1,ndbe,0,fold_1
center_1/ndbe/11293df95f414646b970e877c792d049.png,11293df95f414646b970e877c792d049.png,center_1,ndbe,0,fold_4
center_1/ndbe/298c9d2828b74d0ea80963f606fe4e1c.png,298c9d2828b74d0ea80963f606fe4e1c.png,center_1,ndbe,0,fold_1
center_1/ndbe/3bb51e0a95b649abb45deb6ffb571402.png,3bb51e0a95b649abb45deb6ffb571402.png,center_1,ndbe,0,fold_4
center_1/ndbe/e1c2b057159c4fa6a11cebbfa34d0499.png,e1c2b057159c4fa6a11cebbfa34d0499.png,center_1,ndbe,0,fold_1
center_1/ndbe/ff7cdf2088ad4245961eebd607405049.png,ff7cdf2088ad4245961eebd607405049.png,center_1,ndbe,0,fold_1
center_1/ndbe/ff98ed7af3c542138037bdbf7f022e85.png,ff98ed7af3c542138037bdbf7f022e85.png,center_1,ndbe,0,fold_3
center_1/ndbe/2040329d32984fcfad574244bb529841.png,2040329d32984fcfad574244bb529841.png,center_1,ndbe,0,fold_4
center_1/ndbe/fcfab53ccdb84d548f89914a1484e6af.png,fcfab53ccdb84d548f89914a1484e6af.png,center_1,ndbe,0,fold_0
center_1/ndbe/b086aa5dff7d41589d6b8c90e4eaf50a.png,b086aa5dff7d41589d6b8c90e4eaf50a.png,center_1,ndbe,0,fold_0
center_1/ndbe/f6ca1fb6fe274528ad500df4f79beceb.png,f6ca1fb6fe274528ad500df4f79beceb.png,center_1,ndbe,0,fold_3
center_1/ndbe/4051d8bffd26479a8005a305aad110ac.png,4051d8bffd26479a8005a305aad110ac.png,center_1,ndbe,0,fold_2
center_1/ndbe/e43b8d7aa8584ab680bf2eae3b1bfe3d.png,e43b8d7aa8584ab680bf2eae3b1bfe3d.png,center_1,ndbe,0,fold_4
center_1/ndbe/40276de5f6304b30ae01caf5d5d4cb25.png,40276de5f6304b30ae01caf5d5d4cb25.png,center_1,ndbe,0,fold_2
center_1/ndbe/5a1ae42c8a4449d2b102eae2fa0f556b.png,5a1ae42c8a4449d2b102eae2fa0f556b.png,center_1,ndbe,0,fold_2
center_1/ndbe/556f037ae66a448a8e5fbd1f89e4f034.png,556f037ae66a448a8e5fbd1f89e4f034.png,center_1,ndbe,0,fold_0
center_1/ndbe/2604ffbf561448e192c62f5c3fae9ecc.png,2604ffbf561448e192c62f5c3fae9ecc.png,center_1,ndbe,0,fold_0
center_1/ndbe/90c62132d33b4719a5760ec843aae11c.png,90c62132d33b4719a5760ec843aae11c.png,center_1,ndbe,0,fold_2
center_1/ndbe/11c88dfa4fbe43939f17a1a256eb65b3.png,11c88dfa4fbe43939f17a1a256eb65b3.png,center_1,ndbe,0,fold_2
center_1/ndbe/2abf0144b85f489e8b7968d04c76f063.png,2abf0144b85f489e8b7968d04c76f063.png,center_1,ndbe,0,fold_1
center_1/ndbe/b143a57d7fb649ffb997825321e16ef1.png,b143a57d7fb649ffb997825321e16ef1.png,center_1,ndbe,0,fold_4
center_1/ndbe/21285e84957f4485823f5430718ce4e4.png,21285e84957f4485823f5430718ce4e4.png,center_1,ndbe,0,fold_1
center_1/ndbe/6db56216a2ca4bb3beaa1f16e3a15fcc.png,6db56216a2ca4bb3beaa1f16e3a15fcc.png,center_1,ndbe,0,fold_0
center_1/ndbe/de45175c6be8446682cb0a7a418453a3.png,de45175c6be8446682cb0a7a418453a3.png,center_1,ndbe,0,fold_0
center_1/ndbe/46978a210e6e4dc19dec337fb227a5c5.png,46978a210e6e4dc19dec337fb227a5c5.png,center_1,ndbe,0,fold_1
center_1/ndbe/abd2b2551b4a4e4aa3e9816cef89d5fd.png,abd2b2551b4a4e4aa3e9816cef89d5fd.png,center_1,ndbe,0,fold_4
center_1/ndbe/52ac0a17c59d4f1c821a5b35853cc6b8.png,52ac0a17c59d4f1c821a5b35853cc6b8.png,center_1,ndbe,0,fold_0
center_1/ndbe/b1e86fcd3c3441419078364fb6aab85c.png,b1e86fcd3c3441419078364fb6aab85c.png,center_1,ndbe,0,fold_4
center_1/ndbe/93c9f8a692604b25ba1f13b5fe077d9c.png,93c9f8a692604b25ba1f13b5fe077d9c.png,center_1,ndbe,0,fold_4
center_1/ndbe/305fc46939d444ee92bcb5776217897b.png,305fc46939d444ee92bcb5776217897b.png,center_1,ndbe,0,fold_4
center_1/ndbe/ebd1b979e09a4a9381ee8963635a5534.png,ebd1b979e09a4a9381ee8963635a5534.png,center_1,ndbe,0,fold_1
center_1/ndbe/c498f8325ccf4d45a72022950d5d78a0.png,c498f8325ccf4d45a72022950d5d78a0.png,center_1,ndbe,0,fold_3
center_1/ndbe/ff0f70bcb4db42469ba843064f9c546d.png,ff0f70bcb4db42469ba843064f9c546d.png,center_1,ndbe,0,fold_2
center_1/ndbe/bd0a818078c642dbbca66164fbd667b4.png,bd0a818078c642dbbca66164fbd667b4.png,center_1,ndbe,0,fold_1
center_1/ndbe/fe591558c8f0464896477066708b53ff.png,fe591558c8f0464896477066708b53ff.png,center_1,ndbe,0,fold_0
center_1/ndbe/934710232ccc441482cf5a70cfa5751a.png,934710232ccc441482cf5a70cfa5751a.png,center_1,ndbe,0,fold_2
center_1/ndbe/c175ac392271467781c3813ea9b44025.png,c175ac392271467781c3813ea9b44025.png,center_1,ndbe,0,fold_2
center_1/ndbe/bd352b4368494bf090717e5f7e9c6e15.png,bd352b4368494bf090717e5f7e9c6e15.png,center_1,ndbe,0,fold_0
center_1/ndbe/9c57a3b41a3f40a28906eb8bf999e52f.png,9c57a3b41a3f40a28906eb8bf999e52f.png,center_1,ndbe,0,fold_3
center_1/ndbe/3b20ce62f7804093b9da0eb64a96115b.png,3b20ce62f7804093b9da0eb64a96115b.png,center_1,ndbe,0,fold_2
center_1/ndbe/47614b7a52b744e39be82512369875f7.png,47614b7a52b744e39be82512369875f7.png,center_1,ndbe,0,fold_4
center_1/ndbe/375b508debf64a52954ac0daa6b91e9c.png,375b508debf64a52954ac0daa6b91e9c.png,center_1,ndbe,0,fold_1
center_1/ndbe/08a7c404835041d78077d3dae83b1280.png,08a7c404835041d78077d3dae83b1280.png,center_1,ndbe,0,fold_3
center_1/ndbe/a197d8a58cbc435290564b2063f0f268.png,a197d8a58cbc435290564b2063f0f268.png,center_1,ndbe,0,fold_1
center_1/ndbe/d242478eddb64e6b9d194488e820787b.png,d242478eddb64e6b9d194488e820787b.png,center_1,ndbe,0,fold_4
center_1/ndbe/ac3190c32189438ebfe81dd450ef7315.png,ac3190c32189438ebfe81dd450ef7315.png,center_1,ndbe,0,fold_4
center_1/ndbe/932d8d9368e7405db049cde33b40e75d.png,932d8d9368e7405db049cde33b40e75d.png,center_1,ndbe,0,fold_2
center_1/ndbe/1bff5d049948430ab816f989bc3fc979.png,1bff5d049948430ab816f989bc3fc979.png,center_1,ndbe,0,fold_4
center_1/ndbe/492f5801744745dba6aad2634626e626.png,492f5801744745dba6aad2634626e626.png,center_1,ndbe,0,fold_3
center_1/ndbe/1e87ebc94bd4405398cd449ce4f8dce6.png,1e87ebc94bd4405398cd449ce4f8dce6.png,center_1,ndbe,0,fold_2
center_1/ndbe/e4048b3d2d3d4bbd829fc3426416ded8.png,e4048b3d2d3d4bbd829fc3426416ded8.png,center_1,ndbe,0,fold_4
center_1/ndbe/2e9cb34e22d64288ad79167cf2cb6121.png,2e9cb34e22d64288ad79167cf2cb6121.png,center_1,ndbe,0,fold_0
center_1/ndbe/fad4343b6fab43899bb040830185568d.png,fad4343b6fab43899bb040830185568d.png,center_1,ndbe,0,fold_3
center_1/ndbe/4f191e0302164fb4a15b63bfee67149e.png,4f191e0302164fb4a15b63bfee67149e.png,center_1,ndbe,0,fold_1
center_1/ndbe/3cc88953bb2e4028b0f48b52cab3ef34.png,3cc88953bb2e4028b0f48b52cab3ef34.png,center_1,ndbe,0,fold_4
center_1/ndbe/fb309782a8b64c22bb56cb9b038a7155.png,fb309782a8b64c22bb56cb9b038a7155.png,center_1,ndbe,0,fold_0
center_1/ndbe/c6ed1f095362404299b07442798d4e30.png,c6ed1f095362404299b07442798d4e30.png,center_1,ndbe,0,fold_0
center_1/ndbe/9b5215d03bb34d09bf0661ddbed4ed8d.png,9b5215d03bb34d09bf0661ddbed4ed8d.png,center_1,ndbe,0,fold_4
center_1/ndbe/1073803166e64b508c7ec8639f2feef2.png,1073803166e64b508c7ec8639f2feef2.png,center_1,ndbe,0,fold_4
center_1/ndbe/c915529629c64c0ca1afbad2924078aa.png,c915529629c64c0ca1afbad2924078aa.png,center_1,ndbe,0,fold_0
center_1/ndbe/293c84c278ea4f42849ac39954da4301.png,293c84c278ea4f42849ac39954da4301.png,center_1,ndbe,0,fold_4
center_1/ndbe/f0598673f0214f978f8cfe91445d996a.png,f0598673f0214f978f8cfe91445d996a.png,center_1,ndbe,0,fold_3
center_1/ndbe/124b8dc1935b4c0fb7ffaa3f9736f63f.png,124b8dc1935b4c0fb7ffaa3f9736f63f.png,center_1,ndbe,0,fold_0
center_1/ndbe/1579f9079a124963ad7fe155ce64ee11.png,1579f9079a124963ad7fe155ce64ee11.png,center_1,ndbe,0,fold_0
center_1/ndbe/fd3b470725a84b5b9c7168e5c2492dd9.png,fd3b470725a84b5b9c7168e5c2492dd9.png,center_1,ndbe,0,fold_3
center_1/ndbe/9936488719b54ad799d3e8d25813e1a6.png,9936488719b54ad799d3e8d25813e1a6.png,center_1,ndbe,0,fold_1
center_1/ndbe/c2cdb8166bce4e419f507ab5637bba15.png,c2cdb8166bce4e419f507ab5637bba15.png,center_1,ndbe,0,fold_2
center_1/ndbe/05182c7968c24c8989a1aa5f72dc2fb6.png,05182c7968c24c8989a1aa5f72dc2fb6.png,center_1,ndbe,0,fold_3
center_1/ndbe/9ee73573c7684eb9a039da6aac717408.png,9ee73573c7684eb9a039da6aac717408.png,center_1,ndbe,0,fold_1
center_1/ndbe/d297795d7dc24190b492c13510e0e255.png,d297795d7dc24190b492c13510e0e255.png,center_1,ndbe,0,fold_4
center_1/ndbe/a4cbbaa32b8242a3b26c236f014089fa.png,a4cbbaa32b8242a3b26c236f014089fa.png,center_1,ndbe,0,fold_4
center_1/ndbe/65edd4aa2233423aa0651c40cc3fa1e0.png,65edd4aa2233423aa0651c40cc3fa1e0.png,center_1,ndbe,0,fold_4
center_1/ndbe/a0b2e7a03d984900b39fb71397fc680c.png,a0b2e7a03d984900b39fb71397fc680c.png,center_1,ndbe,0,fold_1
center_1/ndbe/e2765fb2845e4985854f27cf13d47ebc.png,e2765fb2845e4985854f27cf13d47ebc.png,center_1,ndbe,0,fold_2
center_1/ndbe/fa81bc6ab8334409a7a857b6a61bcf14.png,fa81bc6ab8334409a7a857b6a61bcf14.png,center_1,ndbe,0,fold_1
center_1/ndbe/377316a0be5741c5b93e19f4fe392387.png,377316a0be5741c5b93e19f4fe392387.png,center_1,ndbe,0,fold_4
center_1/ndbe/6e874da6f1f7457c979d1f9c4198e308.png,6e874da6f1f7457c979d1f9c4198e308.png,center_1,ndbe,0,fold_2
center_1/ndbe/f8bd2bfa23094d729b1b358b91bfc224.png,f8bd2bfa23094d729b1b358b91bfc224.png,center_1,ndbe,0,fold_2
center_1/ndbe/c941836095d34820b157733b8846e799.png,c941836095d34820b157733b8846e799.png,center_1,ndbe,0,fold_3
center_1/ndbe/30adfe55dbe14517a6fa3d0b74e13e74.png,30adfe55dbe14517a6fa3d0b74e13e74.png,center_1,ndbe,0,fold_4
center_1/ndbe/48a8fac906be4cb5ab158c7e709ecc8b.png,48a8fac906be4cb5ab158c7e709ecc8b.png,center_1,ndbe,0,fold_3
center_1/ndbe/d72a6cc2e33749e9a581ed8f6e36f00e.png,d72a6cc2e33749e9a581ed8f6e36f00e.png,center_1,ndbe,0,fold_4
center_1/ndbe/bbcc6c5ffe41418b95f97f0c04be4c37.png,bbcc6c5ffe41418b95f97f0c04be4c37.png,center_1,ndbe,0,fold_4
center_1/ndbe/24dd3c9c91434154a47846e00a552552.png,24dd3c9c91434154a47846e00a552552.png,center_1,ndbe,0,fold_2
center_1/ndbe/05846d9f9ed145339fc30328757b15df.png,05846d9f9ed145339fc30328757b15df.png,center_1,ndbe,0,fold_4
center_1/ndbe/37cdfcd412db49eb91fec5a54747e4af.png,37cdfcd412db49eb91fec5a54747e4af.png,center_1,ndbe,0,fold_1
center_1/ndbe/7acc71d572784d2fa2199ad5038f4810.png,7acc71d572784d2fa2199ad5038f4810.png,center_1,ndbe,0,fold_3
center_1/ndbe/a8337301c5a34424ab83d65020ad5a4a.png,a8337301c5a34424ab83d65020ad5a4a.png,center_1,ndbe,0,fold_0
center_1/ndbe/26cede82988a45c9abe60eda206e6e2d.png,26cede82988a45c9abe60eda206e6e2d.png,center_1,ndbe,0,fold_3
center_1/ndbe/003cdde9e5a24b78ac980fbda7c0b87a.png,003cdde9e5a24b78ac980fbda7c0b87a.png,center_1,ndbe,0,fold_2
center_1/ndbe/4f82745ce8964affa723fdc89459dc6a.png,4f82745ce8964affa723fdc89459dc6a.png,center_1,ndbe,0,fold_3
center_1/ndbe/08689485d4be463faac89ef995948997.png,08689485d4be463faac89ef995948997.png,center_1,ndbe,0,fold_2
center_1/ndbe/01544afe35314fddac5042785f48b94e.png,01544afe35314fddac5042785f48b94e.png,center_1,ndbe,0,fold_1
center_1/ndbe/0f18d80c5f714df28bf8f7fdd9738aa0.png,0f18d80c5f714df28bf8f7fdd9738aa0.png,center_1,ndbe,0,fold_3
center_1/ndbe/7360bc37420042cea22d9eaab21c51d6.png,7360bc37420042cea22d9eaab21c51d6.png,center_1,ndbe,0,fold_4
center_1/ndbe/2edb14a9baf14ab0b16a2028b08025cc.png,2edb14a9baf14ab0b16a2028b08025cc.png,center_1,ndbe,0,fold_1
center_1/ndbe/16805718bf0542b7a71f1c8323a039f4.png,16805718bf0542b7a71f1c8323a039f4.png,center_1,ndbe,0,fold_4
center_1/ndbe/a95a2ac8bfb64c4d8f7c7a646672d8ef.png,a95a2ac8bfb64c4d8f7c7a646672d8ef.png,center_1,ndbe,0,fold_2
center_1/ndbe/33f61c76da6f4282a7ad3fc02b061889.png,33f61c76da6f4282a7ad3fc02b061889.png,center_1,ndbe,0,fold_4
center_1/ndbe/8ab7fea159794eb99fc345f59a542163.png,8ab7fea159794eb99fc345f59a542163.png,center_1,ndbe,0,fold_0
center_1/ndbe/fddd76a39c61413aa50b815025e08ebb.png,fddd76a39c61413aa50b815025e08ebb.png,center_1,ndbe,0,fold_0
center_1/ndbe/98f788094ed44261868934bf9b4f5f7a.png,98f788094ed44261868934bf9b4f5f7a.png,center_1,ndbe,0,fold_4
center_1/ndbe/7094a0bfabd34f15aaf6944be1ed48c5.png,7094a0bfabd34f15aaf6944be1ed48c5.png,center_1,ndbe,0,fold_1
center_1/ndbe/e2512f2cb23d4680a9a477bc9b76700e.png,e2512f2cb23d4680a9a477bc9b76700e.png,center_1,ndbe,0,fold_2
center_1/ndbe/aa4c4f15ccff476a89ca013f2ae163e3.png,aa4c4f15ccff476a89ca013f2ae163e3.png,center_1,ndbe,0,fold_2
center_1/ndbe/b8a45dd7d8db459991bc5061479e2940.png,b8a45dd7d8db459991bc5061479e2940.png,center_1,ndbe,0,fold_4
center_1/ndbe/1517d0a97acf426fab39934c0204f4ca.png,1517d0a97acf426fab39934c0204f4ca.png,center_1,ndbe,0,fold_4
center_1/ndbe/f87e8adbad7b4338a7f968400b8059ef.png,f87e8adbad7b4338a7f968400b8059ef.png,center_1,ndbe,0,fold_0
center_1/ndbe/8f040b2019c24913bd692fe97879b691.png,8f040b2019c24913bd692fe97879b691.png,center_1,ndbe,0,fold_3
center_1/ndbe/d145c01541784394a262185ff9c791f2.png,d145c01541784394a262185ff9c791f2.png,center_1,ndbe,0,fold_3
center_1/ndbe/fa2064ebb14843819e3fb1cb00c7d351.png,fa2064ebb14843819e3fb1cb00c7d351.png,center_1,ndbe,0,fold_3
center_1/ndbe/afe9b97d19fe4218ad44d1f23dfe425c.png,afe9b97d19fe4218ad44d1f23dfe425c.png,center_1,ndbe,0,fold_1
center_1/ndbe/07b542081aa849b9ad8e117c0d3a40b8.png,07b542081aa849b9ad8e117c0d3a40b8.png,center_1,ndbe,0,fold_1
center_1/ndbe/856bccf0480246fe92c7cba3cf26d99e.png,856bccf0480246fe92c7cba3cf26d99e.png,center_1,ndbe,0,fold_4
center_1/ndbe/66aef480efc14ef6aaf267ebc97f8be0.png,66aef480efc14ef6aaf267ebc97f8be0.png,center_1,ndbe,0,fold_3
center_1/ndbe/d97ef14f44ed4fa4bc67a103c201bdc4.png,d97ef14f44ed4fa4bc67a103c201bdc4.png,center_1,ndbe,0,fold_2
center_1/ndbe/d4f38e12b7534ab1906a97c21400acc2.png,d4f38e12b7534ab1906a97c21400acc2.png,center_1,ndbe,0,fold_0
center_1/ndbe/71b0d076ef9242909e1e1a34cd7a08a7.png,71b0d076ef9242909e1e1a34cd7a08a7.png,center_1,ndbe,0,fold_0
center_1/ndbe/67640a14140e457c968548ad160c1804.png,67640a14140e457c968548ad160c1804.png,center_1,ndbe,0,fold_0
center_1/ndbe/2d4ebcec6f124c6d8f82fc31ecc70f28.png,2d4ebcec6f124c6d8f82fc31ecc70f28.png,center_1,ndbe,0,fold_2
center_1/ndbe/447db2b085a34bd9b02e97991c894911.png,447db2b085a34bd9b02e97991c894911.png,center_1,ndbe,0,fold_0
center_1/ndbe/52b426bc0f09405e83a497d333932231.png,52b426bc0f09405e83a497d333932231.png,center_1,ndbe,0,fold_4
center_1/ndbe/0ce99516e4214cb6904b696ff84f8d04.png,0ce99516e4214cb6904b696ff84f8d04.png,center_1,ndbe,0,fold_3
center_1/ndbe/666dfb734890443d8e61b027b8932538.png,666dfb734890443d8e61b027b8932538.png,center_1,ndbe,0,fold_2
center_1/ndbe/32f8c327c48f4804854b407cd8742a47.png,32f8c327c48f4804854b407cd8742a47.png,center_1,ndbe,0,fold_2
center_1/ndbe/1d2bd9f6c5a3486f8172618cc65b1f84.png,1d2bd9f6c5a3486f8172618cc65b1f84.png,center_1,ndbe,0,fold_0
center_1/ndbe/4c128a9afe304cc6803b95264c5d21c0.png,4c128a9afe304cc6803b95264c5d21c0.png,center_1,ndbe,0,fold_2
center_1/ndbe/0b2c51d34a464d03be99131725de50fb.png,0b2c51d34a464d03be99131725de50fb.png,center_1,ndbe,0,fold_4
center_1/ndbe/ad67dadf26724e23a4296e3cb21c3aa3.png,ad67dadf26724e23a4296e3cb21c3aa3.png,center_1,ndbe,0,fold_2
center_1/ndbe/1cef7d8df4914a5391434d3e6f6f4a73.png,1cef7d8df4914a5391434d3e6f6f4a73.png,center_1,ndbe,0,fold_1
center_1/ndbe/63b9285937a84676a4f77086c2a3f16f.png,63b9285937a84676a4f77086c2a3f16f.png,center_1,ndbe,0,fold_3
center_1/ndbe/099f7620a36e4301901d7778c7564b88.png,099f7620a36e4301901d7778c7564b88.png,center_1,ndbe,0,fold_0
center_1/ndbe/a7bcbca81c524434a22fc27ae402bc92.png,a7bcbca81c524434a22fc27ae402bc92.png,center_1,ndbe,0,fold_2
center_1/ndbe/98c005d53b004c89a72ab30e0040fe87.png,98c005d53b004c89a72ab30e0040fe87.png,center_1,ndbe,0,fold_2
center_1/ndbe/c6ce6d53db5949739e7f1edd713489b0.png,c6ce6d53db5949739e7f1edd713489b0.png,center_1,ndbe,0,fold_4
center_1/ndbe/69faa53212de4965b31f5109856cab8c.png,69faa53212de4965b31f5109856cab8c.png,center_1,ndbe,0,fold_1
center_1/ndbe/db4c9ded3bd640edbbb94b92aca6c6b2.png,db4c9ded3bd640edbbb94b92aca6c6b2.png,center_1,ndbe,0,fold_3
center_1/ndbe/e413bb5c71224e3aa877d53c1b859e76.png,e413bb5c71224e3aa877d53c1b859e76.png,center_1,ndbe,0,fold_4
center_1/ndbe/f971a74d086e43a0a7fc70325a6b92a3.png,f971a74d086e43a0a7fc70325a6b92a3.png,center_1,ndbe,0,fold_1
center_1/ndbe/84ecac5f80ce40118798bc9c62b24fa5.png,84ecac5f80ce40118798bc9c62b24fa5.png,center_1,ndbe,0,fold_0
center_1/ndbe/c46631533ab84e71b0c9ac1dad2d7300.png,c46631533ab84e71b0c9ac1dad2d7300.png,center_1,ndbe,0,fold_0
center_1/ndbe/c09b08e0193045a799e1dcb13ca32007.png,c09b08e0193045a799e1dcb13ca32007.png,center_1,ndbe,0,fold_4
center_1/ndbe/518d572607f745d390ba9bb64feb70fe.png,518d572607f745d390ba9bb64feb70fe.png,center_1,ndbe,0,fold_0
center_1/ndbe/e8875fa33a834e868e1933e9282e9edf.png,e8875fa33a834e868e1933e9282e9edf.png,center_1,ndbe,0,fold_3
center_1/ndbe/03577966899b45f1aacb9c46fd2b29ee.png,03577966899b45f1aacb9c46fd2b29ee.png,center_1,ndbe,0,fold_2
center_1/ndbe/1cd71f53a2d84f21a676662818f98662.png,1cd71f53a2d84f21a676662818f98662.png,center_1,ndbe,0,fold_4
center_1/ndbe/c9be75ac34a649f7835163825f51a5ae.png,c9be75ac34a649f7835163825f51a5ae.png,center_1,ndbe,0,fold_3
center_1/ndbe/ad170bf7091a45d9ae12b73b257c6557.png,ad170bf7091a45d9ae12b73b257c6557.png,center_1,ndbe,0,fold_0
center_1/ndbe/009f9697b2d64306bbcc13c8f95d6196.png,009f9697b2d64306bbcc13c8f95d6196.png,center_1,ndbe,0,fold_4
center_1/ndbe/5099263dd71f489dbec09e3a9e650847.png,5099263dd71f489dbec09e3a9e650847.png,center_1,ndbe,0,fold_1
center_1/ndbe/a91e795facec40c285a29d1ffdbfd963.png,a91e795facec40c285a29d1ffdbfd963.png,center_1,ndbe,0,fold_4
center_1/ndbe/acdc5f03a23346b3ab92b56ab2f2dee7.png,acdc5f03a23346b3ab92b56ab2f2dee7.png,center_1,ndbe,0,fold_4
center_1/ndbe/f4eaf653adea4e56b93fc0372015fac1.png,f4eaf653adea4e56b93fc0372015fac1.png,center_1,ndbe,0,fold_4
center_1/ndbe/6ee31c7675d142abb0bbd4553a94d186.png,6ee31c7675d142abb0bbd4553a94d186.png,center_1,ndbe,0,fold_1
center_1/ndbe/99ce0514ab6f45049c08c7541d67f582.png,99ce0514ab6f45049c08c7541d67f582.png,center_1,ndbe,0,fold_1
center_1/ndbe/536e2ec30a2e4edba0976f4a923cf944.png,536e2ec30a2e4edba0976f4a923cf944.png,center_1,ndbe,0,fold_4
center_1/ndbe/62c59fc1355f430786de82d07b0589e3.png,62c59fc1355f430786de82d07b0589e3.png,center_1,ndbe,0,fold_1
center_1/ndbe/38505b6d11134040a8b5c08e1ff1e7df.png,38505b6d11134040a8b5c08e1ff1e7df.png,center_1,ndbe,0,fold_4
center_1/ndbe/6cc5070f27034610836173dc242812d1.png,6cc5070f27034610836173dc242812d1.png,center_1,ndbe,0,fold_4
center_1/ndbe/d54882e4f6bb45ea90b4ca4cd9316afa.png,d54882e4f6bb45ea90b4ca4cd9316afa.png,center_1,ndbe,0,fold_2
center_1/ndbe/522fe53fa6344b5ab6d32bde869d52fb.png,522fe53fa6344b5ab6d32bde869d52fb.png,center_1,ndbe,0,fold_1
center_1/ndbe/b47f535883c9449cbfdada9985190c11.png,b47f535883c9449cbfdada9985190c11.png,center_1,ndbe,0,fold_4
center_1/ndbe/b13ab74f969448bfbfd7ada477d669df.png,b13ab74f969448bfbfd7ada477d669df.png,center_1,ndbe,0,fold_3
center_1/ndbe/cffaf2c0304a4cc79000648be1b00798.png,cffaf2c0304a4cc79000648be1b00798.png,center_1,ndbe,0,fold_4
center_1/ndbe/1a29c96a3d854371b4b74a9310f626d2.png,1a29c96a3d854371b4b74a9310f626d2.png,center_1,ndbe,0,fold_2
center_1/ndbe/d599491917bc46e89fc11929aaedaf27.png,d599491917bc46e89fc11929aaedaf27.png,center_1,ndbe,0,fold_0
center_1/ndbe/4224a93d00044096a1264f39527a7899.png,4224a93d00044096a1264f39527a7899.png,center_1,ndbe,0,fold_3
center_1/ndbe/0d29c1fd0b634e2cbcc4a3616333747f.png,0d29c1fd0b634e2cbcc4a3616333747f.png,center_1,ndbe,0,fold_4
center_1/ndbe/e10b8b7c313e4694a285eab500451fde.png,e10b8b7c313e4694a285eab500451fde.png,center_1,ndbe,0,fold_3
center_1/ndbe/1898794182224ed1a34b69db5b247d30.png,1898794182224ed1a34b69db5b247d30.png,center_1,ndbe,0,fold_0
center_1/ndbe/5703d758f1ed474faa3607c72cc5cda7.png,5703d758f1ed474faa3607c72cc5cda7.png,center_1,ndbe,0,fold_4
center_1/ndbe/5d00d78eb47b43dbb66158880155372e.png,5d00d78eb47b43dbb66158880155372e.png,center_1,ndbe,0,fold_2
center_1/ndbe/8f437f733e6a449ba79566ac709c4bab.png,8f437f733e6a449ba79566ac709c4bab.png,center_1,ndbe,0,fold_4
center_1/ndbe/20a0cc770ff748a4be6a28cde87d647d.png,20a0cc770ff748a4be6a28cde87d647d.png,center_1,ndbe,0,fold_1
center_1/ndbe/4a8e4fc3cdfd4a8a9ef52e456ca18113.png,4a8e4fc3cdfd4a8a9ef52e456ca18113.png,center_1,ndbe,0,fold_4
center_1/ndbe/35d29b8ee23144f898aa309813bd1c78.png,35d29b8ee23144f898aa309813bd1c78.png,center_1,ndbe,0,fold_3
center_1/ndbe/cfb6649245584c3ab92baf9c305bed37.png,cfb6649245584c3ab92baf9c305bed37.png,center_1,ndbe,0,fold_1
center_1/ndbe/8827e1a20a154d90a23e7154cefa98eb.png,8827e1a20a154d90a23e7154cefa98eb.png,center_1,ndbe,0,fold_3
center_1/ndbe/a8e5e46805934ce3b8dd7477d20d2ff7.png,a8e5e46805934ce3b8dd7477d20d2ff7.png,center_1,ndbe,0,fold_0
center_1/ndbe/468b7f31cacc4e61b0ac6cd3544dd1ec.png,468b7f31cacc4e61b0ac6cd3544dd1ec.png,center_1,ndbe,0,fold_2
center_1/ndbe/e308fad1fd19478f8f69b2509795a253.png,e308fad1fd19478f8f69b2509795a253.png,center_1,ndbe,0,fold_1
center_1/ndbe/bfd0be6d0fbd41c39f6516278bb489be.png,bfd0be6d0fbd41c39f6516278bb489be.png,center_1,ndbe,0,fold_4
center_1/ndbe/14fed2ad205445c4ab069014979b6c78.png,14fed2ad205445c4ab069014979b6c78.png,center_1,ndbe,0,fold_0
center_1/ndbe/8588aec457c54aa78f2322e9daed5c9b.png,8588aec457c54aa78f2322e9daed5c9b.png,center_1,ndbe,0,fold_0
center_1/ndbe/4e3eb0a4ed1f43118709bcdfc4191465.png,4e3eb0a4ed1f43118709bcdfc4191465.png,center_1,ndbe,0,fold_1
center_1/ndbe/72b043f130bb491585972dd55a1b7d37.png,72b043f130bb491585972dd55a1b7d37.png,center_1,ndbe,0,fold_0
center_1/ndbe/287b5b4499994bc4919817618bb9434a.png,287b5b4499994bc4919817618bb9434a.png,center_1,ndbe,0,fold_0
center_1/ndbe/d9b307ed89fa40bf9161976624d946a9.png,d9b307ed89fa40bf9161976624d946a9.png,center_1,ndbe,0,fold_0
center_1/ndbe/cce566176cfb4304bb84ba0d7e3d744e.png,cce566176cfb4304bb84ba0d7e3d744e.png,center_1,ndbe,0,fold_1
center_1/ndbe/8c2ed2b166ba477784576789d23ab27e.png,8c2ed2b166ba477784576789d23ab27e.png,center_1,ndbe,0,fold_3
center_1/ndbe/87179e075e904348b000bec8402f512e.png,87179e075e904348b000bec8402f512e.png,center_1,ndbe,0,fold_3
center_1/ndbe/e6a2cfa59d484362991e950b6f19cbe0.png,e6a2cfa59d484362991e950b6f19cbe0.png,center_1,ndbe,0,fold_3
center_1/ndbe/25e09933053e4e2e90618d245244e3f6.png,25e09933053e4e2e90618d245244e3f6.png,center_1,ndbe,0,fold_3
center_1/ndbe/2af3b5a6ab344b3fb8299d256b199507.png,2af3b5a6ab344b3fb8299d256b199507.png,center_1,ndbe,0,fold_4
center_1/ndbe/84c889e1fd4a481eae866900d0788291.png,84c889e1fd4a481eae866900d0788291.png,center_1,ndbe,0,fold_2
center_1/ndbe/c272d11e45da4ddf8b8e7b11133dd655.png,c272d11e45da4ddf8b8e7b11133dd655.png,center_1,ndbe,0,fold_3
center_1/ndbe/c29d709d87804083bd36e9d1074d9aa6.png,c29d709d87804083bd36e9d1074d9aa6.png,center_1,ndbe,0,fold_3
center_1/ndbe/ea90720850024573b36ac8328e1fd048.png,ea90720850024573b36ac8328e1fd048.png,center_1,ndbe,0,fold_1
center_1/ndbe/d70407b17c6f4fe1b1443f869a80ad18.png,d70407b17c6f4fe1b1443f869a80ad18.png,center_1,ndbe,0,fold_3
center_1/ndbe/bedeecac2fb64f428836c0b67c44d3df.png,bedeecac2fb64f428836c0b67c44d3df.png,center_1,ndbe,0,fold_1
center_1/ndbe/ac0f97e1bd1a4565973cfdb0a63cb265.png,ac0f97e1bd1a4565973cfdb0a63cb265.png,center_1,ndbe,0,fold_0
center_1/ndbe/834d5a7d290149eaad866cf1d9e0b599.png,834d5a7d290149eaad866cf1d9e0b599.png,center_1,ndbe,0,fold_1
center_1/ndbe/38f5aee8511f4feeb3204a1bb839b474.png,38f5aee8511f4feeb3204a1bb839b474.png,center_1,ndbe,0,fold_3
center_1/ndbe/9772b41037b74a0383d1307faf288169.png,9772b41037b74a0383d1307faf288169.png,center_1,ndbe,0,fold_2
center_1/ndbe/0a44e5520f534fd4b572b5d4632ee0c2.png,0a44e5520f534fd4b572b5d4632ee0c2.png,center_1,ndbe,0,fold_4
center_1/ndbe/6a3df800762845cabb3f66402749c7b7.png,6a3df800762845cabb3f66402749c7b7.png,center_1,ndbe,0,fold_3
center_1/ndbe/5cb10e506b1047829a715f640d3edef4.png,5cb10e506b1047829a715f640d3edef4.png,center_1,ndbe,0,fold_4
center_1/ndbe/5b18ef49149646e296278a5ce528397f.png,5b18ef49149646e296278a5ce528397f.png,center_1,ndbe,0,fold_2
center_1/ndbe/81492fcd5eb9480e8dfff2f7c8a8cb0d.png,81492fcd5eb9480e8dfff2f7c8a8cb0d.png,center_1,ndbe,0,fold_4
center_1/ndbe/58a39d11c8df446a98fddbb725ff98c7.png,58a39d11c8df446a98fddbb725ff98c7.png,center_1,ndbe,0,fold_3
center_1/ndbe/6bce1eb86af048cd9a47eefe8a0b90dd.png,6bce1eb86af048cd9a47eefe8a0b90dd.png,center_1,ndbe,0,fold_4
center_1/ndbe/1b6b97fd5a384e6b941029a44b20acac.png,1b6b97fd5a384e6b941029a44b20acac.png,center_1,ndbe,0,fold_1
center_1/ndbe/234b85d6fb824e1a8b09a1e031ae5232.png,234b85d6fb824e1a8b09a1e031ae5232.png,center_1,ndbe,0,fold_1
center_1/ndbe/485a2ff4b6544590b4358dac4ba30f2a.png,485a2ff4b6544590b4358dac4ba30f2a.png,center_1,ndbe,0,fold_2
center_1/ndbe/410036f0573441269ce2593763ceac0e.png,410036f0573441269ce2593763ceac0e.png,center_1,ndbe,0,fold_0
center_1/ndbe/37e25961f5a448949dab6cceffddc478.png,37e25961f5a448949dab6cceffddc478.png,center_1,ndbe,0,fold_1
center_1/ndbe/892e0d1d176b46b9ab995fe3de51e583.png,892e0d1d176b46b9ab995fe3de51e583.png,center_1,ndbe,0,fold_3
center_1/ndbe/a872855298c04c27b0ba89d7bb7f2f1e.png,a872855298c04c27b0ba89d7bb7f2f1e.png,center_1,ndbe,0,fold_3
center_1/ndbe/3050120906fc4e068a653a192a5ed2f4.png,3050120906fc4e068a653a192a5ed2f4.png,center_1,ndbe,0,fold_1
center_1/ndbe/0b438118161f454bad74b4d871b3ebf6.png,0b438118161f454bad74b4d871b3ebf6.png,center_1,ndbe,0,fold_2
center_1/ndbe/77949be79eac41848b6b8ac45ff0d265.png,77949be79eac41848b6b8ac45ff0d265.png,center_1,ndbe,0,fold_3
center_1/ndbe/a012f5242a3246f281c18dbbfdb5f282.png,a012f5242a3246f281c18dbbfdb5f282.png,center_1,ndbe,0,fold_2
center_1/ndbe/2e023ac008244ad8871b203707121219.png,2e023ac008244ad8871b203707121219.png,center_1,ndbe,0,fold_2
center_1/ndbe/d0a5631b388d446bb2178051fdc03192.png,d0a5631b388d446bb2178051fdc03192.png,center_1,ndbe,0,fold_3
center_1/ndbe/3442a1f58b9f4c5799559ab546ad1e21.png,3442a1f58b9f4c5799559ab546ad1e21.png,center_1,ndbe,0,fold_3
center_1/ndbe/7cbb5d6d1e0a409cb10a6cc849d80ab0.png,7cbb5d6d1e0a409cb10a6cc849d80ab0.png,center_1,ndbe,0,fold_3
center_1/ndbe/646dce44e0a244a3b03d2d3fa8aedbc9.png,646dce44e0a244a3b03d2d3fa8aedbc9.png,center_1,ndbe,0,fold_4
center_1/ndbe/e8bd2a18608a4361825f4bc5a00b6037.png,e8bd2a18608a4361825f4bc5a00b6037.png,center_1,ndbe,0,fold_3
center_1/ndbe/3b019794635a42fc86db91e65a78284e.png,3b019794635a42fc86db91e65a78284e.png,center_1,ndbe,0,fold_3
center_1/ndbe/50f493354fa845788489f94f59c87a8f.png,50f493354fa845788489f94f59c87a8f.png,center_1,ndbe,0,fold_3
center_1/ndbe/60301a5deb5b4541aea6881a196fcaec.png,60301a5deb5b4541aea6881a196fcaec.png,center_1,ndbe,0,fold_4
center_1/ndbe/24d3e762ce0644e983c923ec6bcaed8d.png,24d3e762ce0644e983c923ec6bcaed8d.png,center_1,ndbe,0,fold_4
center_1/ndbe/92c9928bede34739a225a4112fafff43.png,92c9928bede34739a225a4112fafff43.png,center_1,ndbe,0,fold_3
center_1/ndbe/d3cd28bcfb5f4a68b2435cba3ed2c897.png,d3cd28bcfb5f4a68b2435cba3ed2c897.png,center_1,ndbe,0,fold_2
center_1/ndbe/29c04abfec284d5788c534e97a62fd7d.png,29c04abfec284d5788c534e97a62fd7d.png,center_1,ndbe,0,fold_1
center_1/ndbe/625826029f544aa9a996a5dc1f0d0919.png,625826029f544aa9a996a5dc1f0d0919.png,center_1,ndbe,0,fold_3
center_1/ndbe/de3645951e1d4a47aa88d28172d40702.png,de3645951e1d4a47aa88d28172d40702.png,center_1,ndbe,0,fold_4
center_1/ndbe/a1a524ccf9274417a17373fb73df7853.png,a1a524ccf9274417a17373fb73df7853.png,center_1,ndbe,0,fold_3
center_1/ndbe/cbbab574f92b4efb9c009aba673e9011.png,cbbab574f92b4efb9c009aba673e9011.png,center_1,ndbe,0,fold_2
center_1/ndbe/e3eafc2d3ac946c3af16def69460a623.png,e3eafc2d3ac946c3af16def69460a623.png,center_1,ndbe,0,fold_2
center_1/ndbe/2a694c3ccaee46018cae48e5cff51739.png,2a694c3ccaee46018cae48e5cff51739.png,center_1,ndbe,0,fold_1
center_1/ndbe/e258f78665264e519d00e14526767ff7.png,e258f78665264e519d00e14526767ff7.png,center_1,ndbe,0,fold_3
center_1/ndbe/82bb202572044ed190cb7fa4a6f8c36a.png,82bb202572044ed190cb7fa4a6f8c36a.png,center_1,ndbe,0,fold_3
center_1/ndbe/c37c474f6dc243e385909f1b1aa8bec0.png,c37c474f6dc243e385909f1b1aa8bec0.png,center_1,ndbe,0,fold_4
center_1/ndbe/48d1b5199b384f06865934c200c86409.png,48d1b5199b384f06865934c200c86409.png,center_1,ndbe,0,fold_0
center_1/ndbe/d0be82ccda21467ebf6975d8219eb0bb.png,d0be82ccda21467ebf6975d8219eb0bb.png,center_1,ndbe,0,fold_2
center_1/ndbe/c6a09aaf0e634827a69cc8e121ac4df5.png,c6a09aaf0e634827a69cc8e121ac4df5.png,center_1,ndbe,0,fold_1
center_1/ndbe/8597dbbc77454e6a85625f8e3ff07f84.png,8597dbbc77454e6a85625f8e3ff07f84.png,center_1,ndbe,0,fold_1
center_1/ndbe/3ab0f3b0231a4c21b01bd93e507d1b4a.png,3ab0f3b0231a4c21b01bd93e507d1b4a.png,center_1,ndbe,0,fold_3
center_1/ndbe/b555096f3f5f47d7b4c631cc8e4420b5.png,b555096f3f5f47d7b4c631cc8e4420b5.png,center_1,ndbe,0,fold_4
center_1/ndbe/9a723f817106498ab22010f523bee049.png,9a723f817106498ab22010f523bee049.png,center_1,ndbe,0,fold_2
center_1/ndbe/58b15ce562a2495a9efa9e4e8d84610a.png,58b15ce562a2495a9efa9e4e8d84610a.png,center_1,ndbe,0,fold_0
center_1/ndbe/1a3fc7836b334a3c902ee5435db1d2b5.png,1a3fc7836b334a3c902ee5435db1d2b5.png,center_1,ndbe,0,fold_0
center_1/ndbe/652723048bb04b2dbf3ad3e5572c108f.png,652723048bb04b2dbf3ad3e5572c108f.png,center_1,ndbe,0,fold_1
center_1/ndbe/bd2bc916d53745de8214a90153a777c7.png,bd2bc916d53745de8214a90153a777c7.png,center_1,ndbe,0,fold_0
center_1/ndbe/f89da17c5fd14df9948c588963a86065.png,f89da17c5fd14df9948c588963a86065.png,center_1,ndbe,0,fold_4
center_1/ndbe/e31bf3ea99894d7088d471128f366172.png,e31bf3ea99894d7088d471128f366172.png,center_1,ndbe,0,fold_2
center_1/ndbe/cc8601c55ffa4044ad48f25612aead15.png,cc8601c55ffa4044ad48f25612aead15.png,center_1,ndbe,0,fold_3
center_1/ndbe/bd0a4903b26041b8820a585c2def5fa0.png,bd0a4903b26041b8820a585c2def5fa0.png,center_1,ndbe,0,fold_2
center_1/ndbe/9409e9b1e55a4810a8b0e81104268bd4.png,9409e9b1e55a4810a8b0e81104268bd4.png,center_1,ndbe,0,fold_3
center_1/ndbe/b8e71ac9f64f47239c13eea23482ffef.png,b8e71ac9f64f47239c13eea23482ffef.png,center_1,ndbe,0,fold_4
center_1/ndbe/9b66159650914483a9f9382300caca7e.png,9b66159650914483a9f9382300caca7e.png,center_1,ndbe,0,fold_1
center_1/ndbe/b62b08522eef497daac99775946bc303.png,b62b08522eef497daac99775946bc303.png,center_1,ndbe,0,fold_3
center_1/ndbe/062b762f12d54c4f8ec23309574c65e5.png,062b762f12d54c4f8ec23309574c65e5.png,center_1,ndbe,0,fold_1
center_1/ndbe/d6bc437b80244ea480f979dc0587504c.png,d6bc437b80244ea480f979dc0587504c.png,center_1,ndbe,0,fold_1
center_1/ndbe/7c5958f44c1d4731b9c459d7c366b814.png,7c5958f44c1d4731b9c459d7c366b814.png,center_1,ndbe,0,fold_4
center_1/ndbe/7e14efb80e3a4e8b99170bf0c1bd57b1.png,7e14efb80e3a4e8b99170bf0c1bd57b1.png,center_1,ndbe,0,fold_0
center_1/ndbe/2e60591a27c24d9e8ecda263c34ec945.png,2e60591a27c24d9e8ecda263c34ec945.png,center_1,ndbe,0,fold_4
center_1/ndbe/b22f2ccba45d44d28ad52101b985d9bf.png,b22f2ccba45d44d28ad52101b985d9bf.png,center_1,ndbe,0,fold_4
center_1/ndbe/35ef0ecf48c54c08ab36b3bef7d872f9.png,35ef0ecf48c54c08ab36b3bef7d872f9.png,center_1,ndbe,0,fold_0
center_1/ndbe/2ff44994efd54fa0ac43a16a924e4cb3.png,2ff44994efd54fa0ac43a16a924e4cb3.png,center_1,ndbe,0,fold_0
center_1/ndbe/b1af934e5bb8438bb541dc8ccfd04d8b.png,b1af934e5bb8438bb541dc8ccfd04d8b.png,center_1,ndbe,0,fold_3
center_1/ndbe/924c09a27dd24671915ef4dcbd0e5227.png,924c09a27dd24671915ef4dcbd0e5227.png,center_1,ndbe,0,fold_0
center_1/ndbe/f3132a19903440ac8333e6fc60077d1c.png,f3132a19903440ac8333e6fc60077d1c.png,center_1,ndbe,0,fold_3
center_1/ndbe/4b93c2f29873445c9baa0b2daf30e856.png,4b93c2f29873445c9baa0b2daf30e856.png,center_1,ndbe,0,fold_2
center_1/ndbe/4923475023fd42fcb6d117f25ac13c88.png,4923475023fd42fcb6d117f25ac13c88.png,center_1,ndbe,0,fold_3
center_1/ndbe/3c62f6c80c564e7a82a0a86fea1d24bc.png,3c62f6c80c564e7a82a0a86fea1d24bc.png,center_1,ndbe,0,fold_4
center_1/ndbe/5a380c9a4f044b76a7873d8753f4fab0.png,5a380c9a4f044b76a7873d8753f4fab0.png,center_1,ndbe,0,fold_2
center_1/ndbe/134b0243156e439bafe86e606ce63d70.png,134b0243156e439bafe86e606ce63d70.png,center_1,ndbe,0,fold_3
center_1/ndbe/dd11d91c911046d49c61cc5dca961e9a.png,dd11d91c911046d49c61cc5dca961e9a.png,center_1,ndbe,0,fold_0
center_1/ndbe/b0fc137bca82425ea8f4c31a1927a23f.png,b0fc137bca82425ea8f4c31a1927a23f.png,center_1,ndbe,0,fold_4
center_1/ndbe/c559febd2e6843ffb14bcc72a47747b7.png,c559febd2e6843ffb14bcc72a47747b7.png,center_1,ndbe,0,fold_2
center_1/ndbe/ba17d60eb00c4d808cc78f2e4694a2ad.png,ba17d60eb00c4d808cc78f2e4694a2ad.png,center_1,ndbe,0,fold_1
center_1/ndbe/e78aa6bffa7541f38fdb7170598f071c.png,e78aa6bffa7541f38fdb7170598f071c.png,center_1,ndbe,0,fold_0
center_1/ndbe/edc747b127ae456e89486414d04b6257.png,edc747b127ae456e89486414d04b6257.png,center_1,ndbe,0,fold_1
center_1/ndbe/a941e14cc86244c79a504fe8aec739fe.png,a941e14cc86244c79a504fe8aec739fe.png,center_1,ndbe,0,fold_1
center_1/ndbe/01653bd876af42c0ac0821edb380279e.png,01653bd876af42c0ac0821edb380279e.png,center_1,ndbe,0,fold_2
center_1/ndbe/852c27681f444a0ca43b0c8b153bc487.png,852c27681f444a0ca43b0c8b153bc487.png,center_1,ndbe,0,fold_1
center_1/ndbe/9670927589d2424090e476173fef3d04.png,9670927589d2424090e476173fef3d04.png,center_1,ndbe,0,fold_0
center_1/ndbe/10bd0c09d80647b084ce785455cb505a.png,10bd0c09d80647b084ce785455cb505a.png,center_1,ndbe,0,fold_2
center_1/ndbe/ffb60c4c6c2442b98129444b2642b664.png,ffb60c4c6c2442b98129444b2642b664.png,center_1,ndbe,0,fold_2
center_1/ndbe/a77c38c4b5cc4fbf9d28bba92e877651.png,a77c38c4b5cc4fbf9d28bba92e877651.png,center_1,ndbe,0,fold_1
center_1/ndbe/006572c9a14845edbbd7e5a588b09266.png,006572c9a14845edbbd7e5a588b09266.png,center_1,ndbe,0,fold_1
center_1/ndbe/a19f06861c28407abef06fdf82bd6f8e.png,a19f06861c28407abef06fdf82bd6f8e.png,center_1,ndbe,0,fold_2
center_1/ndbe/b3452b916d1a4c73a4e8e77be58b7948.png,b3452b916d1a4c73a4e8e77be58b7948.png,center_1,ndbe,0,fold_4
center_1/ndbe/5ab40311b8944ec8899bf72392ecdea0.png,5ab40311b8944ec8899bf72392ecdea0.png,center_1,ndbe,0,fold_0
center_1/ndbe/a75aae89e6b74a07b42f015fb8b3ce47.png,a75aae89e6b74a07b42f015fb8b3ce47.png,center_1,ndbe,0,fold_0
center_1/ndbe/2d8f02bb395c4d36a3bd277c1c6b598d.png,2d8f02bb395c4d36a3bd277c1c6b598d.png,center_1,ndbe,0,fold_3
center_1/ndbe/c61489ec2572491592773e39de54d25a.png,c61489ec2572491592773e39de54d25a.png,center_1,ndbe,0,fold_1
center_1/ndbe/0c096bef7e054c48955efd2d10f35f48.png,0c096bef7e054c48955efd2d10f35f48.png,center_1,ndbe,0,fold_3
center_1/ndbe/d4aadb7a718a4f64aeb4f4a92094dfeb.png,d4aadb7a718a4f64aeb4f4a92094dfeb.png,center_1,ndbe,0,fold_2
center_1/ndbe/030b488b12404f9d9aa2760af0c8a66c.png,030b488b12404f9d9aa2760af0c8a66c.png,center_1,ndbe,0,fold_2
center_1/ndbe/008cf1da142b479b8e1912e85f08cbab.png,008cf1da142b479b8e1912e85f08cbab.png,center_1,ndbe,0,fold_3
center_1/ndbe/6d488e5881674b8caf42ba4ad8c6559b.png,6d488e5881674b8caf42ba4ad8c6559b.png,center_1,ndbe,0,fold_4
center_1/ndbe/955e9ef70cf648faa4f31a0d26e9cc7f.png,955e9ef70cf648faa4f31a0d26e9cc7f.png,center_1,ndbe,0,fold_0
center_1/ndbe/90b8c7aa539349479eeb5d59627069da.png,90b8c7aa539349479eeb5d59627069da.png,center_1,ndbe,0,fold_1
center_1/ndbe/a7d637c0786949e885efb1f5e0f12e80.png,a7d637c0786949e885efb1f5e0f12e80.png,center_1,ndbe,0,fold_3
center_1/ndbe/e548d7265a174b6eb8e73aa5cb605b6e.png,e548d7265a174b6eb8e73aa5cb605b6e.png,center_1,ndbe,0,fold_3
center_1/ndbe/39e35523e42545fd8652fa173fb1728a.png,39e35523e42545fd8652fa173fb1728a.png,center_1,ndbe,0,fold_4
center_1/ndbe/9ac0e52598614ff5abab22b25f6b9525.png,9ac0e52598614ff5abab22b25f6b9525.png,center_1,ndbe,0,fold_3
center_1/ndbe/46521d760c8f4f7dae035b2c0253e693.png,46521d760c8f4f7dae035b2c0253e693.png,center_1,ndbe,0,fold_4
center_1/ndbe/ed7b825cf19348ff9197c836ff419550.png,ed7b825cf19348ff9197c836ff419550.png,center_1,ndbe,0,fold_0
center_1/ndbe/48fd971d45104bb7842a8267ed24e4f4.png,48fd971d45104bb7842a8267ed24e4f4.png,center_1,ndbe,0,fold_4
center_1/ndbe/ec43245823084a0f8a585beca0825ddf.png,ec43245823084a0f8a585beca0825ddf.png,center_1,ndbe,0,fold_1
center_1/ndbe/70fcce00e8eb4e608b873b3cb7b30961.png,70fcce00e8eb4e608b873b3cb7b30961.png,center_1,ndbe,0,fold_2
center_1/ndbe/b0abbbee1d17418f84e7e4cb5b8af1da.png,b0abbbee1d17418f84e7e4cb5b8af1da.png,center_1,ndbe,0,fold_4
center_1/ndbe/cbd360e1a21343b992bfcb6cd0f58b6f.png,cbd360e1a21343b992bfcb6cd0f58b6f.png,center_1,ndbe,0,fold_1
center_1/ndbe/f6ddeaa362544d3bb61882a7e1d571bb.png,f6ddeaa362544d3bb61882a7e1d571bb.png,center_1,ndbe,0,fold_3
center_1/ndbe/3cfec5a03c314ad7b4dde18944f1d68b.png,3cfec5a03c314ad7b4dde18944f1d68b.png,center_1,ndbe,0,fold_2
center_1/ndbe/226fe24adfad4d118d79bcf4cf163989.png,226fe24adfad4d118d79bcf4cf163989.png,center_1,ndbe,0,fold_4
center_1/ndbe/5267754f462941d4ae3cf7b7bb603150.png,5267754f462941d4ae3cf7b7bb603150.png,center_1,ndbe,0,fold_1
center_1/ndbe/fd5b42ee8d0f4e28a6690e08f1816c7d.png,fd5b42ee8d0f4e28a6690e08f1816c7d.png,center_1,ndbe,0,fold_0
center_1/ndbe/31c41c6abf374535b7cac5b7c4e1ddc1.png,31c41c6abf374535b7cac5b7c4e1ddc1.png,center_1,ndbe,0,fold_4
center_1/ndbe/968e43eae46541b88cce1ae618dbb7f8.png,968e43eae46541b88cce1ae618dbb7f8.png,center_1,ndbe,0,fold_2
center_1/ndbe/ed2775eac5934b338de141665d521116.png,ed2775eac5934b338de141665d521116.png,center_1,ndbe,0,fold_4
center_1/ndbe/60f89d56aad7483eacc2337adb6f4b5e.png,60f89d56aad7483eacc2337adb6f4b5e.png,center_1,ndbe,0,fold_2
center_1/ndbe/2d22cbfd3fc343179eb5bac8b1d7d69c.png,2d22cbfd3fc343179eb5bac8b1d7d69c.png,center_1,ndbe,0,fold_1
center_1/ndbe/39acda3250764de7a160a826bd87620a.png,39acda3250764de7a160a826bd87620a.png,center_1,ndbe,0,fold_1
center_1/ndbe/2f2bcd561c33426690b1a0d27b112d14.png,2f2bcd561c33426690b1a0d27b112d14.png,center_1,ndbe,0,fold_0
center_1/ndbe/d9b0d644229d49f093e0d1d910682544.png,d9b0d644229d49f093e0d1d910682544.png,center_1,ndbe,0,fold_1
center_1/ndbe/d08c364853c54506a6458fd3612bd540.png,d08c364853c54506a6458fd3612bd540.png,center_1,ndbe,0,fold_2
center_1/ndbe/81c39065473c4ab4be0ac92402b11411.png,81c39065473c4ab4be0ac92402b11411.png,center_1,ndbe,0,fold_2
center_1/ndbe/38f45c25032c43769e6114d95483e7ff.png,38f45c25032c43769e6114d95483e7ff.png,center_1,ndbe,0,fold_2
center_1/ndbe/c500f339300e4fc8a960ca7b0a62ef9c.png,c500f339300e4fc8a960ca7b0a62ef9c.png,center_1,ndbe,0,fold_3
center_1/ndbe/a8837123ec1b4d028c3a3904eb4d10fd.png,a8837123ec1b4d028c3a3904eb4d10fd.png,center_1,ndbe,0,fold_1
center_1/ndbe/f888b1394e2b4ab7b9f4c3bb3bc52c36.png,f888b1394e2b4ab7b9f4c3bb3bc52c36.png,center_1,ndbe,0,fold_3
center_1/ndbe/3fb5b35f176c45bc83b68a33fe3efbd4.png,3fb5b35f176c45bc83b68a33fe3efbd4.png,center_1,ndbe,0,fold_0
center_1/ndbe/7b7e6b75e8a146e2ac4ea155956347c4.png,7b7e6b75e8a146e2ac4ea155956347c4.png,center_1,ndbe,0,fold_4
center_1/ndbe/1ed5cd0dc5434723b9b7d8617b9b87db.png,1ed5cd0dc5434723b9b7d8617b9b87db.png,center_1,ndbe,0,fold_3
center_1/ndbe/5e83feb4f6a2475495886a07cb1979b7.png,5e83feb4f6a2475495886a07cb1979b7.png,center_1,ndbe,0,fold_0
center_1/ndbe/1134239470de423e9d020ba29c7485ce.png,1134239470de423e9d020ba29c7485ce.png,center_1,ndbe,0,fold_2
center_1/ndbe/e82ab61a64164714b4d258eba5d70467.png,e82ab61a64164714b4d258eba5d70467.png,center_1,ndbe,0,fold_1
center_1/ndbe/f17fe658c2384e2990e8fa4ab0746b4a.png,f17fe658c2384e2990e8fa4ab0746b4a.png,center_1,ndbe,0,fold_4
center_1/ndbe/ee3cbef5130e4b81b0f5299699de4d0d.png,ee3cbef5130e4b81b0f5299699de4d0d.png,center_1,ndbe,0,fold_3
center_1/ndbe/75911d5909c94d37a321d087dc593284.png,75911d5909c94d37a321d087dc593284.png,center_1,ndbe,0,fold_2
center_1/ndbe/f8f93d3b105e45849015a4c4bda4b921.png,f8f93d3b105e45849015a4c4bda4b921.png,center_1,ndbe,0,fold_2
center_1/ndbe/1a6f2aedea454b6881d7d794a481cea1.png,1a6f2aedea454b6881d7d794a481cea1.png,center_1,ndbe,0,fold_2
center_1/ndbe/62ad0e1ee18c48678482e027b9de3511.png,62ad0e1ee18c48678482e027b9de3511.png,center_1,ndbe,0,fold_1
center_1/neo/1c6f8c02826f43978458ed9ec3ad1f31.png,1c6f8c02826f43978458ed9ec3ad1f31.png,center_1,neo,1,fold_4
center_1/neo/7d05404da41a4893a8afb392246aa9e3.png,7d05404da41a4893a8afb392246aa9e3.png,center_1,neo,1,fold_2
center_1/neo/daa946e2629646a59e024f2657d16bc2.png,daa946e2629646a59e024f2657d16bc2.png,center_1,neo,1,fold_2
center_1/neo/11550b1e8d1e471fa227f3283c67db4d.png,11550b1e8d1e471fa227f3283c67db4d.png,center_1,neo,1,fold_3
center_1/neo/8bc2d0cd62a649f39f86bb6e3c9cb644.png,8bc2d0cd62a649f39f86bb6e3c9cb644.png,center_1,neo,1,fold_0
center_1/neo/408ac96a93d04f4aac329168d4ee6505.png,408ac96a93d04f4aac329168d4ee6505.png,center_1,neo,1,fold_4
center_1/neo/0a2500f38dfa4a34895ae3751458d7df.png,0a2500f38dfa4a34895ae3751458d7df.png,center_1,neo,1,fold_2
center_1/neo/489e41be60d34314aa514ba26d8cf3f1.png,489e41be60d34314aa514ba26d8cf3f1.png,center_1,neo,1,fold_4
center_1/neo/a12a82e117bb4e0396510f9097ac2ae4.png,a12a82e117bb4e0396510f9097ac2ae4.png,center_1,neo,1,fold_4
center_1/neo/cd67b6a35c8b42d2b2e324ba4ba34977.png,cd67b6a35c8b42d2b2e324ba4ba34977.png,center_1,neo,1,fold_1
center_1/neo/16c28cae855a423482402ff3250fad71.png,16c28cae855a423482402ff3250fad71.png,center_1,neo,1,fold_0
center_1/neo/8c7a1351f92b403aa8fb068fa48edaca.png,8c7a1351f92b403aa8fb068fa48edaca.png,center_1,neo,1,fold_4
center_1/neo/0a3565ae859f47a3a5194fd2b44441d8.png,0a3565ae859f47a3a5194fd2b44441d8.png,center_1,neo,1,fold_4
center_1/neo/616e4a79390b42a4b8626881bffbb35c.png,616e4a79390b42a4b8626881bffbb35c.png,center_1,neo,1,fold_2
center_1/neo/705e9123b4134a5ab2b22246413ae65a.png,705e9123b4134a5ab2b22246413ae65a.png,center_1,neo,1,fold_0
center_1/neo/117e6c348c474acb99d535dd0b6368d4.png,117e6c348c474acb99d535dd0b6368d4.png,center_1,neo,1,fold_3
center_1/neo/dce61c6fd34b41a396d69f37e445ffc1.png,dce61c6fd34b41a396d69f37e445ffc1.png,center_1,neo,1,fold_1
center_1/neo/d3c6944ae7184214891cbda49b3c542e.png,d3c6944ae7184214891cbda49b3c542e.png,center_1,neo,1,fold_3
center_1/neo/945c67f47aaf49a5a0fe9ea85fe5162c.png,945c67f47aaf49a5a0fe9ea85fe5162c.png,center_1,neo,1,fold_4
center_1/neo/8f8e05d8e1a8494a910bb3769c8b93ec.png,8f8e05d8e1a8494a910bb3769c8b93ec.png,center_1,neo,1,fold_2
center_1/neo/3be6a2e253e446918f0246fd84a9aeb6.png,3be6a2e253e446918f0246fd84a9aeb6.png,center_1,neo,1,fold_0
center_1/neo/0a0463f8a92041309551051edbc859c2.png,0a0463f8a92041309551051edbc859c2.png,center_1,neo,1,fold_1
center_1/neo/410b8c6bf3c744ca99cb454e9b798c0b.png,410b8c6bf3c744ca99cb454e9b798c0b.png,center_1,neo,1,fold_1
center_1/neo/ad0b4e4676ec423fa2486b153fa76704.png,ad0b4e4676ec423fa2486b153fa76704.png,center_1,neo,1,fold_0
center_1/neo/77f2ef053bb843058c7dfb8b36c8cedf.png,77f2ef053bb843058c7dfb8b36c8cedf.png,center_1,neo,1,fold_3
center_1/neo/4e5571c28d484208b82bb6b1c18d749c.png,4e5571c28d484208b82bb6b1c18d749c.png,center_1,neo,1,fold_0
center_1/neo/1a6a0dd284b840feab2a1d6820473eb7.png,1a6a0dd284b840feab2a1d6820473eb7.png,center_1,neo,1,fold_0
center_1/neo/c4bc7e9c3dee4a0f8317ab76e6fae616.png,c4bc7e9c3dee4a0f8317ab76e6fae616.png,center_1,neo,1,fold_0
center_1/neo/827df8161c3c4fd08fd7cacbb4b383c0.png,827df8161c3c4fd08fd7cacbb4b383c0.png,center_1,neo,1,fold_1
center_1/neo/e591db292f5d4167b281aa2ae96958cc.png,e591db292f5d4167b281aa2ae96958cc.png,center_1,neo,1,fold_3
center_1/neo/8b207841e3064b1186702651cd0c811c.png,8b207841e3064b1186702651cd0c811c.png,center_1,neo,1,fold_4
center_1/neo/2b61906b9c7547ce83feb5970c5d9c77.png,2b61906b9c7547ce83feb5970c5d9c77.png,center_1,neo,1,fold_1
center_1/neo/c988c1a62d424dce8c7ff44c080fa218.png,c988c1a62d424dce8c7ff44c080fa218.png,center_1,neo,1,fold_1
center_1/neo/2f780d708d4d4e8aab1b3e1cc0fdbe2a.png,2f780d708d4d4e8aab1b3e1cc0fdbe2a.png,center_1,neo,1,fold_1
center_1/neo/744cae47856f4662b788dcbb0c9690c6.png,744cae47856f4662b788dcbb0c9690c6.png,center_1,neo,1,fold_3
center_1/neo/87eb22facb524c76be2e8da65ba241d1.png,87eb22facb524c76be2e8da65ba241d1.png,center_1,neo,1,fold_2
center_1/neo/0dec0f0529724b069780d88d8ea052b6.png,0dec0f0529724b069780d88d8ea052b6.png,center_1,neo,1,fold_2
center_1/neo/83cc3bd6311d4004970403256a6176ab.png,83cc3bd6311d4004970403256a6176ab.png,center_1,neo,1,fold_0
center_1/neo/e7e2f3d180874e08babc97734aa35aed.png,e7e2f3d180874e08babc97734aa35aed.png,center_1,neo,1,fold_2
center_1/neo/d525c39fd6fa44c2893d9a3027cdc4f0.png,d525c39fd6fa44c2893d9a3027cdc4f0.png,center_1,neo,1,fold_3
center_1/neo/77f07d3b5d6f40799d25bd804e4da961.png,77f07d3b5d6f40799d25bd804e4da961.png,center_1,neo,1,fold_3
center_1/neo/92eb6f2ea8cf4b6b9018c6a826552057.png,92eb6f2ea8cf4b6b9018c6a826552057.png,center_1,neo,1,fold_3
center_1/neo/72a259dad64045e5987a546801f2e911.png,72a259dad64045e5987a546801f2e911.png,center_1,neo,1,fold_1
center_1/neo/d3dbf5300ee84783ab164b60121f6136.png,d3dbf5300ee84783ab164b60121f6136.png,center_1,neo,1,fold_2
center_1/neo/05f1b22b622640d1bf497ffbea04e6a9.png,05f1b22b622640d1bf497ffbea04e6a9.png,center_1,neo,1,fold_0
center_1/neo/eb47f085d7e54bac851323907735365a.png,eb47f085d7e54bac851323907735365a.png,center_1,neo,1,fold_3
center_1/neo/f18b8420c4084fbf9d6b02226ec5f786.png,f18b8420c4084fbf9d6b02226ec5f786.png,center_1,neo,1,fold_2
center_1/neo/e90c2dc009a8448689eb17167837a0b2.png,e90c2dc009a8448689eb17167837a0b2.png,center_1,neo,1,fold_1
center_1/neo/a8f71ba430f141f0b33eaebab41d847d.png,a8f71ba430f141f0b33eaebab41d847d.png,center_1,neo,1,fold_4
center_1/neo/c3ad8d168546408ca288cc92a6842034.png,c3ad8d168546408ca288cc92a6842034.png,center_1,neo,1,fold_4
center_1/neo/5a35c3fc9ee24fe3a1cb5266490afdc8.png,5a35c3fc9ee24fe3a1cb5266490afdc8.png,center_1,neo,1,fold_0
center_1/neo/a7c2755be3314a34a5b7f653bbb680ff.png,a7c2755be3314a34a5b7f653bbb680ff.png,center_1,neo,1,fold_3
center_1/neo/06997e0896c44906b4a92639664057a7.png,06997e0896c44906b4a92639664057a7.png,center_1,neo,1,fold_2
center_1/neo/ff8cf49ca37343af8272f8e13221cd60.png,ff8cf49ca37343af8272f8e13221cd60.png,center_1,neo,1,fold_2
center_1/neo/ebe9f9290de94f34beeaee1f65a284d1.png,ebe9f9290de94f34beeaee1f65a284d1.png,center_1,neo,1,fold_3
center_1/neo/f0735370f81a48b5b706f023c5b6560f.png,f0735370f81a48b5b706f023c5b6560f.png,center_1,neo,1,fold_1
center_1/neo/1f0db13853404d4295bfcc8b83f459f3.png,1f0db13853404d4295bfcc8b83f459f3.png,center_1,neo,1,fold_1
center_1/neo/284fdf4d8d8c4217bc2bbcb4f799d085.png,284fdf4d8d8c4217bc2bbcb4f799d085.png,center_1,neo,1,fold_0
center_1/neo/77de9f9ba7984e168eb87d1524dd7351.png,77de9f9ba7984e168eb87d1524dd7351.png,center_1,neo,1,fold_3
center_1/neo/032d37d959444dbf944b717df8047258.png,032d37d959444dbf944b717df8047258.png,center_1,neo,1,fold_4
center_1/neo/878baebcfe9e4c909ac1dab9e4c6b36c.png,878baebcfe9e4c909ac1dab9e4c6b36c.png,center_1,neo,1,fold_4
center_2/ndbe/0960b4ef51794703a0d9ba735b48aa8d.png,0960b4ef51794703a0d9ba735b48aa8d.png,center_2,ndbe,0,fold_1
center_2/ndbe/f6e168192b4448c4b7d8d153c38c8976.png,f6e168192b4448c4b7d8d153c38c8976.png,center_2,ndbe,0,fold_4
center_2/ndbe/33235a05391e4533b4f2bbd4fc218dc4.png,33235a05391e4533b4f2bbd4fc218dc4.png,center_2,ndbe,0,fold_4
center_2/ndbe/9bc7300db0a0431485f8f081b10f3955.png,9bc7300db0a0431485f8f081b10f3955.png,center_2,ndbe,0,fold_2
center_2/ndbe/2db05084d7f44d1fb47063a0ba33efe5.png,2db05084d7f44d1fb47063a0ba33efe5.png,center_2,ndbe,0,fold_0
center_2/ndbe/2abb29d8cff644c9add5008900f8d9e8.png,2abb29d8cff644c9add5008900f8d9e8.png,center_2,ndbe,0,fold_4
center_2/ndbe/eac761d720ac415395860efeb9c335cd.png,eac761d720ac415395860efeb9c335cd.png,center_2,ndbe,0,fold_4
center_2/ndbe/7aa420be30bd41739975c63a0e602e6e.png,7aa420be30bd41739975c63a0e602e6e.png,center_2,ndbe,0,fold_3
center_2/ndbe/34c044e24b304e8988ffa4410535ee90.png,34c044e24b304e8988ffa4410535ee90.png,center_2,ndbe,0,fold_4
center_2/ndbe/8dc50b51040f4e1397e5f50fe8090920.png,8dc50b51040f4e1397e5f50fe8090920.png,center_2,ndbe,0,fold_0
center_2/ndbe/602d2ec8342a4838a13b84f249f49a5a.png,602d2ec8342a4838a13b84f249f49a5a.png,center_2,ndbe,0,fold_3
center_2/ndbe/0b2429a8db5e4d3f967fdf53fa4b486c.png,0b2429a8db5e4d3f967fdf53fa4b486c.png,center_2,ndbe,0,fold_4
center_2/ndbe/c1b9fd584a76414ab575d4ca58c88204.png,c1b9fd584a76414ab575d4ca58c88204.png,center_2,ndbe,0,fold_2
center_2/ndbe/f9be8cb3cdfb4693b296629b8dc455ff.png,f9be8cb3cdfb4693b296629b8dc455ff.png,center_2,ndbe,0,fold_0
center_2/ndbe/12c5c81d4be44dac9f4a9b48959f2c73.png,12c5c81d4be44dac9f4a9b48959f2c73.png,center_2,ndbe,0,fold_0
center_2/ndbe/0197a989e776457db8cd1112eae33313.png,0197a989e776457db8cd1112eae33313.png,center_2,ndbe,0,fold_1
center_2/ndbe/f5e040fb13d44b179215dcdc9fe5f6ea.png,f5e040fb13d44b179215dcdc9fe5f6ea.png,center_2,ndbe,0,fold_1
center_2/ndbe/5b7b2d6d377d41a4b0eda60293148dfa.png,5b7b2d6d377d41a4b0eda60293148dfa.png,center_2,ndbe,0,fold_3
center_2/ndbe/f24f74643b894de0874ab82bb1e2b140.png,f24f74643b894de0874ab82bb1e2b140.png,center_2,ndbe,0,fold_0
center_2/ndbe/a4c789ec47b348a2be129c2be13050b2.png,a4c789ec47b348a2be129c2be13050b2.png,center_2,ndbe,0,fold_2
center_2/ndbe/37401585ed2840e0a2dee0107093010d.png,37401585ed2840e0a2dee0107093010d.png,center_2,ndbe,0,fold_3
center_2/ndbe/9c5fe583b8d04613b42a771c58ce1141.png,9c5fe583b8d04613b42a771c58ce1141.png,center_2,ndbe,0,fold_2
center_2/ndbe/0729af2f1d8b4a8d982989739a58990e.png,0729af2f1d8b4a8d982989739a58990e.png,center_2,ndbe,0,fold_2
center_2/ndbe/55036ddac0cb483488ca5bd6fc8b00ce.png,55036ddac0cb483488ca5bd6fc8b00ce.png,center_2,ndbe,0,fold_3
center_2/ndbe/72b2fd8c75ba4e56b4bebc708469fac0.png,72b2fd8c75ba4e56b4bebc708469fac0.png,center_2,ndbe,0,fold_0
center_2/ndbe/6e33c2e9456d4272a67f4578913389d4.png,6e33c2e9456d4272a67f4578913389d4.png,center_2,ndbe,0,fold_1
center_2/ndbe/92d19f9923c343bb92862f3937dcaf5c.png,92d19f9923c343bb92862f3937dcaf5c.png,center_2,ndbe,0,fold_3
center_2/ndbe/a791afc7d41d4d8fa7ac581b9140ae5f.png,a791afc7d41d4d8fa7ac581b9140ae5f.png,center_2,ndbe,0,fold_2
center_2/ndbe/207e4e6dc8824f4aa88c60468903b340.png,207e4e6dc8824f4aa88c60468903b340.png,center_2,ndbe,0,fold_2
center_2/ndbe/b72140fd5a434f449ca231ab5f997918.png,b72140fd5a434f449ca231ab5f997918.png,center_2,ndbe,0,fold_0
center_2/ndbe/42771e1f8aab4463a7b6ffa65c16c89f.png,42771e1f8aab4463a7b6ffa65c16c89f.png,center_2,ndbe,0,fold_4
center_2/ndbe/b9aea1a4b5a0415787ee594117c2f8fc.png,b9aea1a4b5a0415787ee594117c2f8fc.png,center_2,ndbe,0,fold_3
center_2/ndbe/e11babff417b45d283b4856864dda483.png,e11babff417b45d283b4856864dda483.png,center_2,ndbe,0,fold_2
center_2/ndbe/561ff3b0bb6f4267a77507cc62929fe7.png,561ff3b0bb6f4267a77507cc62929fe7.png,center_2,ndbe,0,fold_0
center_2/ndbe/f2ec780e1f50425e99f4102a36acb299.png,f2ec780e1f50425e99f4102a36acb299.png,center_2,ndbe,0,fold_0
center_2/ndbe/243dcd0cbb934d19853fc2d28f343e52.png,243dcd0cbb934d19853fc2d28f343e52.png,center_2,ndbe,0,fold_2
center_2/ndbe/59d2c3684aa74a2abcea83c2627593b4.png,59d2c3684aa74a2abcea83c2627593b4.png,center_2,ndbe,0,fold_2
center_2/ndbe/43cb27d3039c4f398c438ce8545d705d.png,43cb27d3039c4f398c438ce8545d705d.png,center_2,ndbe,0,fold_0
center_2/ndbe/eff8ebb15f48487da0c059f1469e10a9.png,eff8ebb15f48487da0c059f1469e10a9.png,center_2,ndbe,0,fold_4
center_2/ndbe/a39e94b55ae641389b7820a23aa30c03.png,a39e94b55ae641389b7820a23aa30c03.png,center_2,ndbe,0,fold_3
center_2/ndbe/fa67ac20241a4813a05d2b86b6e29681.png,fa67ac20241a4813a05d2b86b6e29681.png,center_2,ndbe,0,fold_3
center_2/ndbe/2e3018d82a45496590119e30a6b2cfff.png,2e3018d82a45496590119e30a6b2cfff.png,center_2,ndbe,0,fold_1
center_2/ndbe/0fc5722932b34e90b4ffe69926a30ca0.png,0fc5722932b34e90b4ffe69926a30ca0.png,center_2,ndbe,0,fold_4
center_2/ndbe/5bf7af84ede0433eaa23b79d7cceb35f.png,5bf7af84ede0433eaa23b79d7cceb35f.png,center_2,ndbe,0,fold_3
center_2/ndbe/fa5920b1bd0f477095529599e6caa70b.png,fa5920b1bd0f477095529599e6caa70b.png,center_2,ndbe,0,fold_1
center_2/ndbe/6fb069ccb47643108a148a7865d156f8.png,6fb069ccb47643108a148a7865d156f8.png,center_2,ndbe,0,fold_4
center_2/ndbe/dccc37993cc24bfab4fbe2f9024318b4.png,dccc37993cc24bfab4fbe2f9024318b4.png,center_2,ndbe,0,fold_3
center_2/ndbe/23f310f314fe48bea8761e99abc538a6.png,23f310f314fe48bea8761e99abc538a6.png,center_2,ndbe,0,fold_2
center_2/ndbe/34f1301e552c4e5581e1458daf97f246.png,34f1301e552c4e5581e1458daf97f246.png,center_2,ndbe,0,fold_1
center_2/ndbe/3a98b73b6926463aad9eb6594ad4e16f.png,3a98b73b6926463aad9eb6594ad4e16f.png,center_2,ndbe,0,fold_0
center_2/ndbe/241229b9099c4410ab149f9bbf65357e.png,241229b9099c4410ab149f9bbf65357e.png,center_2,ndbe,0,fold_1
center_2/ndbe/5470d3b7f31e4a948c0f91ec1b342b5e.png,5470d3b7f31e4a948c0f91ec1b342b5e.png,center_2,ndbe,0,fold_0
center_2/ndbe/fede3a81b6244a68a6c2362ec36d1b8e.png,fede3a81b6244a68a6c2362ec36d1b8e.png,center_2,ndbe,0,fold_3
center_2/ndbe/9df40f2186d2418ba3eb08e8eba9fe4c.png,9df40f2186d2418ba3eb08e8eba9fe4c.png,center_2,ndbe,0,fold_1
center_2/ndbe/f152e1e088654c9da93b7632afca2559.png,f152e1e088654c9da93b7632afca2559.png,center_2,ndbe,0,fold_1
center_2/ndbe/17c8d1c23a984b6ebca79721214ae7ac.png,17c8d1c23a984b6ebca79721214ae7ac.png,center_2,ndbe,0,fold_2
center_2/ndbe/f266770f8b6b4fca869a74d9dddac425.png,f266770f8b6b4fca869a74d9dddac425.png,center_2,ndbe,0,fold_1
center_2/ndbe/a0a3732094814f28bb1d8ca17d8b1032.png,a0a3732094814f28bb1d8ca17d8b1032.png,center_2,ndbe,0,fold_3
center_2/ndbe/0b6818b7c8974ed2b68df9d2a4ffe947.png,0b6818b7c8974ed2b68df9d2a4ffe947.png,center_2,ndbe,0,fold_4
center_2/ndbe/4ba42236269248cb81a78400d99a4070.png,4ba42236269248cb81a78400d99a4070.png,center_2,ndbe,0,fold_3
center_2/ndbe/03f6688550cd48dc98ef072eda497acd.png,03f6688550cd48dc98ef072eda497acd.png,center_2,ndbe,0,fold_4
center_2/ndbe/d5fbe88d4d7b4e2f8cc586553e44aac6.png,d5fbe88d4d7b4e2f8cc586553e44aac6.png,center_2,ndbe,0,fold_3
center_2/ndbe/4b8f378a7030427f8a08a68b828e472b.png,4b8f378a7030427f8a08a68b828e472b.png,center_2,ndbe,0,fold_3
center_2/ndbe/59f104a3ae2843c684a360399229e2c4.png,59f104a3ae2843c684a360399229e2c4.png,center_2,ndbe,0,fold_2
center_2/ndbe/9d2ffbcdc2c84f2a9441848a2e9db9c6.png,9d2ffbcdc2c84f2a9441848a2e9db9c6.png,center_2,ndbe,0,fold_4
center_2/ndbe/53027bf51f894525a2e560273f99fe21.png,53027bf51f894525a2e560273f99fe21.png,center_2,ndbe,0,fold_0
center_2/ndbe/d8de3cd16b454accbf8cabb92571f666.png,d8de3cd16b454accbf8cabb92571f666.png,center_2,ndbe,0,fold_3
center_2/ndbe/9408b0ca08434d388146f22b71d35c0b.png,9408b0ca08434d388146f22b71d35c0b.png,center_2,ndbe,0,fold_0
center_2/ndbe/78fa106c9b4f43428c11cb44e5f5d391.png,78fa106c9b4f43428c11cb44e5f5d391.png,center_2,ndbe,0,fold_1
center_2/ndbe/336a14bb853f4355898004dd9a42581e.png,336a14bb853f4355898004dd9a42581e.png,center_2,ndbe,0,fold_0
center_2/ndbe/c570452fa9ae4714962061213efb574e.png,c570452fa9ae4714962061213efb574e.png,center_2,ndbe,0,fold_3
center_2/ndbe/0f0936a5315143a7b0dba3ed9b75bbd6.png,0f0936a5315143a7b0dba3ed9b75bbd6.png,center_2,ndbe,0,fold_4
center_2/ndbe/0646a4d5fe2d4485bf759fe5e1063bf1.png,0646a4d5fe2d4485bf759fe5e1063bf1.png,center_2,ndbe,0,fold_0
center_2/ndbe/17947c8dd8c94d92888050fda8f2f882.png,17947c8dd8c94d92888050fda8f2f882.png,center_2,ndbe,0,fold_2
center_2/ndbe/e286c52eed39423ab91cb4ac2c18637e.png,e286c52eed39423ab91cb4ac2c18637e.png,center_2,ndbe,0,fold_3
center_2/ndbe/b262b0a2a18d4a649c998673e39294e1.png,b262b0a2a18d4a649c998673e39294e1.png,center_2,ndbe,0,fold_2
center_2/ndbe/97df086a25bd4620a2eb04ef03f341e7.png,97df086a25bd4620a2eb04ef03f341e7.png,center_2,ndbe,0,fold_3
center_2/ndbe/6a25dc556ddf485cbcb46e0c80ff266c.png,6a25dc556ddf485cbcb46e0c80ff266c.png,center_2,ndbe,0,fold_4
center_2/ndbe/ad6158747aea4eb9932437484a24d525.png,ad6158747aea4eb9932437484a24d525.png,center_2,ndbe,0,fold_2
center_2/ndbe/d73e89db95e14ffd8f9e341b9b2e9fdd.png,d73e89db95e14ffd8f9e341b9b2e9fdd.png,center_2,ndbe,0,fold_0
center_2/ndbe/15118032c1bd48e4a21d72d6c029a9ad.png,15118032c1bd48e4a21d72d6c029a9ad.png,center_2,ndbe,0,fold_1
center_2/ndbe/be56fa906a854bb590e6b1bfd5336249.png,be56fa906a854bb590e6b1bfd5336249.png,center_2,ndbe,0,fold_2
center_2/ndbe/b72d709401364256a0f97e2ea4906e98.png,b72d709401364256a0f97e2ea4906e98.png,center_2,ndbe,0,fold_0
center_2/ndbe/54ee923c83db425b9ba0b8a436e50e07.png,54ee923c83db425b9ba0b8a436e50e07.png,center_2,ndbe,0,fold_3
center_2/ndbe/fde054cf2d8b4673a0c930a6cd453e5b.png,fde054cf2d8b4673a0c930a6cd453e5b.png,center_2,ndbe,0,fold_3
center_2/ndbe/f2e9a21c1a0f453ab2b27c2737e6cd1e.png,f2e9a21c1a0f453ab2b27c2737e6cd1e.png,center_2,ndbe,0,fold_1
center_2/ndbe/5725e6cae0c648ffbf9627fc50cf487c.png,5725e6cae0c648ffbf9627fc50cf487c.png,center_2,ndbe,0,fold_0
center_2/ndbe/2195082a5d4a4e3b83f08a84cbf36890.png,2195082a5d4a4e3b83f08a84cbf36890.png,center_2,ndbe,0,fold_4
center_2/ndbe/dc0f5367c6f4423280c175c451993c5a.png,dc0f5367c6f4423280c175c451993c5a.png,center_2,ndbe,0,fold_2
center_2/ndbe/a72edf4255dd43cd97237c903389c70d.png,a72edf4255dd43cd97237c903389c70d.png,center_2,ndbe,0,fold_2
center_2/ndbe/bfb16a635e224aa1be09beb51e1bbefa.png,bfb16a635e224aa1be09beb51e1bbefa.png,center_2,ndbe,0,fold_3
center_2/ndbe/e9070aa9322e48648d51cbfc334ef18f.png,e9070aa9322e48648d51cbfc334ef18f.png,center_2,ndbe,0,fold_0
center_2/ndbe/ccc5be41b6ba47b3a3e3897e57addc14.png,ccc5be41b6ba47b3a3e3897e57addc14.png,center_2,ndbe,0,fold_2
center_2/ndbe/b872f26f59e14704a9738234ce50fb92.png,b872f26f59e14704a9738234ce50fb92.png,center_2,ndbe,0,fold_0
center_2/ndbe/810c8c25641c46808d5d8b4975a7b8e8.png,810c8c25641c46808d5d8b4975a7b8e8.png,center_2,ndbe,0,fold_1
center_2/ndbe/a3213c0029e84421a4fbc038343c4023.png,a3213c0029e84421a4fbc038343c4023.png,center_2,ndbe,0,fold_3
center_2/ndbe/c09b573ae84c455aacff592ce80bb201.png,c09b573ae84c455aacff592ce80bb201.png,center_2,ndbe,0,fold_4
center_2/ndbe/35a3aad8adb8443b8d71628e99a370a5.png,35a3aad8adb8443b8d71628e99a370a5.png,center_2,ndbe,0,fold_2
center_2/ndbe/c22d11bc6c2f4e079d3bd8e49ce190ce.png,c22d11bc6c2f4e079d3bd8e49ce190ce.png,center_2,ndbe,0,fold_3
center_2/ndbe/5838254031b0482dbd46a3891fe4ecd3.png,5838254031b0482dbd46a3891fe4ecd3.png,center_2,ndbe,0,fold_3
center_2/ndbe/5047cdc10d43429db25e5f065c0dce72.png,5047cdc10d43429db25e5f065c0dce72.png,center_2,ndbe,0,fold_4
center_2/ndbe/8e77ef443b3a48efb3fcdc2c344cf213.png,8e77ef443b3a48efb3fcdc2c344cf213.png,center_2,ndbe,0,fold_4
center_2/ndbe/f435195b9b454cc19d42515ccae8d315.png,f435195b9b454cc19d42515ccae8d315.png,center_2,ndbe,0,fold_1
center_2/ndbe/45475f686865410083a3f18d66672a8d.png,45475f686865410083a3f18d66672a8d.png,center_2,ndbe,0,fold_0
center_2/ndbe/2255487a7d054f78a6b3705c8f4a43cb.png,2255487a7d054f78a6b3705c8f4a43cb.png,center_2,ndbe,0,fold_3
center_2/ndbe/244c5dfddedf42c19d6a56335ff55f1f.png,244c5dfddedf42c19d6a56335ff55f1f.png,center_2,ndbe,0,fold_1
center_2/ndbe/1275a4a1a35c4eb3bfba5ac7c677affd.png,1275a4a1a35c4eb3bfba5ac7c677affd.png,center_2,ndbe,0,fold_3
center_2/ndbe/b47f64d47c8f4f6bbde21d755c9b7e0c.png,b47f64d47c8f4f6bbde21d755c9b7e0c.png,center_2,ndbe,0,fold_0
center_2/ndbe/7cfd42bd2e054716a57f40734196cf45.png,7cfd42bd2e054716a57f40734196cf45.png,center_2,ndbe,0,fold_4
center_2/ndbe/00861ba016414e3797e78b3e38717c0c.png,00861ba016414e3797e78b3e38717c0c.png,center_2,ndbe,0,fold_3
center_2/ndbe/4e65e456f13247a28cf5faf65ae9a88d.png,4e65e456f13247a28cf5faf65ae9a88d.png,center_2,ndbe,0,fold_1
center_2/ndbe/26304bd71cbc47bea56f99c192339fb1.png,26304bd71cbc47bea56f99c192339fb1.png,center_2,ndbe,0,fold_1
center_2/ndbe/0bea2e06ece84942be03410956a5761d.png,0bea2e06ece84942be03410956a5761d.png,center_2,ndbe,0,fold_3
center_2/ndbe/681a703ac8ff4f138414d1abfb5b79e8.png,681a703ac8ff4f138414d1abfb5b79e8.png,center_2,ndbe,0,fold_4
center_2/ndbe/af05cc8990ef42febca7b3e0af764535.png,af05cc8990ef42febca7b3e0af764535.png,center_2,ndbe,0,fold_1
center_2/ndbe/3bad8ece945e4be88aab5ee790c2104b.png,3bad8ece945e4be88aab5ee790c2104b.png,center_2,ndbe,0,fold_4
center_2/ndbe/4e13f39ba96b4a808bff646b6a3b3625.png,4e13f39ba96b4a808bff646b6a3b3625.png,center_2,ndbe,0,fold_0
center_2/ndbe/6df32b913517474682bec6ff623cb06d.png,6df32b913517474682bec6ff623cb06d.png,center_2,ndbe,0,fold_1
center_2/ndbe/1b942a04cc054391a25dd966b8b1431a.png,1b942a04cc054391a25dd966b8b1431a.png,center_2,ndbe,0,fold_4
center_2/ndbe/0eadca955dd14b7a854d3f54fdeb05db.png,0eadca955dd14b7a854d3f54fdeb05db.png,center_2,ndbe,0,fold_0
center_2/ndbe/a7f6593e32b140cf9f31d90f346db61a.png,a7f6593e32b140cf9f31d90f346db61a.png,center_2,ndbe,0,fold_3
center_2/ndbe/d529dc1626204cb490957b5d183805e6.png,d529dc1626204cb490957b5d183805e6.png,center_2,ndbe,0,fold_4
center_2/ndbe/aa5ebfacde9c482c9fda3948ca924131.png,aa5ebfacde9c482c9fda3948ca924131.png,center_2,ndbe,0,fold_2
center_2/ndbe/2f938f17b888409f88dea6e4dc4f80d1.png,2f938f17b888409f88dea6e4dc4f80d1.png,center_2,ndbe,0,fold_2
center_2/ndbe/5fd9ee1cb3cf4755ba0abcff972a8bdc.png,5fd9ee1cb3cf4755ba0abcff972a8bdc.png,center_2,ndbe,0,fold_0
center_2/ndbe/61f4becfea9a48349a580d6d9d6b3de0.png,61f4becfea9a48349a580d6d9d6b3de0.png,center_2,ndbe,0,fold_0
center_2/ndbe/8fa18f8d33e245c8aaef69703311bdd7.png,8fa18f8d33e245c8aaef69703311bdd7.png,center_2,ndbe,0,fold_0
center_2/ndbe/21ebac0747824c41a52a28710d1234b4.png,21ebac0747824c41a52a28710d1234b4.png,center_2,ndbe,0,fold_1
center_2/ndbe/a9a8f747ca8f43829c2eaa3b21503b29.png,a9a8f747ca8f43829c2eaa3b21503b29.png,center_2,ndbe,0,fold_1
center_2/ndbe/d637305896e048968138802d10a54e89.png,d637305896e048968138802d10a54e89.png,center_2,ndbe,0,fold_3
center_2/ndbe/d60005a2c207465196757fc273aa7c28.png,d60005a2c207465196757fc273aa7c28.png,center_2,ndbe,0,fold_0
center_2/ndbe/bfffcb7700ee46cb93fe5c3471ece843.png,bfffcb7700ee46cb93fe5c3471ece843.png,center_2,ndbe,0,fold_3
center_2/ndbe/6f967117dde2467898f6ce61b8a1bfbf.png,6f967117dde2467898f6ce61b8a1bfbf.png,center_2,ndbe,0,fold_3
center_2/ndbe/02460b955d674d4db7d68ccbdcfb44af.png,02460b955d674d4db7d68ccbdcfb44af.png,center_2,ndbe,0,fold_0
center_2/ndbe/fab90487cfbf4f898f35cbe8fdb52d8b.png,fab90487cfbf4f898f35cbe8fdb52d8b.png,center_2,ndbe,0,fold_1
center_2/ndbe/8a39a4730a184e1495bd124daced4697.png,8a39a4730a184e1495bd124daced4697.png,center_2,ndbe,0,fold_1
center_2/ndbe/813bedf730204ae4a77aa9c0ecf3bd85.png,813bedf730204ae4a77aa9c0ecf3bd85.png,center_2,ndbe,0,fold_2
center_2/ndbe/282e52806aea4457855ebccf5c2520b9.png,282e52806aea4457855ebccf5c2520b9.png,center_2,ndbe,0,fold_4
center_2/ndbe/fd90eefeb222487c8c872c9258ed6d86.png,fd90eefeb222487c8c872c9258ed6d86.png,center_2,ndbe,0,fold_0
center_2/ndbe/b6695a719ac241598e044378674cd0d9.png,b6695a719ac241598e044378674cd0d9.png,center_2,ndbe,0,fold_2
center_2/ndbe/4c4491126b324ee48cc1a3800d87042d.png,4c4491126b324ee48cc1a3800d87042d.png,center_2,ndbe,0,fold_4
center_2/ndbe/12aea7cb97b04dd5b2e89e654ba2789f.png,12aea7cb97b04dd5b2e89e654ba2789f.png,center_2,ndbe,0,fold_3
center_2/ndbe/1b1c704c67d7407fb805e94ac6e67142.png,1b1c704c67d7407fb805e94ac6e67142.png,center_2,ndbe,0,fold_2
center_2/ndbe/02cedae9d9a74e709b52df5e7737e664.png,02cedae9d9a74e709b52df5e7737e664.png,center_2,ndbe,0,fold_2
center_2/ndbe/acd0475afd8042b9a179a6f1d8cf43d4.png,acd0475afd8042b9a179a6f1d8cf43d4.png,center_2,ndbe,0,fold_1
center_2/ndbe/90ea00f2f52a49c1adc7b65c4ba8fae5.png,90ea00f2f52a49c1adc7b65c4ba8fae5.png,center_2,ndbe,0,fold_1
center_2/ndbe/ec30852d6f924623bbc8378db6094c35.png,ec30852d6f924623bbc8378db6094c35.png,center_2,ndbe,0,fold_2
center_2/ndbe/112f3acc2a8b4a3ba16aeccbf697dabc.png,112f3acc2a8b4a3ba16aeccbf697dabc.png,center_2,ndbe,0,fold_4
center_2/ndbe/4267b857ce5d4ac285835729990309f4.png,4267b857ce5d4ac285835729990309f4.png,center_2,ndbe,0,fold_2
center_2/ndbe/45cb73f972d2499c9866c452bdc7426b.png,45cb73f972d2499c9866c452bdc7426b.png,center_2,ndbe,0,fold_2
center_2/ndbe/ccff663774a4483591899de66330bd75.png,ccff663774a4483591899de66330bd75.png,center_2,ndbe,0,fold_2
center_2/ndbe/9bd9d3610f63457fa9f6617020485ba2.png,9bd9d3610f63457fa9f6617020485ba2.png,center_2,ndbe,0,fold_1
center_2/ndbe/8a9d30bbb63a416dbbdfbb61d79a94a5.png,8a9d30bbb63a416dbbdfbb61d79a94a5.png,center_2,ndbe,0,fold_3
center_2/ndbe/9d8fe35dbc2045978cfbf0e70f20bb69.png,9d8fe35dbc2045978cfbf0e70f20bb69.png,center_2,ndbe,0,fold_1
center_2/ndbe/c23565edf3a54a8db0aee584133432be.png,c23565edf3a54a8db0aee584133432be.png,center_2,ndbe,0,fold_3
center_2/ndbe/85381fc64d5b409c8689673a1174c076.png,85381fc64d5b409c8689673a1174c076.png,center_2,ndbe,0,fold_2
center_2/ndbe/d18fe956b825469fb28a875426c8aa0f.png,d18fe956b825469fb28a875426c8aa0f.png,center_2,ndbe,0,fold_2
center_2/ndbe/08f0c4e639e348fdbe0145ebbeafc397.png,08f0c4e639e348fdbe0145ebbeafc397.png,center_2,ndbe,0,fold_2
center_2/ndbe/305d04aff86542ada2c227aa9cc0bd33.png,305d04aff86542ada2c227aa9cc0bd33.png,center_2,ndbe,0,fold_1
center_2/ndbe/41d63cd8ccb340d083469b5f8af0c0f7.png,41d63cd8ccb340d083469b5f8af0c0f7.png,center_2,ndbe,0,fold_0
center_2/ndbe/4d0b811f68af4dde956574354ce1627d.png,4d0b811f68af4dde956574354ce1627d.png,center_2,ndbe,0,fold_2
center_2/ndbe/7824ebd624194290bdc4944e80fe2026.png,7824ebd624194290bdc4944e80fe2026.png,center_2,ndbe,0,fold_4
center_2/ndbe/ad0400e4e13b4ee78c0fd0143bb4d4a7.png,ad0400e4e13b4ee78c0fd0143bb4d4a7.png,center_2,ndbe,0,fold_4
center_2/ndbe/bc2ac1d22cef4f4a961d775090270bd4.png,bc2ac1d22cef4f4a961d775090270bd4.png,center_2,ndbe,0,fold_4
center_2/ndbe/4ef9d103ff98489b8fb5098dc3021805.png,4ef9d103ff98489b8fb5098dc3021805.png,center_2,ndbe,0,fold_4
center_2/ndbe/b313fbbd1d6d4e17ac8b4cb97fa0d21c.png,b313fbbd1d6d4e17ac8b4cb97fa0d21c.png,center_2,ndbe,0,fold_4
center_2/ndbe/1844d14a17cf4fc0af47782d79afe94f.png,1844d14a17cf4fc0af47782d79afe94f.png,center_2,ndbe,0,fold_0
center_2/ndbe/1b2c22e8b7694864a309e9e3aea0f384.png,1b2c22e8b7694864a309e9e3aea0f384.png,center_2,ndbe,0,fold_2
center_2/ndbe/341b437a3dc34479851b944be4d75c52.png,341b437a3dc34479851b944be4d75c52.png,center_2,ndbe,0,fold_2
center_2/ndbe/1c9ceaf22f53414699b53453db9e5832.png,1c9ceaf22f53414699b53453db9e5832.png,center_2,ndbe,0,fold_2
center_2/ndbe/bbda8e3415e2403987b459eac0ef66c5.png,bbda8e3415e2403987b459eac0ef66c5.png,center_2,ndbe,0,fold_0
center_2/ndbe/c0a152c77ab14e15bd6d5a331953dad0.png,c0a152c77ab14e15bd6d5a331953dad0.png,center_2,ndbe,0,fold_1
center_2/ndbe/0c9595d7591c4abcbc208e4b7e8b5102.png,0c9595d7591c4abcbc208e4b7e8b5102.png,center_2,ndbe,0,fold_4
center_2/ndbe/d27832bd4fad48788da252de812ef23d.png,d27832bd4fad48788da252de812ef23d.png,center_2,ndbe,0,fold_2
center_2/ndbe/5bd24099af27469f8ba449d295f31923.png,5bd24099af27469f8ba449d295f31923.png,center_2,ndbe,0,fold_3
center_2/ndbe/8bf9dddfbbcf4c4c8e40660688537a7c.png,8bf9dddfbbcf4c4c8e40660688537a7c.png,center_2,ndbe,0,fold_2
center_2/ndbe/afd7874ba8ff4d9097302c82d2ba633f.png,afd7874ba8ff4d9097302c82d2ba633f.png,center_2,ndbe,0,fold_1
center_2/ndbe/223676e6d4b641779b2a19f7774d5810.png,223676e6d4b641779b2a19f7774d5810.png,center_2,ndbe,0,fold_4
center_2/ndbe/8497d0e305074cd88e0f48955fcc0f64.png,8497d0e305074cd88e0f48955fcc0f64.png,center_2,ndbe,0,fold_4
center_2/ndbe/a4f63130d35e4e6d911adc7c52f7bcc3.png,a4f63130d35e4e6d911adc7c52f7bcc3.png,center_2,ndbe,0,fold_2
center_2/ndbe/c77d602cf02843569d5ba81a830758b2.png,c77d602cf02843569d5ba81a830758b2.png,center_2,ndbe,0,fold_1
center_2/ndbe/3e0d5ff8e282465ba5d7acb041c44fd7.png,3e0d5ff8e282465ba5d7acb041c44fd7.png,center_2,ndbe,0,fold_2
center_2/ndbe/fd061f55445844d8a78a62cd1e0ec8cf.png,fd061f55445844d8a78a62cd1e0ec8cf.png,center_2,ndbe,0,fold_4
center_2/ndbe/011c5853f0614fbe9be79fb88c018983.png,011c5853f0614fbe9be79fb88c018983.png,center_2,ndbe,0,fold_0
center_2/ndbe/53e4771e1973430abafca7679f467a08.png,53e4771e1973430abafca7679f467a08.png,center_2,ndbe,0,fold_0
center_2/ndbe/89b7ee3b00114659ac752f80aff595d4.png,89b7ee3b00114659ac752f80aff595d4.png,center_2,ndbe,0,fold_2
center_2/ndbe/b7e29b2245d44293924959c93fee8dd0.png,b7e29b2245d44293924959c93fee8dd0.png,center_2,ndbe,0,fold_2
center_2/ndbe/af06e75a78ff4397bb1c42110c31ad77.png,af06e75a78ff4397bb1c42110c31ad77.png,center_2,ndbe,0,fold_1
center_2/ndbe/0650444c139846cdab3c5356a93c1b3f.png,0650444c139846cdab3c5356a93c1b3f.png,center_2,ndbe,0,fold_0
center_2/ndbe/f79fc32f34f74680a2acb225c4c6eee2.png,f79fc32f34f74680a2acb225c4c6eee2.png,center_2,ndbe,0,fold_0
center_2/ndbe/fd8d928fdc8846d08bb4bd37dfa29cc1.png,fd8d928fdc8846d08bb4bd37dfa29cc1.png,center_2,ndbe,0,fold_2
center_2/ndbe/cf66de2ad0dc4ea0b9589eead56bda26.png,cf66de2ad0dc4ea0b9589eead56bda26.png,center_2,ndbe,0,fold_3
center_2/ndbe/e5312225ab424cbd9b84059d84419c9b.png,e5312225ab424cbd9b84059d84419c9b.png,center_2,ndbe,0,fold_0
center_2/ndbe/e866a60161d0481e8348b4563f5e7924.png,e866a60161d0481e8348b4563f5e7924.png,center_2,ndbe,0,fold_0
center_2/ndbe/2864ebb2d5b34bde833c4da46573d745.png,2864ebb2d5b34bde833c4da46573d745.png,center_2,ndbe,0,fold_1
center_2/ndbe/703d87331c124031b3ab952d7630a29a.png,703d87331c124031b3ab952d7630a29a.png,center_2,ndbe,0,fold_1
center_2/ndbe/22f37162101441c59e84e5e60db6948d.png,22f37162101441c59e84e5e60db6948d.png,center_2,ndbe,0,fold_3
center_2/ndbe/ab24b3d4df65428ca3a3e13e228cbe04.png,ab24b3d4df65428ca3a3e13e228cbe04.png,center_2,ndbe,0,fold_1
center_2/ndbe/dc558b3b4eb4449caa36b15d65458a55.png,dc558b3b4eb4449caa36b15d65458a55.png,center_2,ndbe,0,fold_0
center_2/ndbe/475dce4614ad42c6bf79ff5aeab4ac42.png,475dce4614ad42c6bf79ff5aeab4ac42.png,center_2,ndbe,0,fold_1
center_2/ndbe/e1837857cb6e4cedae89b9126907a3b4.png,e1837857cb6e4cedae89b9126907a3b4.png,center_2,ndbe,0,fold_3
center_2/ndbe/dbbc91a532cf4c1c95071738544369b3.png,dbbc91a532cf4c1c95071738544369b3.png,center_2,ndbe,0,fold_1
center_2/ndbe/3187ca44b5d44a95985c582e5fa10b07.png,3187ca44b5d44a95985c582e5fa10b07.png,center_2,ndbe,0,fold_2
center_2/ndbe/a9e206c3d6b84daa95bec2751b33a7e0.png,a9e206c3d6b84daa95bec2751b33a7e0.png,center_2,ndbe,0,fold_0
center_2/ndbe/6395a028df814f99a1581c0f58fd61cc.png,6395a028df814f99a1581c0f58fd61cc.png,center_2,ndbe,0,fold_1
center_2/ndbe/112092d8251a417b9834c3d0dbeed17b.png,112092d8251a417b9834c3d0dbeed17b.png,center_2,ndbe,0,fold_4
center_2/ndbe/c26bd6b69e604d9e9f766cc98ac0e996.png,c26bd6b69e604d9e9f766cc98ac0e996.png,center_2,ndbe,0,fold_2
center_2/ndbe/39536c7f663e4792bd6c9500542a8fab.png,39536c7f663e4792bd6c9500542a8fab.png,center_2,ndbe,0,fold_0
center_2/ndbe/f3a19d8cb24e4ac8b9ac7d335169f2b7.png,f3a19d8cb24e4ac8b9ac7d335169f2b7.png,center_2,ndbe,0,fold_3
center_2/ndbe/033048d282a84e899ac96b7568391b25.png,033048d282a84e899ac96b7568391b25.png,center_2,ndbe,0,fold_2
center_2/ndbe/71e56f939a1c449e873e13b94778480b.png,71e56f939a1c449e873e13b94778480b.png,center_2,ndbe,0,fold_2
center_2/ndbe/006f3802905f4474ab285234c1928a57.png,006f3802905f4474ab285234c1928a57.png,center_2,ndbe,0,fold_0
center_2/ndbe/d8a3179324734557afc994e3d240b3f9.png,d8a3179324734557afc994e3d240b3f9.png,center_2,ndbe,0,fold_0
center_2/ndbe/7424e348d62a45a3ae2beeb324104cbe.png,7424e348d62a45a3ae2beeb324104cbe.png,center_2,ndbe,0,fold_2
center_2/ndbe/62df9bf83fe74d4498e61d2bd7428342.png,62df9bf83fe74d4498e61d2bd7428342.png,center_2,ndbe,0,fold_3
center_2/ndbe/ace6ba3e21484fc481d908f47cef183a.png,ace6ba3e21484fc481d908f47cef183a.png,center_2,ndbe,0,fold_2
center_2/ndbe/00aa0318b9d34b01917c01dbfeeb2ba8.png,00aa0318b9d34b01917c01dbfeeb2ba8.png,center_2,ndbe,0,fold_1
center_2/ndbe/b663f0aafb2e47b6b434a02159986b35.png,b663f0aafb2e47b6b434a02159986b35.png,center_2,ndbe,0,fold_4
center_2/ndbe/a8cf275121be49b1bf0f38ca1229e82c.png,a8cf275121be49b1bf0f38ca1229e82c.png,center_2,ndbe,0,fold_4
center_2/ndbe/034ee3d5330d4258b2d15993a5342fc3.png,034ee3d5330d4258b2d15993a5342fc3.png,center_2,ndbe,0,fold_2
center_2/ndbe/bbfde3aed2e24ee9b49a2a0c46a645c1.png,bbfde3aed2e24ee9b49a2a0c46a645c1.png,center_2,ndbe,0,fold_4
center_2/ndbe/ee3840d3b99d492ca9bb3062ffaf61d7.png,ee3840d3b99d492ca9bb3062ffaf61d7.png,center_2,ndbe,0,fold_3
center_2/ndbe/6be7d4ed310a4d1c996cb7b99695e26e.png,6be7d4ed310a4d1c996cb7b99695e26e.png,center_2,ndbe,0,fold_1
center_2/ndbe/1ca09a1b39c444b2a3b200113bc43997.png,1ca09a1b39c444b2a3b200113bc43997.png,center_2,ndbe,0,fold_1
center_2/ndbe/a21e33e4cb56439caaff50e17763004e.png,a21e33e4cb56439caaff50e17763004e.png,center_2,ndbe,0,fold_1
center_2/ndbe/58c30792cd914e73b8259e76637a5c9d.png,58c30792cd914e73b8259e76637a5c9d.png,center_2,ndbe,0,fold_4
center_2/ndbe/5d06c06ee2be40cf9510fff29d867c9b.png,5d06c06ee2be40cf9510fff29d867c9b.png,center_2,ndbe,0,fold_0
center_2/ndbe/2e3b166fd8634984b43d9c5fddc10059.png,2e3b166fd8634984b43d9c5fddc10059.png,center_2,ndbe,0,fold_2
center_2/ndbe/02a61a06457b4ec0b41667bbbf47e43a.png,02a61a06457b4ec0b41667bbbf47e43a.png,center_2,ndbe,0,fold_3
center_2/ndbe/0f78071f8ab9431ea7e0f56df8b44c06.png,0f78071f8ab9431ea7e0f56df8b44c06.png,center_2,ndbe,0,fold_2
center_2/ndbe/1a79d2e5cb224469a184e1755c352f64.png,1a79d2e5cb224469a184e1755c352f64.png,center_2,ndbe,0,fold_0
center_2/ndbe/a37e6b83ffab4fd8beb75d1d3ba246f2.png,a37e6b83ffab4fd8beb75d1d3ba246f2.png,center_2,ndbe,0,fold_2
center_2/ndbe/b8a6776b810b42e990473560e000a911.png,b8a6776b810b42e990473560e000a911.png,center_2,ndbe,0,fold_4
center_2/ndbe/0dda76a6bb4743499db3b4e65a81291f.png,0dda76a6bb4743499db3b4e65a81291f.png,center_2,ndbe,0,fold_4
center_2/ndbe/b885e114ecb94fb184587f541793ee7c.png,b885e114ecb94fb184587f541793ee7c.png,center_2,ndbe,0,fold_4
center_2/ndbe/3cc8a39a054946e5a46d65b3382bcb8d.png,3cc8a39a054946e5a46d65b3382bcb8d.png,center_2,ndbe,0,fold_1
center_2/ndbe/319eb06b513a4487abb59dd82dddbdcc.png,319eb06b513a4487abb59dd82dddbdcc.png,center_2,ndbe,0,fold_1
center_2/ndbe/7b5713e6b6324bc1874751850342ae7e.png,7b5713e6b6324bc1874751850342ae7e.png,center_2,ndbe,0,fold_1
center_2/ndbe/3487f1f28e8c4558bdf62d85299a3807.png,3487f1f28e8c4558bdf62d85299a3807.png,center_2,ndbe,0,fold_2
center_2/ndbe/719f5d746c2c4664b6883bf6fd6efa4f.png,719f5d746c2c4664b6883bf6fd6efa4f.png,center_2,ndbe,0,fold_3
center_2/ndbe/968d7d5cb796408da11f7278ed6c1d26.png,968d7d5cb796408da11f7278ed6c1d26.png,center_2,ndbe,0,fold_0
center_2/ndbe/1367d2a394da41cab0e4c3ebfda03920.png,1367d2a394da41cab0e4c3ebfda03920.png,center_2,ndbe,0,fold_3
center_2/ndbe/5cede66bb6974f1cb6691d76708ffa99.png,5cede66bb6974f1cb6691d76708ffa99.png,center_2,ndbe,0,fold_3
center_2/ndbe/e2cd191090604a84ab51bbba6eabf8da.png,e2cd191090604a84ab51bbba6eabf8da.png,center_2,ndbe,0,fold_1
center_2/ndbe/5cc824ef312e4932937a19722044d6fd.png,5cc824ef312e4932937a19722044d6fd.png,center_2,ndbe,0,fold_2
center_2/ndbe/8f05b402fd384f74aca4b6212f6061a7.png,8f05b402fd384f74aca4b6212f6061a7.png,center_2,ndbe,0,fold_3
center_2/ndbe/14f8745b5a6446ff85d9e0b477fff36d.png,14f8745b5a6446ff85d9e0b477fff36d.png,center_2,ndbe,0,fold_0
center_2/ndbe/79088a3ceedd44349ffac40106cd0dea.png,79088a3ceedd44349ffac40106cd0dea.png,center_2,ndbe,0,fold_1
center_2/ndbe/4087db0f531b4a57917b0de67b751c9e.png,4087db0f531b4a57917b0de67b751c9e.png,center_2,ndbe,0,fold_4
center_2/ndbe/648e85234a284620ab968844d1a8c368.png,648e85234a284620ab968844d1a8c368.png,center_2,ndbe,0,fold_3
center_2/ndbe/5ba234f7ae8c4360b62b747f4841efe0.png,5ba234f7ae8c4360b62b747f4841efe0.png,center_2,ndbe,0,fold_4
center_2/ndbe/d2aa8a99f9e04c5aa04c74f31e26bf6b.png,d2aa8a99f9e04c5aa04c74f31e26bf6b.png,center_2,ndbe,0,fold_4
center_2/ndbe/a2acc38e224749939dc0279e5059b28e.png,a2acc38e224749939dc0279e5059b28e.png,center_2,ndbe,0,fold_0
center_2/ndbe/7176ed25d98b4c8cb248fe785f2042f9.png,7176ed25d98b4c8cb248fe785f2042f9.png,center_2,ndbe,0,fold_4
center_2/ndbe/aedfb9088d0841039b7f1ac7d6cd7d34.png,aedfb9088d0841039b7f1ac7d6cd7d34.png,center_2,ndbe,0,fold_4
center_2/ndbe/51f3e640b24b47369594a100a80c045f.png,51f3e640b24b47369594a100a80c045f.png,center_2,ndbe,0,fold_4
center_2/ndbe/d3099f4d406549dd9febc38d446fd10a.png,d3099f4d406549dd9febc38d446fd10a.png,center_2,ndbe,0,fold_2
center_2/ndbe/6d11cb8feab341d4aa388af20651e877.png,6d11cb8feab341d4aa388af20651e877.png,center_2,ndbe,0,fold_3
center_2/ndbe/1bf5c126af5f44a389c3f308a48b883c.png,1bf5c126af5f44a389c3f308a48b883c.png,center_2,ndbe,0,fold_4
center_2/ndbe/8dd81d7c433e4d46ae5b17c9fe4dbf01.png,8dd81d7c433e4d46ae5b17c9fe4dbf01.png,center_2,ndbe,0,fold_1
center_2/ndbe/71134a3599b140a3b1cc19d936ba0278.png,71134a3599b140a3b1cc19d936ba0278.png,center_2,ndbe,0,fold_0
center_2/ndbe/f3588a6a6290459a98e076318289fb62.png,f3588a6a6290459a98e076318289fb62.png,center_2,ndbe,0,fold_4
center_2/ndbe/45745b7a78054d25bf3b81456f038268.png,45745b7a78054d25bf3b81456f038268.png,center_2,ndbe,0,fold_1
center_2/ndbe/bb38644086d04d638e4043e64b889dd3.png,bb38644086d04d638e4043e64b889dd3.png,center_2,ndbe,0,fold_4
center_2/ndbe/df93da1d146948248d99221332761ced.png,df93da1d146948248d99221332761ced.png,center_2,ndbe,0,fold_3
center_2/ndbe/216bd79cd0304b058c3824f5aaf0f365.png,216bd79cd0304b058c3824f5aaf0f365.png,center_2,ndbe,0,fold_4
center_2/ndbe/ea0034b9eb134ffba47d56afc214d0aa.png,ea0034b9eb134ffba47d56afc214d0aa.png,center_2,ndbe,0,fold_2
center_2/ndbe/ace9b4146a7d4eac8628fe23a59a5078.png,ace9b4146a7d4eac8628fe23a59a5078.png,center_2,ndbe,0,fold_4
center_2/ndbe/b8421ddb824b4ecab03e143ec9df3432.png,b8421ddb824b4ecab03e143ec9df3432.png,center_2,ndbe,0,fold_4
center_2/ndbe/02b382c6927044148c0022d6e6dfffd8.png,02b382c6927044148c0022d6e6dfffd8.png,center_2,ndbe,0,fold_4
center_2/ndbe/abc8c43dc89d4dffb3abf127ca2ff54d.png,abc8c43dc89d4dffb3abf127ca2ff54d.png,center_2,ndbe,0,fold_2
center_2/ndbe/c5027c867dff4b28af1ffa31ab0d513d.png,c5027c867dff4b28af1ffa31ab0d513d.png,center_2,ndbe,0,fold_3
center_2/ndbe/3e8fbef294d345e5a51cf0e3895f27b8.png,3e8fbef294d345e5a51cf0e3895f27b8.png,center_2,ndbe,0,fold_0
center_2/ndbe/bd49d642740e468c83b1432206e46207.png,bd49d642740e468c83b1432206e46207.png,center_2,ndbe,0,fold_0
center_2/ndbe/66ea414bf6274fc296165f3c948c77e2.png,66ea414bf6274fc296165f3c948c77e2.png,center_2,ndbe,0,fold_2
center_2/ndbe/fcd04b7bc11d44b48267dc7f17a60bdd.png,fcd04b7bc11d44b48267dc7f17a60bdd.png,center_2,ndbe,0,fold_2
center_2/ndbe/25cb06a5a3f947aeac70b80a7d380ce8.png,25cb06a5a3f947aeac70b80a7d380ce8.png,center_2,ndbe,0,fold_3
center_2/ndbe/273e2f9071db4799bd7d2a669d80fae9.png,273e2f9071db4799bd7d2a669d80fae9.png,center_2,ndbe,0,fold_0
center_2/ndbe/3a0506ef7bc84a36901ec26916244f90.png,3a0506ef7bc84a36901ec26916244f90.png,center_2,ndbe,0,fold_1
center_2/ndbe/da88786ca45e4d6689168cfb843cf889.png,da88786ca45e4d6689168cfb843cf889.png,center_2,ndbe,0,fold_3
center_2/ndbe/28163bed82e04662b9cd2cb1e8153af8.png,28163bed82e04662b9cd2cb1e8153af8.png,center_2,ndbe,0,fold_4
center_2/ndbe/434b29434a1f44a0a944e5bcdf084f15.png,434b29434a1f44a0a944e5bcdf084f15.png,center_2,ndbe,0,fold_1
center_2/ndbe/2b6b36515d7f4eb5a1a7c8487cad5a96.png,2b6b36515d7f4eb5a1a7c8487cad5a96.png,center_2,ndbe,0,fold_4
center_2/ndbe/d2887fa333c14e86838464c11224263a.png,d2887fa333c14e86838464c11224263a.png,center_2,ndbe,0,fold_1
center_2/ndbe/ec17fa3603b646f3aa4183009cb5e71e.png,ec17fa3603b646f3aa4183009cb5e71e.png,center_2,ndbe,0,fold_3
center_2/ndbe/ab7eb34c429349d2b28d9566832420b9.png,ab7eb34c429349d2b28d9566832420b9.png,center_2,ndbe,0,fold_0
center_2/ndbe/e8327eaab7ee480bbfbf8d687f8ce83f.png,e8327eaab7ee480bbfbf8d687f8ce83f.png,center_2,ndbe,0,fold_2
center_2/ndbe/e0d49aa4b5984830939de00f73edc844.png,e0d49aa4b5984830939de00f73edc844.png,center_2,ndbe,0,fold_4
center_2/ndbe/57c70c42d5704b269e67a5d876a56203.png,57c70c42d5704b269e67a5d876a56203.png,center_2,ndbe,0,fold_2
center_2/ndbe/ad298e0029d54eb79a28f3667d44fc43.png,ad298e0029d54eb79a28f3667d44fc43.png,center_2,ndbe,0,fold_0
center_2/ndbe/9bb4a954ec074375816f577e86daccac.png,9bb4a954ec074375816f577e86daccac.png,center_2,ndbe,0,fold_4
center_2/ndbe/4f245028d682455399e0dcaedee61cb2.png,4f245028d682455399e0dcaedee61cb2.png,center_2,ndbe,0,fold_3
center_2/ndbe/d1ea110799054645a9f4d900dc6026e8.png,d1ea110799054645a9f4d900dc6026e8.png,center_2,ndbe,0,fold_3
center_2/ndbe/ef0379375e3e45b0948bd12056ea8c59.png,ef0379375e3e45b0948bd12056ea8c59.png,center_2,ndbe,0,fold_4
center_2/ndbe/41ea3ce5c77f44a587afbe11df099134.png,41ea3ce5c77f44a587afbe11df099134.png,center_2,ndbe,0,fold_2
center_2/ndbe/f6a1b35296a24a6a80bde4629acb8fac.png,f6a1b35296a24a6a80bde4629acb8fac.png,center_2,ndbe,0,fold_1
center_2/ndbe/63280b4c0bd144cd9582b825757797d0.png,63280b4c0bd144cd9582b825757797d0.png,center_2,ndbe,0,fold_0
center_2/ndbe/1ffa050b4bf348249384bc8670e8f893.png,1ffa050b4bf348249384bc8670e8f893.png,center_2,ndbe,0,fold_0
center_2/ndbe/33593d64681e418ea2b917611dfd4985.png,33593d64681e418ea2b917611dfd4985.png,center_2,ndbe,0,fold_0
center_2/ndbe/93ada70f394a4dc8a025b8b3ee5bc69a.png,93ada70f394a4dc8a025b8b3ee5bc69a.png,center_2,ndbe,0,fold_0
center_2/ndbe/68afbb984be94038be02a198776a59ef.png,68afbb984be94038be02a198776a59ef.png,center_2,ndbe,0,fold_4
center_2/ndbe/31409b502d984c9983b7c161ae33c0b5.png,31409b502d984c9983b7c161ae33c0b5.png,center_2,ndbe,0,fold_4
center_2/ndbe/f8b3bc6dead4494386dafc4316809e8c.png,f8b3bc6dead4494386dafc4316809e8c.png,center_2,ndbe,0,fold_0
center_2/ndbe/dbf151efe8d942b8a4aa7ad17c118848.png,dbf151efe8d942b8a4aa7ad17c118848.png,center_2,ndbe,0,fold_0
center_2/ndbe/badcc1a41794484ea97f4855fa93e1b6.png,badcc1a41794484ea97f4855fa93e1b6.png,center_2,ndbe,0,fold_1
center_2/ndbe/bd30b7cdb5ae4815a11cb0d6d8ecb7b1.png,bd30b7cdb5ae4815a11cb0d6d8ecb7b1.png,center_2,ndbe,0,fold_4
center_2/ndbe/72095b2e67c444c8a55c0371074048a8.png,72095b2e67c444c8a55c0371074048a8.png,center_2,ndbe,0,fold_3
center_2/ndbe/f25e2e5608c34fa3adbfaacbf26a9328.png,f25e2e5608c34fa3adbfaacbf26a9328.png,center_2,ndbe,0,fold_0
center_2/ndbe/7d415810bd72493bb3da7de376cdd914.png,7d415810bd72493bb3da7de376cdd914.png,center_2,ndbe,0,fold_0
center_2/ndbe/85ea0f36d0a94e87b33812b8332f8d0c.png,85ea0f36d0a94e87b33812b8332f8d0c.png,center_2,ndbe,0,fold_1
center_2/ndbe/cdeec5d286a2424a99ad803999f638b0.png,cdeec5d286a2424a99ad803999f638b0.png,center_2,ndbe,0,fold_3
center_2/ndbe/d592353fd80a42509747dd499c5112e1.png,d592353fd80a42509747dd499c5112e1.png,center_2,ndbe,0,fold_2
center_2/ndbe/6eb0ef65143b4cc48c029473283125e6.png,6eb0ef65143b4cc48c029473283125e6.png,center_2,ndbe,0,fold_2
center_2/ndbe/f6a175d87eb242bd85790b3425ea8d6e.png,f6a175d87eb242bd85790b3425ea8d6e.png,center_2,ndbe,0,fold_2
center_2/ndbe/f5174b3ad08e44d1bcd78fe3b99c142c.png,f5174b3ad08e44d1bcd78fe3b99c142c.png,center_2,ndbe,0,fold_4
center_2/ndbe/0f40fbab496340a0bab0e4a0a4669753.png,0f40fbab496340a0bab0e4a0a4669753.png,center_2,ndbe,0,fold_2
center_2/ndbe/35c741b707b74222b264b25bc8a8667a.png,35c741b707b74222b264b25bc8a8667a.png,center_2,ndbe,0,fold_3
center_2/ndbe/1bbea3df6a864902becedb23afa5a9f1.png,1bbea3df6a864902becedb23afa5a9f1.png,center_2,ndbe,0,fold_3
center_2/ndbe/3863e2b799a74b239912b765cb061208.png,3863e2b799a74b239912b765cb061208.png,center_2,ndbe,0,fold_0
center_2/ndbe/374ae83fb3934b8e966515f5654a53a6.png,374ae83fb3934b8e966515f5654a53a6.png,center_2,ndbe,0,fold_0
center_2/ndbe/ba16962c917f4029a9e9782641b3f07d.png,ba16962c917f4029a9e9782641b3f07d.png,center_2,ndbe,0,fold_1
center_2/ndbe/7afcd8a1266f4c58b4b54ce139551df6.png,7afcd8a1266f4c58b4b54ce139551df6.png,center_2,ndbe,0,fold_3
center_2/ndbe/437209224eb24ae1a539ca4ec96e5c63.png,437209224eb24ae1a539ca4ec96e5c63.png,center_2,ndbe,0,fold_4
center_2/ndbe/33289feda2ac46999f86510deb68f4f9.png,33289feda2ac46999f86510deb68f4f9.png,center_2,ndbe,0,fold_1
center_2/ndbe/973b9b661c384c88a102cdf440391d0a.png,973b9b661c384c88a102cdf440391d0a.png,center_2,ndbe,0,fold_4
center_2/ndbe/00e6778f43f14ff995d2ae24d26622d9.png,00e6778f43f14ff995d2ae24d26622d9.png,center_2,ndbe,0,fold_1
center_2/ndbe/180740405d674d95bbfd65a1a96a7541.png,180740405d674d95bbfd65a1a96a7541.png,center_2,ndbe,0,fold_0
center_2/ndbe/57cd9f3e18814f9e9e114ab9966495bd.png,57cd9f3e18814f9e9e114ab9966495bd.png,center_2,ndbe,0,fold_2
center_2/ndbe/67025f31659541298ec15946d73b0024.png,67025f31659541298ec15946d73b0024.png,center_2,ndbe,0,fold_0
center_2/ndbe/34b816b39fd648db9daf1f9686aac011.png,34b816b39fd648db9daf1f9686aac011.png,center_2,ndbe,0,fold_0
center_2/ndbe/221b5c85351042b082158ebdcb0914ff.png,221b5c85351042b082158ebdcb0914ff.png,center_2,ndbe,0,fold_0
center_2/ndbe/abf94d1955774da7a3c5da9ae6ce1bc9.png,abf94d1955774da7a3c5da9ae6ce1bc9.png,center_2,ndbe,0,fold_0
center_2/ndbe/19344a07c734468dbd4b50a7395ecdd5.png,19344a07c734468dbd4b50a7395ecdd5.png,center_2,ndbe,0,fold_1
center_2/ndbe/77e8a615e7124d318745a22fb7f00c6b.png,77e8a615e7124d318745a22fb7f00c6b.png,center_2,ndbe,0,fold_0
center_2/ndbe/0fe51254f39a4360a856014f52fef7ed.png,0fe51254f39a4360a856014f52fef7ed.png,center_2,ndbe,0,fold_1
center_2/ndbe/a5a8b71812724410863455cb698725b9.png,a5a8b71812724410863455cb698725b9.png,center_2,ndbe,0,fold_1
center_2/ndbe/eee916568acb446db7c9e1f7ea3d6926.png,eee916568acb446db7c9e1f7ea3d6926.png,center_2,ndbe,0,fold_1
center_2/ndbe/1bdc7c1150864ac1989dd925856451eb.png,1bdc7c1150864ac1989dd925856451eb.png,center_2,ndbe,0,fold_4
center_2/ndbe/b1785eb986f942778d5122f7a9ae86dd.png,b1785eb986f942778d5122f7a9ae86dd.png,center_2,ndbe,0,fold_0
center_2/ndbe/e9682de6ec2c4adfbd45ee38f29a11b7.png,e9682de6ec2c4adfbd45ee38f29a11b7.png,center_2,ndbe,0,fold_0
center_2/ndbe/fa352748e0bd48368c0ada92ddc66b73.png,fa352748e0bd48368c0ada92ddc66b73.png,center_2,ndbe,0,fold_4
center_2/ndbe/8b8fc06626f549af8ded5c83f718fea1.png,8b8fc06626f549af8ded5c83f718fea1.png,center_2,ndbe,0,fold_0
center_2/ndbe/e3b9cf2b44874e339beb2466e496fb1c.png,e3b9cf2b44874e339beb2466e496fb1c.png,center_2,ndbe,0,fold_1
center_2/ndbe/281d8fba09ac40e1984507b5bd1fb1f6.png,281d8fba09ac40e1984507b5bd1fb1f6.png,center_2,ndbe,0,fold_2
center_2/ndbe/9275b81224454dff8164dfcc4b90e9df.png,9275b81224454dff8164dfcc4b90e9df.png,center_2,ndbe,0,fold_3
center_2/ndbe/1cf4c033ad704a22843257936eec36fc.png,1cf4c033ad704a22843257936eec36fc.png,center_2,ndbe,0,fold_3
center_2/ndbe/ce1cd8d1d4614eaca82ee65c75ea6983.png,ce1cd8d1d4614eaca82ee65c75ea6983.png,center_2,ndbe,0,fold_2
center_2/ndbe/1813c260208f418fbc1b50549cd8e3be.png,1813c260208f418fbc1b50549cd8e3be.png,center_2,ndbe,0,fold_1
center_2/ndbe/f79dafa2388f4b7e8337fbf07a87fa3c.png,f79dafa2388f4b7e8337fbf07a87fa3c.png,center_2,ndbe,0,fold_4
center_2/ndbe/1824f7ad25c84f68a859be40975d5973.png,1824f7ad25c84f68a859be40975d5973.png,center_2,ndbe,0,fold_0
center_2/ndbe/c8700bdfb73f4e4297e00faddb215632.png,c8700bdfb73f4e4297e00faddb215632.png,center_2,ndbe,0,fold_3
center_2/ndbe/72e95ef4be5541ebb966cf9ec9074e2e.png,72e95ef4be5541ebb966cf9ec9074e2e.png,center_2,ndbe,0,fold_1
center_2/ndbe/cd265e378e174623893ef9bd9ce5526e.png,cd265e378e174623893ef9bd9ce5526e.png,center_2,ndbe,0,fold_1
center_2/ndbe/20c977afc8524351bbc342a87241346c.png,20c977afc8524351bbc342a87241346c.png,center_2,ndbe,0,fold_0
center_2/ndbe/1dfd2cb28813403d9b3eb616a9ee4d4a.png,1dfd2cb28813403d9b3eb616a9ee4d4a.png,center_2,ndbe,0,fold_3
center_2/ndbe/af7e7d61ec0a47978a5751f100e6ece7.png,af7e7d61ec0a47978a5751f100e6ece7.png,center_2,ndbe,0,fold_3
center_2/ndbe/917ecb006caf4ed9b1599af9a7250662.png,917ecb006caf4ed9b1599af9a7250662.png,center_2,ndbe,0,fold_1
center_2/ndbe/3a8dd82cb3fc4007bd7cdac902389d29.png,3a8dd82cb3fc4007bd7cdac902389d29.png,center_2,ndbe,0,fold_1
center_2/ndbe/0eee469f693f4ab3a565fee8f3d124d7.png,0eee469f693f4ab3a565fee8f3d124d7.png,center_2,ndbe,0,fold_1
center_2/ndbe/83c71e55d3314fa9a3eae3972a41b6e7.png,83c71e55d3314fa9a3eae3972a41b6e7.png,center_2,ndbe,0,fold_0
center_2/ndbe/f83e37743f2344058a5bdb7e7407c3bb.png,f83e37743f2344058a5bdb7e7407c3bb.png,center_2,ndbe,0,fold_4
center_2/ndbe/468d52d7f73b4b558d1ab2f00d540da2.png,468d52d7f73b4b558d1ab2f00d540da2.png,center_2,ndbe,0,fold_2
center_2/ndbe/90d44e4a13e5466b8c29b31389bdf101.png,90d44e4a13e5466b8c29b31389bdf101.png,center_2,ndbe,0,fold_2
center_2/ndbe/e53a85de4ae24dc1b5a682774d3a88b2.png,e53a85de4ae24dc1b5a682774d3a88b2.png,center_2,ndbe,0,fold_0
center_2/ndbe/98f90697b0584860870193a56aafac5e.png,98f90697b0584860870193a56aafac5e.png,center_2,ndbe,0,fold_3
center_2/ndbe/502cb01d81794f148546a3913f8504f2.png,502cb01d81794f148546a3913f8504f2.png,center_2,ndbe,0,fold_2
center_2/ndbe/1e2d468ce3e84536b8497fb719b94da8.png,1e2d468ce3e84536b8497fb719b94da8.png,center_2,ndbe,0,fold_0
center_2/ndbe/e3ec768f68d94a6fa85087c706fc2093.png,e3ec768f68d94a6fa85087c706fc2093.png,center_2,ndbe,0,fold_3
center_2/ndbe/4aaadd59d4304fb0b55bfdce42cd4fff.png,4aaadd59d4304fb0b55bfdce42cd4fff.png,center_2,ndbe,0,fold_1
center_2/ndbe/3c662e45407441ed927b0b121d22209b.png,3c662e45407441ed927b0b121d22209b.png,center_2,ndbe,0,fold_0
center_2/ndbe/b597940122d943b0b88ec54bdaca0375.png,b597940122d943b0b88ec54bdaca0375.png,center_2,ndbe,0,fold_3
center_2/ndbe/7c2b94458a6c4ec7b735d3d4ee574f59.png,7c2b94458a6c4ec7b735d3d4ee574f59.png,center_2,ndbe,0,fold_1
center_2/ndbe/3464f58910084410ad8e659f1742cc86.png,3464f58910084410ad8e659f1742cc86.png,center_2,ndbe,0,fold_0
center_2/ndbe/1ae8935e688048cfa947bc0a4c1df37d.png,1ae8935e688048cfa947bc0a4c1df37d.png,center_2,ndbe,0,fold_0
center_2/ndbe/da73bc0d21614e5c878756a0dcf5a48c.png,da73bc0d21614e5c878756a0dcf5a48c.png,center_2,ndbe,0,fold_3
center_2/ndbe/298f2dd55f4048ea9e0ce19345a1712f.png,298f2dd55f4048ea9e0ce19345a1712f.png,center_2,ndbe,0,fold_1
center_2/ndbe/a03670cc7ca346b0af8b708e6152ee1b.png,a03670cc7ca346b0af8b708e6152ee1b.png,center_2,ndbe,0,fold_3
center_2/ndbe/eb030c7a04aa46dcab63675f6e9190fa.png,eb030c7a04aa46dcab63675f6e9190fa.png,center_2,ndbe,0,fold_4
center_2/ndbe/caf44b9066764b14bba656403661bb14.png,caf44b9066764b14bba656403661bb14.png,center_2,ndbe,0,fold_3
center_2/ndbe/b2e12f85fa7c4b81a5bdfab5ee5a386f.png,b2e12f85fa7c4b81a5bdfab5ee5a386f.png,center_2,ndbe,0,fold_1
center_2/ndbe/a76827491dcd47c6918475cef8c4bfe6.png,a76827491dcd47c6918475cef8c4bfe6.png,center_2,ndbe,0,fold_4
center_2/ndbe/9ce4cb68e7544bb3bdeb34db6822f00a.png,9ce4cb68e7544bb3bdeb34db6822f00a.png,center_2,ndbe,0,fold_3
center_2/ndbe/afcf73b4112347409549ccaf1e0ec26e.png,afcf73b4112347409549ccaf1e0ec26e.png,center_2,ndbe,0,fold_2
center_2/ndbe/18b0b472eb194d1ba89dfa434b7ba2af.png,18b0b472eb194d1ba89dfa434b7ba2af.png,center_2,ndbe,0,fold_2
center_2/ndbe/b2e7569a9f1947d99a2e5cf86a425e1f.png,b2e7569a9f1947d99a2e5cf86a425e1f.png,center_2,ndbe,0,fold_1
center_2/ndbe/eb503ca4a0d34825b450204c2479653a.png,eb503ca4a0d34825b450204c2479653a.png,center_2,ndbe,0,fold_4
center_2/ndbe/0a07efcc4d2847259503beaed933a84d.png,0a07efcc4d2847259503beaed933a84d.png,center_2,ndbe,0,fold_1
center_2/ndbe/b2d3c186f02546da871063b8d9892972.png,b2d3c186f02546da871063b8d9892972.png,center_2,ndbe,0,fold_1
center_2/ndbe/f5e9834d285b45cc98d459be6273d213.png,f5e9834d285b45cc98d459be6273d213.png,center_2,ndbe,0,fold_4
center_2/ndbe/26170a5032754b1cb3a3d36f054cc085.png,26170a5032754b1cb3a3d36f054cc085.png,center_2,ndbe,0,fold_0
center_2/ndbe/28c29d80a4cd413e9652cf0fbfe4100d.png,28c29d80a4cd413e9652cf0fbfe4100d.png,center_2,ndbe,0,fold_1
center_2/ndbe/d77a077a13644ec2a041be994a62859e.png,d77a077a13644ec2a041be994a62859e.png,center_2,ndbe,0,fold_3
center_2/ndbe/f643b8f914344452857d12e4bd74c8a3.png,f643b8f914344452857d12e4bd74c8a3.png,center_2,ndbe,0,fold_2
center_2/ndbe/13931a1200cf47c092a7b6c86bfc02de.png,13931a1200cf47c092a7b6c86bfc02de.png,center_2,ndbe,0,fold_4
center_2/ndbe/34a986d0dac44a0f8f8022ff97a01da7.png,34a986d0dac44a0f8f8022ff97a01da7.png,center_2,ndbe,0,fold_2
center_2/ndbe/4d7fb8adb752443f84cb66ec59418273.png,4d7fb8adb752443f84cb66ec59418273.png,center_2,ndbe,0,fold_4
center_2/ndbe/e41843d5da774524b23d0943a98a4cb4.png,e41843d5da774524b23d0943a98a4cb4.png,center_2,ndbe,0,fold_1
center_2/ndbe/6f75bf14c95f496180f28d87d3dddef7.png,6f75bf14c95f496180f28d87d3dddef7.png,center_2,ndbe,0,fold_1
center_2/ndbe/16f4253d059f480ab8fb5e6d4234cad1.png,16f4253d059f480ab8fb5e6d4234cad1.png,center_2,ndbe,0,fold_2
center_2/ndbe/95d6a2a9d69f422f86691e1fb4bd3d6c.png,95d6a2a9d69f422f86691e1fb4bd3d6c.png,center_2,ndbe,0,fold_1
center_2/ndbe/f3c2abf8eaee4c41a9d04bfa1780b88d.png,f3c2abf8eaee4c41a9d04bfa1780b88d.png,center_2,ndbe,0,fold_2
center_2/ndbe/03f71ab228194c979f29497f32081d84.png,03f71ab228194c979f29497f32081d84.png,center_2,ndbe,0,fold_0
center_2/ndbe/4928f8b5ac284616a4cf478ace7bc582.png,4928f8b5ac284616a4cf478ace7bc582.png,center_2,ndbe,0,fold_3
center_2/ndbe/655722e5a6e949c0919cad6660b095ed.png,655722e5a6e949c0919cad6660b095ed.png,center_2,ndbe,0,fold_3
center_2/ndbe/61673b9e93ad4bf9927ecb54a8d82cdc.png,61673b9e93ad4bf9927ecb54a8d82cdc.png,center_2,ndbe,0,fold_4
center_2/ndbe/652c2cb113f8415390875bb7e06c676e.png,652c2cb113f8415390875bb7e06c676e.png,center_2,ndbe,0,fold_2
center_2/ndbe/5855ddd448ea4aff908ec75942cf2828.png,5855ddd448ea4aff908ec75942cf2828.png,center_2,ndbe,0,fold_1
center_2/ndbe/976879801ad341359cdc45d0aa075444.png,976879801ad341359cdc45d0aa075444.png,center_2,ndbe,0,fold_3
center_2/ndbe/5e6b1d7b29e148a0b99696f787461ba3.png,5e6b1d7b29e148a0b99696f787461ba3.png,center_2,ndbe,0,fold_0
center_2/ndbe/cd53330e8320489ba74835898fb9df11.png,cd53330e8320489ba74835898fb9df11.png,center_2,ndbe,0,fold_2
center_2/ndbe/9ec39b8e0bd84f66aa6fc4e07c0ea746.png,9ec39b8e0bd84f66aa6fc4e07c0ea746.png,center_2,ndbe,0,fold_1
center_2/ndbe/b72fa7a820b1405cb22d3e7e296b3313.png,b72fa7a820b1405cb22d3e7e296b3313.png,center_2,ndbe,0,fold_1
center_2/ndbe/efadefe79ece45a0bf8be001ca54f445.png,efadefe79ece45a0bf8be001ca54f445.png,center_2,ndbe,0,fold_3
center_2/ndbe/96376896d7c74eeaaf96b36ec308d909.png,96376896d7c74eeaaf96b36ec308d909.png,center_2,ndbe,0,fold_0
center_2/ndbe/ef4b57bd8eb748dabf660b97959ce249.png,ef4b57bd8eb748dabf660b97959ce249.png,center_2,ndbe,0,fold_2
center_2/ndbe/b06b5aa9b14243ecba16c60d98a3b942.png,b06b5aa9b14243ecba16c60d98a3b942.png,center_2,ndbe,0,fold_3
center_2/ndbe/bf01ea0258054fc281ee78864d64b5d7.png,bf01ea0258054fc281ee78864d64b5d7.png,center_2,ndbe,0,fold_2
center_2/ndbe/8bd4227f3df8478b9de3665e27145d6d.png,8bd4227f3df8478b9de3665e27145d6d.png,center_2,ndbe,0,fold_0
center_2/ndbe/228c1af478b749318139f0fe4abafcf8.png,228c1af478b749318139f0fe4abafcf8.png,center_2,ndbe,0,fold_3
center_2/ndbe/8e8978a829404d9b8c5c9f08d19f5f8b.png,8e8978a829404d9b8c5c9f08d19f5f8b.png,center_2,ndbe,0,fold_2
center_2/ndbe/c98b344001584746ab5d5c20a8821990.png,c98b344001584746ab5d5c20a8821990.png,center_2,ndbe,0,fold_2
center_2/ndbe/35d58e87a56e47c6ab8b1ab464d7cd25.png,35d58e87a56e47c6ab8b1ab464d7cd25.png,center_2,ndbe,0,fold_1
center_2/ndbe/284cfc3018bf4772a46036d08d3e1253.png,284cfc3018bf4772a46036d08d3e1253.png,center_2,ndbe,0,fold_0
center_2/ndbe/cf36084dd9a04b8984f939657c6cd74b.png,cf36084dd9a04b8984f939657c6cd74b.png,center_2,ndbe,0,fold_1
center_2/ndbe/17eb5a266b454ffb863dd0e4efbfc2dc.png,17eb5a266b454ffb863dd0e4efbfc2dc.png,center_2,ndbe,0,fold_2
center_2/ndbe/83fa86d2a78f4b059d59dac4d65ee297.png,83fa86d2a78f4b059d59dac4d65ee297.png,center_2,ndbe,0,fold_1
center_2/ndbe/f5802ece8fc14cd6801526259be986ff.png,f5802ece8fc14cd6801526259be986ff.png,center_2,ndbe,0,fold_2
center_2/ndbe/be8fecc6c5f74c51b708fb9b36c0061e.png,be8fecc6c5f74c51b708fb9b36c0061e.png,center_2,ndbe,0,fold_0
center_2/ndbe/29d16707bd894c49a636ff60b2aeda5e.png,29d16707bd894c49a636ff60b2aeda5e.png,center_2,ndbe,0,fold_0
center_2/ndbe/540d55beec1b4814925684a00de75ce8.png,540d55beec1b4814925684a00de75ce8.png,center_2,ndbe,0,fold_0
center_2/ndbe/9708226c07b3468196c99e9c5afca308.png,9708226c07b3468196c99e9c5afca308.png,center_2,ndbe,0,fold_2
center_2/ndbe/bc578f5cc65147afaf13c7e124e46817.png,bc578f5cc65147afaf13c7e124e46817.png,center_2,ndbe,0,fold_4
center_2/ndbe/6b3f4edb3854460890781256ab62c46f.png,6b3f4edb3854460890781256ab62c46f.png,center_2,ndbe,0,fold_2
center_2/ndbe/8acd8b23c4694801b1c65329d87b93c0.png,8acd8b23c4694801b1c65329d87b93c0.png,center_2,ndbe,0,fold_2
center_2/ndbe/20015194da574020b945ce9f85ae6869.png,20015194da574020b945ce9f85ae6869.png,center_2,ndbe,0,fold_4
center_2/ndbe/e7e31c17a27f4f34902b256e4c617bb0.png,e7e31c17a27f4f34902b256e4c617bb0.png,center_2,ndbe,0,fold_1
center_2/ndbe/b1ef757b3ac64f528e889e49bf9ac39a.png,b1ef757b3ac64f528e889e49bf9ac39a.png,center_2,ndbe,0,fold_0
center_2/ndbe/8f72f61108074819a7bd028cd2cbd6b7.png,8f72f61108074819a7bd028cd2cbd6b7.png,center_2,ndbe,0,fold_0
center_2/ndbe/39069cc040f04dc68542774ad78bdba8.png,39069cc040f04dc68542774ad78bdba8.png,center_2,ndbe,0,fold_2
center_2/ndbe/06ad7276559646e69c76098bd4d65396.png,06ad7276559646e69c76098bd4d65396.png,center_2,ndbe,0,fold_1
center_2/ndbe/e602d425b7bc4661ac6c652f1cbfc58b.png,e602d425b7bc4661ac6c652f1cbfc58b.png,center_2,ndbe,0,fold_4
center_2/ndbe/55be535f4c164b7f8ad093f9e42236d3.png,55be535f4c164b7f8ad093f9e42236d3.png,center_2,ndbe,0,fold_3
center_2/ndbe/1203945fe47544cdb5f48e7563fba258.png,1203945fe47544cdb5f48e7563fba258.png,center_2,ndbe,0,fold_0
center_2/ndbe/243f80ef023942ef9276ef310e299416.png,243f80ef023942ef9276ef310e299416.png,center_2,ndbe,0,fold_1
center_2/ndbe/bac5c499d64947e9b98ff7f6b979ca61.png,bac5c499d64947e9b98ff7f6b979ca61.png,center_2,ndbe,0,fold_2
center_2/ndbe/ef9c2a2b32d54f068a2bd9afc0d491f1.png,ef9c2a2b32d54f068a2bd9afc0d491f1.png,center_2,ndbe,0,fold_2
center_2/ndbe/168cacd511554171bee97d1737d92039.png,168cacd511554171bee97d1737d92039.png,center_2,ndbe,0,fold_3
center_2/ndbe/48613468986141c591f357f42325ee9c.png,48613468986141c591f357f42325ee9c.png,center_2,ndbe,0,fold_3
center_2/ndbe/8806903f70864dc2a9b03109173c4b76.png,8806903f70864dc2a9b03109173c4b76.png,center_2,ndbe,0,fold_4
center_2/ndbe/b1011f0931ef43afa11579944b7b48a8.png,b1011f0931ef43afa11579944b7b48a8.png,center_2,ndbe,0,fold_1
center_2/ndbe/c944e053715047359ed4c78f19cb0c74.png,c944e053715047359ed4c78f19cb0c74.png,center_2,ndbe,0,fold_0
center_2/ndbe/125fa887b804482d9b76145089057094.png,125fa887b804482d9b76145089057094.png,center_2,ndbe,0,fold_4
center_2/ndbe/c5656e66c7184f369a051b868473da03.png,c5656e66c7184f369a051b868473da03.png,center_2,ndbe,0,fold_1
center_2/ndbe/e5693619fc3c48b69a2249764be62c16.png,e5693619fc3c48b69a2249764be62c16.png,center_2,ndbe,0,fold_2
center_2/ndbe/994c756fdf144baeb07b89f61b63300c.png,994c756fdf144baeb07b89f61b63300c.png,center_2,ndbe,0,fold_3
center_2/ndbe/4f4ad44fd8564eb1ad1b7be6b3b84512.png,4f4ad44fd8564eb1ad1b7be6b3b84512.png,center_2,ndbe,0,fold_0
center_2/ndbe/b2156d03a6af4129bb8d4e11489bd5b6.png,b2156d03a6af4129bb8d4e11489bd5b6.png,center_2,ndbe,0,fold_2
center_2/ndbe/e6b9f3c9d1224b42b3c3d85c3881820a.png,e6b9f3c9d1224b42b3c3d85c3881820a.png,center_2,ndbe,0,fold_4
center_2/ndbe/a6e719987d1446a8bd94efcd6bb38868.png,a6e719987d1446a8bd94efcd6bb38868.png,center_2,ndbe,0,fold_3
center_2/ndbe/acaf2f620dfe4874b5a9eee202661216.png,acaf2f620dfe4874b5a9eee202661216.png,center_2,ndbe,0,fold_4
center_2/ndbe/13d1af35368441259061825645b55840.png,13d1af35368441259061825645b55840.png,center_2,ndbe,0,fold_2
center_2/ndbe/01edaa591dbd4a90a07b9059b481ec4b.png,01edaa591dbd4a90a07b9059b481ec4b.png,center_2,ndbe,0,fold_0
center_2/ndbe/52dfefd613ff4e2cb860b7920b57d9c7.png,52dfefd613ff4e2cb860b7920b57d9c7.png,center_2,ndbe,0,fold_3
center_2/ndbe/3bbe9c0d45514ea6a5ef322ad63e38fb.png,3bbe9c0d45514ea6a5ef322ad63e38fb.png,center_2,ndbe,0,fold_0
center_2/ndbe/36de184bdf1e43cca1b31a93795d1b92.png,36de184bdf1e43cca1b31a93795d1b92.png,center_2,ndbe,0,fold_4
center_2/ndbe/01bdc2159dac4d7eb58c6b8466920181.png,01bdc2159dac4d7eb58c6b8466920181.png,center_2,ndbe,0,fold_4
center_2/ndbe/ff29faf68f144e1d9fab2ac6c63e6d91.png,ff29faf68f144e1d9fab2ac6c63e6d91.png,center_2,ndbe,0,fold_2
center_2/ndbe/7f0bbb5317f34d8ba749e140c3c03f24.png,7f0bbb5317f34d8ba749e140c3c03f24.png,center_2,ndbe,0,fold_0
center_2/ndbe/4425d1b3d2da49bc891ad226294faebb.png,4425d1b3d2da49bc891ad226294faebb.png,center_2,ndbe,0,fold_3
center_2/ndbe/a5c984dd2c674fb2b373d4586aa6a642.png,a5c984dd2c674fb2b373d4586aa6a642.png,center_2,ndbe,0,fold_3
center_2/ndbe/4b09488397a84f7b9278154981a3a03a.png,4b09488397a84f7b9278154981a3a03a.png,center_2,ndbe,0,fold_2
center_2/ndbe/7fc153dcd32d416da09466125f95e229.png,7fc153dcd32d416da09466125f95e229.png,center_2,ndbe,0,fold_2
center_2/ndbe/b89fb7ad1cfd491d9d291263be60b460.png,b89fb7ad1cfd491d9d291263be60b460.png,center_2,ndbe,0,fold_3
center_2/ndbe/8ff09490992a45c48510b3ff62615941.png,8ff09490992a45c48510b3ff62615941.png,center_2,ndbe,0,fold_2
center_2/ndbe/7c4f84d057a749a3b7786d27dde93208.png,7c4f84d057a749a3b7786d27dde93208.png,center_2,ndbe,0,fold_4
center_2/ndbe/a421908b2b08413b8be7b9b83885ed6d.png,a421908b2b08413b8be7b9b83885ed6d.png,center_2,ndbe,0,fold_3
center_2/ndbe/4a403717578f4b58adef1c79cd1ff00c.png,4a403717578f4b58adef1c79cd1ff00c.png,center_2,ndbe,0,fold_1
center_2/ndbe/0293ca9e2ce34f57b261601d9f4d58db.png,0293ca9e2ce34f57b261601d9f4d58db.png,center_2,ndbe,0,fold_1
center_2/ndbe/1e6a58e350254914829710abe64d651e.png,1e6a58e350254914829710abe64d651e.png,center_2,ndbe,0,fold_3
center_2/ndbe/03e46e1484e945d1804799fa41bf5e3c.png,03e46e1484e945d1804799fa41bf5e3c.png,center_2,ndbe,0,fold_4
center_2/ndbe/b3229662670d432abbfeaaadb485502f.png,b3229662670d432abbfeaaadb485502f.png,center_2,ndbe,0,fold_2
center_2/ndbe/8e488a969d124a50887370740d1d1f7a.png,8e488a969d124a50887370740d1d1f7a.png,center_2,ndbe,0,fold_1
center_2/ndbe/16ae9209b6dd48d0986f4c2f0cfa8250.png,16ae9209b6dd48d0986f4c2f0cfa8250.png,center_2,ndbe,0,fold_1
center_2/ndbe/ec75d19259bc470f93f9de93792d39b3.png,ec75d19259bc470f93f9de93792d39b3.png,center_2,ndbe,0,fold_1
center_2/ndbe/4b640ce277a9451eb4fe10efcb82edfc.png,4b640ce277a9451eb4fe10efcb82edfc.png,center_2,ndbe,0,fold_1
center_2/ndbe/f109fd87fb854a3aaf1cf37ea4728cc4.png,f109fd87fb854a3aaf1cf37ea4728cc4.png,center_2,ndbe,0,fold_1
center_2/ndbe/1ecd0e82b9b64b07ba11e3db0e582dd0.png,1ecd0e82b9b64b07ba11e3db0e582dd0.png,center_2,ndbe,0,fold_3
center_2/ndbe/b5f6215e01ec4f6880f0f3f361122c96.png,b5f6215e01ec4f6880f0f3f361122c96.png,center_2,ndbe,0,fold_2
center_2/ndbe/bb43f88ce1754d5a9ca712feb3d515ea.png,bb43f88ce1754d5a9ca712feb3d515ea.png,center_2,ndbe,0,fold_3
center_2/ndbe/677de5279856467e8266f49fb479e123.png,677de5279856467e8266f49fb479e123.png,center_2,ndbe,0,fold_0
center_2/ndbe/02ccead080c5402fb1631d83cbabffa7.png,02ccead080c5402fb1631d83cbabffa7.png,center_2,ndbe,0,fold_0
center_2/ndbe/319859ab4dbf41138ecae3867f03791c.png,319859ab4dbf41138ecae3867f03791c.png,center_2,ndbe,0,fold_0
center_2/ndbe/0ce2a4805fb84df7ba6bbfc5cbe78337.png,0ce2a4805fb84df7ba6bbfc5cbe78337.png,center_2,ndbe,0,fold_0
center_2/ndbe/f584bbc71a334022b00b703d583317e5.png,f584bbc71a334022b00b703d583317e5.png,center_2,ndbe,0,fold_3
center_2/ndbe/be4301e81d1441368b44414f14bb4c1f.png,be4301e81d1441368b44414f14bb4c1f.png,center_2,ndbe,0,fold_3
center_2/ndbe/d928297e47af47f6b5f11ee6b7291922.png,d928297e47af47f6b5f11ee6b7291922.png,center_2,ndbe,0,fold_0
center_2/ndbe/edfc0b1ca3474c5ea6bb32faf16e1ba4.png,edfc0b1ca3474c5ea6bb32faf16e1ba4.png,center_2,ndbe,0,fold_4
center_2/ndbe/ed6422e43fbf449f95c00499c0a2775f.png,ed6422e43fbf449f95c00499c0a2775f.png,center_2,ndbe,0,fold_2
center_2/ndbe/f411993d272d46b4b4d14ad0f2cb77cb.png,f411993d272d46b4b4d14ad0f2cb77cb.png,center_2,ndbe,0,fold_0
center_2/ndbe/577c1be4f40b43f7ac48a7e6405e98a0.png,577c1be4f40b43f7ac48a7e6405e98a0.png,center_2,ndbe,0,fold_0
center_2/ndbe/1be29e58284e42f3a4b033e0a089ed90.png,1be29e58284e42f3a4b033e0a089ed90.png,center_2,ndbe,0,fold_1
center_2/ndbe/28d5f51edf9343d59cb117ffd2b5e047.png,28d5f51edf9343d59cb117ffd2b5e047.png,center_2,ndbe,0,fold_0
center_2/ndbe/07d3568cabce4884952f3d3b33ecbd60.png,07d3568cabce4884952f3d3b33ecbd60.png,center_2,ndbe,0,fold_0
center_2/ndbe/a50e3c29a48147d09964f1f611fd6ef3.png,a50e3c29a48147d09964f1f611fd6ef3.png,center_2,ndbe,0,fold_2
center_2/ndbe/e93fd01f14624e849fab7b553b46c427.png,e93fd01f14624e849fab7b553b46c427.png,center_2,ndbe,0,fold_3
center_2/ndbe/0784df0250f14c1b91153572b266ba70.png,0784df0250f14c1b91153572b266ba70.png,center_2,ndbe,0,fold_0
center_2/ndbe/a466a4eb5737421891c8bc97b6621c9d.png,a466a4eb5737421891c8bc97b6621c9d.png,center_2,ndbe,0,fold_4
center_2/ndbe/076fa9b93f7c416f9d59166798b190eb.png,076fa9b93f7c416f9d59166798b190eb.png,center_2,ndbe,0,fold_3
center_2/ndbe/a48e2e0428634d0aa76cb2bc1fb67402.png,a48e2e0428634d0aa76cb2bc1fb67402.png,center_2,ndbe,0,fold_2
center_2/ndbe/6e6615bb1e854e88946a41eee1121bc1.png,6e6615bb1e854e88946a41eee1121bc1.png,center_2,ndbe,0,fold_4
center_2/ndbe/3a5753eba7b145cbb2e067bd1d5e9ce6.png,3a5753eba7b145cbb2e067bd1d5e9ce6.png,center_2,ndbe,0,fold_4
center_2/ndbe/c8844bedde7949a68f096267e9a7a36b.png,c8844bedde7949a68f096267e9a7a36b.png,center_2,ndbe,0,fold_1
center_2/ndbe/db4a42bdeb544db2819459a3d6b45586.png,db4a42bdeb544db2819459a3d6b45586.png,center_2,ndbe,0,fold_1
center_2/ndbe/97eaff77ef7841bc8846e4d7431c3ae6.png,97eaff77ef7841bc8846e4d7431c3ae6.png,center_2,ndbe,0,fold_3
center_2/ndbe/d14fcf0742704b2bae7f1cfb94585aa1.png,d14fcf0742704b2bae7f1cfb94585aa1.png,center_2,ndbe,0,fold_3
center_2/ndbe/aaa324a2178747c6a7cc25c3c333bf7a.png,aaa324a2178747c6a7cc25c3c333bf7a.png,center_2,ndbe,0,fold_2
center_2/ndbe/8215dbb1ef9b4b49b41aa02747b2636a.png,8215dbb1ef9b4b49b41aa02747b2636a.png,center_2,ndbe,0,fold_2
center_2/ndbe/750dffd4cba44d9c9fd66c3789179ba7.png,750dffd4cba44d9c9fd66c3789179ba7.png,center_2,ndbe,0,fold_3
center_2/ndbe/f8af7c7d211d44bc85d460d3b11cd764.png,f8af7c7d211d44bc85d460d3b11cd764.png,center_2,ndbe,0,fold_3
center_2/ndbe/439299dc9ade474da352443072b717fb.png,439299dc9ade474da352443072b717fb.png,center_2,ndbe,0,fold_4
center_2/ndbe/02ab0309ce964e6c9e08308fb18c9ac5.png,02ab0309ce964e6c9e08308fb18c9ac5.png,center_2,ndbe,0,fold_4
center_2/ndbe/da481433224540f9b0732c4910f8682d.png,da481433224540f9b0732c4910f8682d.png,center_2,ndbe,0,fold_2
center_2/ndbe/a23dc11541b341f39cb9b548f3f63c56.png,a23dc11541b341f39cb9b548f3f63c56.png,center_2,ndbe,0,fold_4
center_2/ndbe/e56001b7a09647ebaab563ed77fce01e.png,e56001b7a09647ebaab563ed77fce01e.png,center_2,ndbe,0,fold_3
center_2/ndbe/fb77fbbb557f43dba56c3ce42a8c7a80.png,fb77fbbb557f43dba56c3ce42a8c7a80.png,center_2,ndbe,0,fold_1
center_2/ndbe/0d8bca597b8e4482948d782c42f4e43c.png,0d8bca597b8e4482948d782c42f4e43c.png,center_2,ndbe,0,fold_1
center_2/ndbe/17eda9f888d14eb6b63ea97e31dfcb66.png,17eda9f888d14eb6b63ea97e31dfcb66.png,center_2,ndbe,0,fold_0
center_2/ndbe/80dc1f29b7ed47a8827704f61a28dfcd.png,80dc1f29b7ed47a8827704f61a28dfcd.png,center_2,ndbe,0,fold_0
center_2/ndbe/691bc02e4d57427781fbff3a93c890f4.png,691bc02e4d57427781fbff3a93c890f4.png,center_2,ndbe,0,fold_2
center_2/ndbe/5516301ec1454b4d89a17293f3c982fd.png,5516301ec1454b4d89a17293f3c982fd.png,center_2,ndbe,0,fold_4
center_2/ndbe/cf1ecf05f6b24c0d8a4c39884af11a9a.png,cf1ecf05f6b24c0d8a4c39884af11a9a.png,center_2,ndbe,0,fold_1
center_2/ndbe/b5cd56578db14968bc9da10304c5c20a.png,b5cd56578db14968bc9da10304c5c20a.png,center_2,ndbe,0,fold_4
center_2/ndbe/f09be148ad6144c4b55ac53307edaa30.png,f09be148ad6144c4b55ac53307edaa30.png,center_2,ndbe,0,fold_2
center_2/ndbe/a79236e9b3194b519ac520caf423e766.png,a79236e9b3194b519ac520caf423e766.png,center_2,ndbe,0,fold_1
center_2/ndbe/c26e01a00c744a1e9a1995ac9d94bc3c.png,c26e01a00c744a1e9a1995ac9d94bc3c.png,center_2,ndbe,0,fold_3
center_2/ndbe/7621fa82b2f54d7aad2b2042431c0afa.png,7621fa82b2f54d7aad2b2042431c0afa.png,center_2,ndbe,0,fold_3
center_2/ndbe/e341b564c052479e86c55cca55f71930.png,e341b564c052479e86c55cca55f71930.png,center_2,ndbe,0,fold_4
center_2/ndbe/42f160cf47b04a38874e91d5f264d1ba.png,42f160cf47b04a38874e91d5f264d1ba.png,center_2,ndbe,0,fold_4
center_2/ndbe/8cca952f9f774fa68da69db380e1e429.png,8cca952f9f774fa68da69db380e1e429.png,center_2,ndbe,0,fold_1
center_2/ndbe/a534d3d851454ea69b8f99171aee443d.png,a534d3d851454ea69b8f99171aee443d.png,center_2,ndbe,0,fold_3
center_2/ndbe/ccb57cee111d4145b636c3830348c8b6.png,ccb57cee111d4145b636c3830348c8b6.png,center_2,ndbe,0,fold_4
center_2/ndbe/ed479647862a4328ab5cfe152505830c.png,ed479647862a4328ab5cfe152505830c.png,center_2,ndbe,0,fold_3
center_2/ndbe/f8a2bcac4d634ceb8e16fbc31d59b5f4.png,f8a2bcac4d634ceb8e16fbc31d59b5f4.png,center_2,ndbe,0,fold_0
center_2/ndbe/1fdf03e4190d410d9b7b0e062ce8117b.png,1fdf03e4190d410d9b7b0e062ce8117b.png,center_2,ndbe,0,fold_1
center_2/ndbe/2a9f0199c3de4a2fa439cab66f78159f.png,2a9f0199c3de4a2fa439cab66f78159f.png,center_2,ndbe,0,fold_2
center_2/ndbe/b9932df3af16478dbf6137cc7809a331.png,b9932df3af16478dbf6137cc7809a331.png,center_2,ndbe,0,fold_0
center_2/ndbe/cf44fc23e0e947b996493e752c2a5da9.png,cf44fc23e0e947b996493e752c2a5da9.png,center_2,ndbe,0,fold_2
center_2/ndbe/f5c0c6de1fa043f294e657e1cb753573.png,f5c0c6de1fa043f294e657e1cb753573.png,center_2,ndbe,0,fold_1
center_2/ndbe/3162bf6178394bd3825efebb5bd168ff.png,3162bf6178394bd3825efebb5bd168ff.png,center_2,ndbe,0,fold_2
center_2/ndbe/93eeba00e4754c22bf68648dc8605341.png,93eeba00e4754c22bf68648dc8605341.png,center_2,ndbe,0,fold_2
center_2/ndbe/32b0df991db443e39a529f7ae3df5b7e.png,32b0df991db443e39a529f7ae3df5b7e.png,center_2,ndbe,0,fold_4
center_2/ndbe/dca022db1e014c3eae6052cb018552ee.png,dca022db1e014c3eae6052cb018552ee.png,center_2,ndbe,0,fold_1
center_2/ndbe/99fb344d5c04484384a2a90ce9893242.png,99fb344d5c04484384a2a90ce9893242.png,center_2,ndbe,0,fold_4
center_2/ndbe/f2cd7236b8854d36b38bd0431a8fc0e2.png,f2cd7236b8854d36b38bd0431a8fc0e2.png,center_2,ndbe,0,fold_0
center_2/ndbe/133035f5bef74996846284be261f6c98.png,133035f5bef74996846284be261f6c98.png,center_2,ndbe,0,fold_1
center_2/ndbe/fc9dc2a16c9142e9b14bd166be9b4f66.png,fc9dc2a16c9142e9b14bd166be9b4f66.png,center_2,ndbe,0,fold_3
center_2/ndbe/21de7c2fd1fc4fefb64591324313b1cb.png,21de7c2fd1fc4fefb64591324313b1cb.png,center_2,ndbe,0,fold_1
center_2/ndbe/31dc3ecf900c4c8ea556ef97771cc8d5.png,31dc3ecf900c4c8ea556ef97771cc8d5.png,center_2,ndbe,0,fold_1
center_2/ndbe/027a292075db4287ad7e50db7509ffa1.png,027a292075db4287ad7e50db7509ffa1.png,center_2,ndbe,0,fold_2
center_2/ndbe/12de183863804bc3aa13e0850634c38f.png,12de183863804bc3aa13e0850634c38f.png,center_2,ndbe,0,fold_4
center_2/ndbe/889b83582f624b73a4ed95fc9c4193cb.png,889b83582f624b73a4ed95fc9c4193cb.png,center_2,ndbe,0,fold_0
center_2/ndbe/94e2592057bd49938fc28dbd914b0678.png,94e2592057bd49938fc28dbd914b0678.png,center_2,ndbe,0,fold_0
center_2/ndbe/900b2c03c4f84e66bbc40a0363c15106.png,900b2c03c4f84e66bbc40a0363c15106.png,center_2,ndbe,0,fold_3
center_2/ndbe/d1127b0b8cbf41d6b3dfa6d8262696d5.png,d1127b0b8cbf41d6b3dfa6d8262696d5.png,center_2,ndbe,0,fold_3
center_2/ndbe/acb47be5dacd45e6a5bcecdd61667642.png,acb47be5dacd45e6a5bcecdd61667642.png,center_2,ndbe,0,fold_0
center_2/ndbe/31551dbbab504052ae17f781f34d6914.png,31551dbbab504052ae17f781f34d6914.png,center_2,ndbe,0,fold_4
center_2/ndbe/65cb551e30b44536aede6b1c3d4df78e.png,65cb551e30b44536aede6b1c3d4df78e.png,center_2,ndbe,0,fold_2
center_2/ndbe/9add7765f6a549b79ac3a0551dc9c055.png,9add7765f6a549b79ac3a0551dc9c055.png,center_2,ndbe,0,fold_2
center_2/ndbe/287a3b7c8b844deebc2bb563433240de.png,287a3b7c8b844deebc2bb563433240de.png,center_2,ndbe,0,fold_3
center_2/ndbe/87f03a42a2fa4625a9619cdcabd50313.png,87f03a42a2fa4625a9619cdcabd50313.png,center_2,ndbe,0,fold_4
center_2/ndbe/cd6f5e16da42410bbcbffaa7db24629e.png,cd6f5e16da42410bbcbffaa7db24629e.png,center_2,ndbe,0,fold_4
center_2/ndbe/c2903681b14b4a2892ccdd15bdabedee.png,c2903681b14b4a2892ccdd15bdabedee.png,center_2,ndbe,0,fold_3
center_2/ndbe/f9c66b09b3e741c59688fb3ea652d0f2.png,f9c66b09b3e741c59688fb3ea652d0f2.png,center_2,ndbe,0,fold_0
center_2/ndbe/b3f4eba8580b4f898ea912f28d16d207.png,b3f4eba8580b4f898ea912f28d16d207.png,center_2,ndbe,0,fold_4
center_2/ndbe/0cbda90168f647cf80765a15034af66e.png,0cbda90168f647cf80765a15034af66e.png,center_2,ndbe,0,fold_1
center_2/ndbe/6efbf9597c6745e799594b602cea58f1.png,6efbf9597c6745e799594b602cea58f1.png,center_2,ndbe,0,fold_0
center_2/ndbe/8b7a0739a8584529b027b305f0f94a63.png,8b7a0739a8584529b027b305f0f94a63.png,center_2,ndbe,0,fold_2
center_2/ndbe/eeb3967e326b49beb55da9b906601202.png,eeb3967e326b49beb55da9b906601202.png,center_2,ndbe,0,fold_3
center_2/ndbe/5e5f524db1db4ff4a9318f6cb4767c06.png,5e5f524db1db4ff4a9318f6cb4767c06.png,center_2,ndbe,0,fold_3
center_2/ndbe/d26221c570b44629a0105709088cd337.png,d26221c570b44629a0105709088cd337.png,center_2,ndbe,0,fold_3
center_2/ndbe/ad2f9f57eff5414f80cd4742f2b3a093.png,ad2f9f57eff5414f80cd4742f2b3a093.png,center_2,ndbe,0,fold_0
center_2/ndbe/3d5b0dfccfd7455c9340d194dfb25df5.png,3d5b0dfccfd7455c9340d194dfb25df5.png,center_2,ndbe,0,fold_0
center_2/ndbe/0fbdc256ec95489d94ee93cab926c4ce.png,0fbdc256ec95489d94ee93cab926c4ce.png,center_2,ndbe,0,fold_4
center_2/ndbe/1472fcf55a6c48e9b428bd4f2ef0b8c2.png,1472fcf55a6c48e9b428bd4f2ef0b8c2.png,center_2,ndbe,0,fold_1
center_2/ndbe/05f29a29cef04bcd8d420726021d0a37.png,05f29a29cef04bcd8d420726021d0a37.png,center_2,ndbe,0,fold_4
center_2/ndbe/2c69ac4f53664f1797b754f78336d022.png,2c69ac4f53664f1797b754f78336d022.png,center_2,ndbe,0,fold_0
center_2/ndbe/c1f5086656504d0db8da22618b9ce053.png,c1f5086656504d0db8da22618b9ce053.png,center_2,ndbe,0,fold_4
center_2/ndbe/6a618df4028a4ddbb4bd1440aea35d22.png,6a618df4028a4ddbb4bd1440aea35d22.png,center_2,ndbe,0,fold_2
center_2/ndbe/5384a47896fc4d589193bd9bace31257.png,5384a47896fc4d589193bd9bace31257.png,center_2,ndbe,0,fold_3
center_2/ndbe/de55a9483ac14a57a92726ca933c8d64.png,de55a9483ac14a57a92726ca933c8d64.png,center_2,ndbe,0,fold_0
center_2/ndbe/6b20722f15a44dd7b719795f37e7e2a5.png,6b20722f15a44dd7b719795f37e7e2a5.png,center_2,ndbe,0,fold_0
center_2/ndbe/3158110943a4472f9ecd207a12059606.png,3158110943a4472f9ecd207a12059606.png,center_2,ndbe,0,fold_3
center_2/ndbe/cf677a358afd4f64be28b6a7c0e2a48e.png,cf677a358afd4f64be28b6a7c0e2a48e.png,center_2,ndbe,0,fold_3
center_2/ndbe/88183eff0ed049fb95bdd362650d1ba7.png,88183eff0ed049fb95bdd362650d1ba7.png,center_2,ndbe,0,fold_4
center_2/ndbe/47d17046cdf1437eb421092dd97072b3.png,47d17046cdf1437eb421092dd97072b3.png,center_2,ndbe,0,fold_1
center_2/ndbe/06545f143c2141e98bdb1c92d52a5b2d.png,06545f143c2141e98bdb1c92d52a5b2d.png,center_2,ndbe,0,fold_2
center_2/ndbe/13f3202e78384115b4fa64927c5c32c8.png,13f3202e78384115b4fa64927c5c32c8.png,center_2,ndbe,0,fold_0
center_2/ndbe/0a57722ccf0d45b39cff13404070788e.png,0a57722ccf0d45b39cff13404070788e.png,center_2,ndbe,0,fold_0
center_2/ndbe/30a6991f92bf4e34aba8776f176e8558.png,30a6991f92bf4e34aba8776f176e8558.png,center_2,ndbe,0,fold_1
center_2/ndbe/36f9f98d843243feb07f3eb248286494.png,36f9f98d843243feb07f3eb248286494.png,center_2,ndbe,0,fold_2
center_2/ndbe/2280114c28e941ee8852f532cf81e5ee.png,2280114c28e941ee8852f532cf81e5ee.png,center_2,ndbe,0,fold_1
center_2/ndbe/ca5958ea77eb4c8bb1d4bfd2c10a3b90.png,ca5958ea77eb4c8bb1d4bfd2c10a3b90.png,center_2,ndbe,0,fold_3
center_2/ndbe/3454a71b7f5d4e72972955d1e3cda0ac.png,3454a71b7f5d4e72972955d1e3cda0ac.png,center_2,ndbe,0,fold_1
center_2/ndbe/96f95a447551437d8c61579faca5bb3b.png,96f95a447551437d8c61579faca5bb3b.png,center_2,ndbe,0,fold_1
center_2/ndbe/24d7bb9f54644253a66b7c9892f12596.png,24d7bb9f54644253a66b7c9892f12596.png,center_2,ndbe,0,fold_4
center_2/ndbe/99369805b6014514b5a0c0229691bb70.png,99369805b6014514b5a0c0229691bb70.png,center_2,ndbe,0,fold_4
center_2/ndbe/3a14819e19074159ae07624230b43aa7.png,3a14819e19074159ae07624230b43aa7.png,center_2,ndbe,0,fold_4
center_2/ndbe/efbe2b5e4cfa4ba0b482c4d5f4b2189f.png,efbe2b5e4cfa4ba0b482c4d5f4b2189f.png,center_2,ndbe,0,fold_2
center_2/ndbe/cebc3705842a48e6ba11da7dd5ef4cb4.png,cebc3705842a48e6ba11da7dd5ef4cb4.png,center_2,ndbe,0,fold_2
center_2/ndbe/51cf7f4b89634c668e77a6b7296ba6c2.png,51cf7f4b89634c668e77a6b7296ba6c2.png,center_2,ndbe,0,fold_4
center_2/ndbe/3837e5aaccb84f65b6b72fb866295887.png,3837e5aaccb84f65b6b72fb866295887.png,center_2,ndbe,0,fold_3
center_2/ndbe/c12b3ef911514c4e9da827b57c77681b.png,c12b3ef911514c4e9da827b57c77681b.png,center_2,ndbe,0,fold_0
center_2/ndbe/5a09c252813f489bb6eda764be182bc7.png,5a09c252813f489bb6eda764be182bc7.png,center_2,ndbe,0,fold_4
center_2/ndbe/e84c9051133b4ef1a9366fd4cf836890.png,e84c9051133b4ef1a9366fd4cf836890.png,center_2,ndbe,0,fold_0
center_2/ndbe/4aa4454726cb44a7ab9930d7fa0f38a3.png,4aa4454726cb44a7ab9930d7fa0f38a3.png,center_2,ndbe,0,fold_3
center_2/ndbe/0166b6e3227b44119abac45c04f6cf4b.png,0166b6e3227b44119abac45c04f6cf4b.png,center_2,ndbe,0,fold_1
center_2/ndbe/81613299866e412a87a2f608500d2af7.png,81613299866e412a87a2f608500d2af7.png,center_2,ndbe,0,fold_1
center_2/ndbe/370fb2c1305b4fe7a80de16cd5bf0bb6.png,370fb2c1305b4fe7a80de16cd5bf0bb6.png,center_2,ndbe,0,fold_2
center_2/ndbe/11a76f32c87a4474a6b3d22780f98cee.png,11a76f32c87a4474a6b3d22780f98cee.png,center_2,ndbe,0,fold_4
center_2/ndbe/f0ea60d854d749d2a918281fa510e78e.png,f0ea60d854d749d2a918281fa510e78e.png,center_2,ndbe,0,fold_0
center_2/ndbe/5b8b7d2ec0b949a8988d807ab44ad3ad.png,5b8b7d2ec0b949a8988d807ab44ad3ad.png,center_2,ndbe,0,fold_4
center_2/ndbe/1332abba68904bd896c3a7648eb56954.png,1332abba68904bd896c3a7648eb56954.png,center_2,ndbe,0,fold_1
center_2/ndbe/1b80150fbe7644e18ec90b4108908790.png,1b80150fbe7644e18ec90b4108908790.png,center_2,ndbe,0,fold_4
center_2/ndbe/fbfd63197e8f4f68991f9fb4dce0931c.png,fbfd63197e8f4f68991f9fb4dce0931c.png,center_2,ndbe,0,fold_3
center_2/ndbe/c5e4c59df1b14ddebd6d7a3c1cb6a3bd.png,c5e4c59df1b14ddebd6d7a3c1cb6a3bd.png,center_2,ndbe,0,fold_1
center_2/ndbe/c74e7400ed5c41399c02d389c851dbdb.png,c74e7400ed5c41399c02d389c851dbdb.png,center_2,ndbe,0,fold_0
center_2/ndbe/6dd59afb8be0492f95b2f5260abfa4f1.png,6dd59afb8be0492f95b2f5260abfa4f1.png,center_2,ndbe,0,fold_2
center_2/ndbe/1fcfa25f5a2346aeb72899dcd74d34e3.png,1fcfa25f5a2346aeb72899dcd74d34e3.png,center_2,ndbe,0,fold_4
center_2/ndbe/ab1b1ab923284b58b0c68151baa594c7.png,ab1b1ab923284b58b0c68151baa594c7.png,center_2,ndbe,0,fold_0
center_2/ndbe/c8ac960d78b7419a8c8ec6495233d79a.png,c8ac960d78b7419a8c8ec6495233d79a.png,center_2,ndbe,0,fold_4
center_2/ndbe/6edfafc27df7490aa9a960a492c08e95.png,6edfafc27df7490aa9a960a492c08e95.png,center_2,ndbe,0,fold_2
center_2/ndbe/eb1587a00ff24c428a91be3a9568d5bb.png,eb1587a00ff24c428a91be3a9568d5bb.png,center_2,ndbe,0,fold_1
center_2/ndbe/b7ee7627f89346eebd4524fea00ddec4.png,b7ee7627f89346eebd4524fea00ddec4.png,center_2,ndbe,0,fold_4
center_2/ndbe/278d7a65ecd841b7b745d9062df4e7c3.png,278d7a65ecd841b7b745d9062df4e7c3.png,center_2,ndbe,0,fold_3
center_2/ndbe/4cfcdcb6061b4809b47837e5958ffc69.png,4cfcdcb6061b4809b47837e5958ffc69.png,center_2,ndbe,0,fold_1
center_2/ndbe/eb7f19a3dcfc4c719ba49ea6bd246ac1.png,eb7f19a3dcfc4c719ba49ea6bd246ac1.png,center_2,ndbe,0,fold_2
center_2/ndbe/491ea2100d2445338b44f0343c9a0c2a.png,491ea2100d2445338b44f0343c9a0c2a.png,center_2,ndbe,0,fold_1
center_2/ndbe/8716f221f7a640e0b6d4307fca3b4c81.png,8716f221f7a640e0b6d4307fca3b4c81.png,center_2,ndbe,0,fold_3
center_2/ndbe/0860edfd4d4648bab664638f784ad705.png,0860edfd4d4648bab664638f784ad705.png,center_2,ndbe,0,fold_2
center_2/ndbe/28ecd31e453c4da1a075b577dff39a87.png,28ecd31e453c4da1a075b577dff39a87.png,center_2,ndbe,0,fold_2
center_2/ndbe/7f6e18b102694c71a43a9fa2e2389aaf.png,7f6e18b102694c71a43a9fa2e2389aaf.png,center_2,ndbe,0,fold_4
center_2/ndbe/8e927618f8494639b0078b394c6433c0.png,8e927618f8494639b0078b394c6433c0.png,center_2,ndbe,0,fold_0
center_2/ndbe/0b721b042c604b6f92b525f586fb79a1.png,0b721b042c604b6f92b525f586fb79a1.png,center_2,ndbe,0,fold_3
center_2/ndbe/cb93d1b3ddce4b3b93f72f18a09b3afb.png,cb93d1b3ddce4b3b93f72f18a09b3afb.png,center_2,ndbe,0,fold_3
center_2/ndbe/cce6740e08fa42aaaa14c8547c7358dc.png,cce6740e08fa42aaaa14c8547c7358dc.png,center_2,ndbe,0,fold_3
center_2/ndbe/b4b830b49f9a40538a59f39cb13ad228.png,b4b830b49f9a40538a59f39cb13ad228.png,center_2,ndbe,0,fold_3
center_2/ndbe/cc44fe4d1df34e9983886733ae3490bb.png,cc44fe4d1df34e9983886733ae3490bb.png,center_2,ndbe,0,fold_3
center_2/ndbe/3bee686a6108490f84b70fe25165a433.png,3bee686a6108490f84b70fe25165a433.png,center_2,ndbe,0,fold_1
center_2/ndbe/44ec3430d7e7460c9f26ff81867c4447.png,44ec3430d7e7460c9f26ff81867c4447.png,center_2,ndbe,0,fold_3
center_2/ndbe/82fe0a921a3f4bf3a0a5329ab1f3b232.png,82fe0a921a3f4bf3a0a5329ab1f3b232.png,center_2,ndbe,0,fold_2
center_2/ndbe/31511d33098740a68b16f6316c161527.png,31511d33098740a68b16f6316c161527.png,center_2,ndbe,0,fold_0
center_2/ndbe/20eaf30406284f7a9620fb0210d3992b.png,20eaf30406284f7a9620fb0210d3992b.png,center_2,ndbe,0,fold_4
center_2/ndbe/7b16337dc16e47518eaaa2189ab19739.png,7b16337dc16e47518eaaa2189ab19739.png,center_2,ndbe,0,fold_1
center_2/ndbe/2243745dddeb4003b12510a7c44de0e2.png,2243745dddeb4003b12510a7c44de0e2.png,center_2,ndbe,0,fold_4
center_2/ndbe/563d75889cc84aecab9ddabbbc04e717.png,563d75889cc84aecab9ddabbbc04e717.png,center_2,ndbe,0,fold_2
center_2/ndbe/a0da961b941845ac90a123562f076dce.png,a0da961b941845ac90a123562f076dce.png,center_2,ndbe,0,fold_2
center_2/ndbe/61f97517ce004897baf89f0bc10864cf.png,61f97517ce004897baf89f0bc10864cf.png,center_2,ndbe,0,fold_1
center_2/ndbe/c16019d155c04a839371b43d4efb3388.png,c16019d155c04a839371b43d4efb3388.png,center_2,ndbe,0,fold_4
center_2/ndbe/1a66d54054dc45cfa17b352abdf86108.png,1a66d54054dc45cfa17b352abdf86108.png,center_2,ndbe,0,fold_4
center_2/ndbe/fccf25e5acb54fb2a3d0d6c09d0ef611.png,fccf25e5acb54fb2a3d0d6c09d0ef611.png,center_2,ndbe,0,fold_0
center_2/ndbe/62b4e63cf70f45018d4b5507be284ae6.png,62b4e63cf70f45018d4b5507be284ae6.png,center_2,ndbe,0,fold_4
center_2/ndbe/e2ac036890c74f019d84fec2759485f9.png,e2ac036890c74f019d84fec2759485f9.png,center_2,ndbe,0,fold_2
center_2/ndbe/09ea2e4e2b6f4aad93c8856bda93eb37.png,09ea2e4e2b6f4aad93c8856bda93eb37.png,center_2,ndbe,0,fold_1
center_2/ndbe/d06a11d06d124a028d46ff67bc66f951.png,d06a11d06d124a028d46ff67bc66f951.png,center_2,ndbe,0,fold_1
center_2/ndbe/0b1a8741dfb34774965d763dc3d00217.png,0b1a8741dfb34774965d763dc3d00217.png,center_2,ndbe,0,fold_3
center_2/ndbe/99f8114dc6484807a2949552e953f04e.png,99f8114dc6484807a2949552e953f04e.png,center_2,ndbe,0,fold_4
center_2/ndbe/917214533ce641b283ae6948e4488fa8.png,917214533ce641b283ae6948e4488fa8.png,center_2,ndbe,0,fold_3
center_2/ndbe/37b2efb4a79e4301ba9d008cb375e7c7.png,37b2efb4a79e4301ba9d008cb375e7c7.png,center_2,ndbe,0,fold_4
center_2/ndbe/0e6b261743f043caac4168e0de82ac23.png,0e6b261743f043caac4168e0de82ac23.png,center_2,ndbe,0,fold_2
center_2/ndbe/ef23ba091f0a444b95b53bf6a608883a.png,ef23ba091f0a444b95b53bf6a608883a.png,center_2,ndbe,0,fold_4
center_2/ndbe/5dac4a3710e24d7d886d30927833ea49.png,5dac4a3710e24d7d886d30927833ea49.png,center_2,ndbe,0,fold_0
center_2/ndbe/d75ae371e5c24a3986bad3acf6e57f5a.png,d75ae371e5c24a3986bad3acf6e57f5a.png,center_2,ndbe,0,fold_0
center_2/ndbe/0eefd8b3e7b5422592d5513e93e7d79d.png,0eefd8b3e7b5422592d5513e93e7d79d.png,center_2,ndbe,0,fold_4
center_2/ndbe/f5d7f75697bc4034abc1f1cb52928c2f.png,f5d7f75697bc4034abc1f1cb52928c2f.png,center_2,ndbe,0,fold_4
center_2/ndbe/f80f876bdd11492a9b1985013e3030d3.png,f80f876bdd11492a9b1985013e3030d3.png,center_2,ndbe,0,fold_3
center_2/ndbe/f8d3ff56e7df412d9d97f668a412ad59.png,f8d3ff56e7df412d9d97f668a412ad59.png,center_2,ndbe,0,fold_4
center_2/ndbe/02cd8f2aa5d2470493f02cc4879538dd.png,02cd8f2aa5d2470493f02cc4879538dd.png,center_2,ndbe,0,fold_1
center_2/ndbe/b32e4d417f20459d8c7a22fb03412abb.png,b32e4d417f20459d8c7a22fb03412abb.png,center_2,ndbe,0,fold_2
center_2/ndbe/9d2eaa77c54b401da79e5d9792844ccb.png,9d2eaa77c54b401da79e5d9792844ccb.png,center_2,ndbe,0,fold_2
center_2/ndbe/bd922ebb82a94e1b98dc38162317d0ee.png,bd922ebb82a94e1b98dc38162317d0ee.png,center_2,ndbe,0,fold_1
center_2/ndbe/05e472036684486a80df8bdd82fe4c44.png,05e472036684486a80df8bdd82fe4c44.png,center_2,ndbe,0,fold_3
center_2/ndbe/48cab070ec63430c9195b20a77313cf1.png,48cab070ec63430c9195b20a77313cf1.png,center_2,ndbe,0,fold_3
center_2/ndbe/b804daf5930c4e76b4335edea9bfac31.png,b804daf5930c4e76b4335edea9bfac31.png,center_2,ndbe,0,fold_3
center_2/ndbe/222fedb207ef4146ac638bc75f6edd2a.png,222fedb207ef4146ac638bc75f6edd2a.png,center_2,ndbe,0,fold_3
center_2/ndbe/c4c686419f8b46e784d23fbeca7a4580.png,c4c686419f8b46e784d23fbeca7a4580.png,center_2,ndbe,0,fold_4
center_2/ndbe/f1536a7fb4654b84ac8a7b6f71383e7a.png,f1536a7fb4654b84ac8a7b6f71383e7a.png,center_2,ndbe,0,fold_1
center_2/ndbe/37286b283c10401a869d48086be855ef.png,37286b283c10401a869d48086be855ef.png,center_2,ndbe,0,fold_0
center_2/ndbe/d065ffdf426d47b296e62392815bba41.png,d065ffdf426d47b296e62392815bba41.png,center_2,ndbe,0,fold_3
center_2/ndbe/caaa03a552d64b919a192026713fae90.png,caaa03a552d64b919a192026713fae90.png,center_2,ndbe,0,fold_2
center_2/ndbe/a035c273f74f4e7a872efa581f51e8a8.png,a035c273f74f4e7a872efa581f51e8a8.png,center_2,ndbe,0,fold_1
center_2/ndbe/be616a000c5544d8b0ff0ab0297f9f9b.png,be616a000c5544d8b0ff0ab0297f9f9b.png,center_2,ndbe,0,fold_4
center_2/ndbe/793861ea68754b1095568e2f0dc11624.png,793861ea68754b1095568e2f0dc11624.png,center_2,ndbe,0,fold_1
center_2/ndbe/5112922df4d74ec0aa6a6f171e6cff74.png,5112922df4d74ec0aa6a6f171e6cff74.png,center_2,ndbe,0,fold_0
center_2/ndbe/6a0dfab8815746e6ba6949d4b5d74716.png,6a0dfab8815746e6ba6949d4b5d74716.png,center_2,ndbe,0,fold_2
center_2/ndbe/658faea5c78d4e0bbeba32ab8962c0af.png,658faea5c78d4e0bbeba32ab8962c0af.png,center_2,ndbe,0,fold_1
center_2/ndbe/fcc68596edfc4293a2a9dff979d78e23.png,fcc68596edfc4293a2a9dff979d78e23.png,center_2,ndbe,0,fold_0
center_2/ndbe/b7cafaa519794c4ca441fb6f329a2720.png,b7cafaa519794c4ca441fb6f329a2720.png,center_2,ndbe,0,fold_2
center_2/ndbe/41c35312758e4df9a8fc493789b26f84.png,41c35312758e4df9a8fc493789b26f84.png,center_2,ndbe,0,fold_0
center_2/ndbe/36e3875dcd4148d5b2fd1d528c02797a.png,36e3875dcd4148d5b2fd1d528c02797a.png,center_2,ndbe,0,fold_3
center_2/ndbe/b742f7780e14424a81df67c2dedd5307.png,b742f7780e14424a81df67c2dedd5307.png,center_2,ndbe,0,fold_1
center_2/ndbe/bbb42761ef4848a38f253883946d8d4f.png,bbb42761ef4848a38f253883946d8d4f.png,center_2,ndbe,0,fold_1
center_2/ndbe/20d1a0f8b8b94fbc9b6dcbc9e82058da.png,20d1a0f8b8b94fbc9b6dcbc9e82058da.png,center_2,ndbe,0,fold_1
center_2/ndbe/07e1b0052e3440eb9ec0f7fa1fdaeb76.png,07e1b0052e3440eb9ec0f7fa1fdaeb76.png,center_2,ndbe,0,fold_3
center_2/ndbe/ee25f4005ae64929873754c8eaa76f84.png,ee25f4005ae64929873754c8eaa76f84.png,center_2,ndbe,0,fold_2
center_2/ndbe/3ab2ceca970e49f5ae86319231b1de8a.png,3ab2ceca970e49f5ae86319231b1de8a.png,center_2,ndbe,0,fold_3
center_2/ndbe/7ec12d4d6db54e2b994960e0d8b924cd.png,7ec12d4d6db54e2b994960e0d8b924cd.png,center_2,ndbe,0,fold_4
center_2/ndbe/3081b18052774f53921f9f84ad566622.png,3081b18052774f53921f9f84ad566622.png,center_2,ndbe,0,fold_3
center_2/ndbe/283b2be712c44a0ba880697bb55547ba.png,283b2be712c44a0ba880697bb55547ba.png,center_2,ndbe,0,fold_4
center_2/ndbe/5921be3dca434087af71af93b21e32b2.png,5921be3dca434087af71af93b21e32b2.png,center_2,ndbe,0,fold_2
center_2/ndbe/470a11bb13c449768634468a39273d5b.png,470a11bb13c449768634468a39273d5b.png,center_2,ndbe,0,fold_0
center_2/ndbe/62eeb58cd09b42bfbea8bc78f323e240.png,62eeb58cd09b42bfbea8bc78f323e240.png,center_2,ndbe,0,fold_4
center_2/ndbe/a3a5d4647d1f46a8a2334999e91cc3a6.png,a3a5d4647d1f46a8a2334999e91cc3a6.png,center_2,ndbe,0,fold_4
center_2/ndbe/573ac0b3f6494d148e1dc63296a1aad1.png,573ac0b3f6494d148e1dc63296a1aad1.png,center_2,ndbe,0,fold_0
center_2/ndbe/3923242ef1334a4186327216a1ea7659.png,3923242ef1334a4186327216a1ea7659.png,center_2,ndbe,0,fold_4
center_2/ndbe/796064e5e45a4f5cbed923491c1c8baa.png,796064e5e45a4f5cbed923491c1c8baa.png,center_2,ndbe,0,fold_2
center_2/ndbe/6035c313ddbc4a698e841906842f8e43.png,6035c313ddbc4a698e841906842f8e43.png,center_2,ndbe,0,fold_0
center_2/ndbe/3cf021cea782438291708bbde45c6571.png,3cf021cea782438291708bbde45c6571.png,center_2,ndbe,0,fold_4
center_2/ndbe/97f64cd6de0447799573aa9aa4246c27.png,97f64cd6de0447799573aa9aa4246c27.png,center_2,ndbe,0,fold_1
center_2/ndbe/51fac2ebdebe48539de65c4e318c450a.png,51fac2ebdebe48539de65c4e318c450a.png,center_2,ndbe,0,fold_1
center_2/neo/61c24226a44042cdb5a64eabab13a511.png,61c24226a44042cdb5a64eabab13a511.png,center_2,neo,1,fold_4
center_2/neo/7c2064c70384439996f1b8d6f2062905.png,7c2064c70384439996f1b8d6f2062905.png,center_2,neo,1,fold_3
center_2/neo/2d72eb35ee284bf5ae7c7cb9cba0b598.png,2d72eb35ee284bf5ae7c7cb9cba0b598.png,center_2,neo,1,fold_4
center_2/neo/e81255aeaa2c4a4687fb07640fa41985.png,e81255aeaa2c4a4687fb07640fa41985.png,center_2,neo,1,fold_2
center_2/neo/9e50f752a1354c1aa4e89642b0bffd13.png,9e50f752a1354c1aa4e89642b0bffd13.png,center_2,neo,1,fold_1
center_2/neo/496e84f7fcf7440c9e4d54ea707e2732.png,496e84f7fcf7440c9e4d54ea707e2732.png,center_2,neo,1,fold_4
center_2/neo/12dd4c2fe6994adf991c151dc8897dd6.png,12dd4c2fe6994adf991c151dc8897dd6.png,center_2,neo,1,fold_4
center_2/neo/58d4e1acdc6f4a2bb5021b033880948f.png,58d4e1acdc6f4a2bb5021b033880948f.png,center_2,neo,1,fold_2
center_2/neo/9590d748837d40c4ab3e5196d8b544e4.png,9590d748837d40c4ab3e5196d8b544e4.png,center_2,neo,1,fold_2
center_2/neo/b982536b47ab441fa8cdbd67d77471b1.png,b982536b47ab441fa8cdbd67d77471b1.png,center_2,neo,1,fold_0
center_2/neo/75779eed62e244c79001c1c3026fbf55.png,75779eed62e244c79001c1c3026fbf55.png,center_2,neo,1,fold_1
center_2/neo/029d6506eed1413aa19cb65bca401367.png,029d6506eed1413aa19cb65bca401367.png,center_2,neo,1,fold_1
center_2/neo/b6c82cfa2df04d8ab3f5bc7be77ec6bd.png,b6c82cfa2df04d8ab3f5bc7be77ec6bd.png,center_2,neo,1,fold_2
center_2/neo/32ccae252f1245d7bb6f9fe7a6b21fc6.png,32ccae252f1245d7bb6f9fe7a6b21fc6.png,center_2,neo,1,fold_1
center_2/neo/b2fa6ae9803440c69b5839cc84b7826e.png,b2fa6ae9803440c69b5839cc84b7826e.png,center_2,neo,1,fold_0
center_2/neo/0cbb5b7aa89747f98507aa9243b25dbb.png,0cbb5b7aa89747f98507aa9243b25dbb.png,center_2,neo,1,fold_4
center_2/neo/d040d8d15dc24af98a534e6951543846.png,d040d8d15dc24af98a534e6951543846.png,center_2,neo,1,fold_3
center_2/neo/2a1dafdb63034367b5829807b70c62b0.png,2a1dafdb63034367b5829807b70c62b0.png,center_2,neo,1,fold_3
center_2/neo/e1205290ca7340c2bf183b737df3be4f.png,e1205290ca7340c2bf183b737df3be4f.png,center_2,neo,1,fold_2
center_2/neo/94da652f9d3d40fbbb362cd7da40e81d.png,94da652f9d3d40fbbb362cd7da40e81d.png,center_2,neo,1,fold_3
center_2/neo/e6075c11e9714883b5c2585d46a15d8c.png,e6075c11e9714883b5c2585d46a15d8c.png,center_2,neo,1,fold_3
center_2/neo/790862c31e8b41dc985ba46ebf4d9715.png,790862c31e8b41dc985ba46ebf4d9715.png,center_2,neo,1,fold_0
center_2/neo/d263f8aeda5f4740836cdf00d3d604a1.png,d263f8aeda5f4740836cdf00d3d604a1.png,center_2,neo,1,fold_4
center_2/neo/8ae8fc510be948899a950e53da2c9128.png,8ae8fc510be948899a950e53da2c9128.png,center_2,neo,1,fold_0
center_2/neo/28a2fc21d14f4ce98f2ad07b69a5a0ef.png,28a2fc21d14f4ce98f2ad07b69a5a0ef.png,center_2,neo,1,fold_1
center_2/neo/12f76376d4214dcd9432b3e045f647b1.png,12f76376d4214dcd9432b3e045f647b1.png,center_2,neo,1,fold_4
center_2/neo/414c17a771684d81a02544adea0b4d17.png,414c17a771684d81a02544adea0b4d17.png,center_2,neo,1,fold_3
center_2/neo/85e0f6985f2c449c8391ffc2a854371f.png,85e0f6985f2c449c8391ffc2a854371f.png,center_2,neo,1,fold_4
center_2/neo/cbef330f94bb46c0acc8b4767c98f88e.png,cbef330f94bb46c0acc8b4767c98f88e.png,center_2,neo,1,fold_3
center_2/neo/e601ffd187ea40b8841b2afe5553cc9b.png,e601ffd187ea40b8841b2afe5553cc9b.png,center_2,neo,1,fold_4
center_2/neo/e31442cfb72b4deea9c3d3d3e3e81eea.png,e31442cfb72b4deea9c3d3d3e3e81eea.png,center_2,neo,1,fold_2
center_2/neo/8dfceb8ddaf14395a4114ab40d16426b.png,8dfceb8ddaf14395a4114ab40d16426b.png,center_2,neo,1,fold_4
center_2/neo/35a6818309f141a28c88bdc397c0b163.png,35a6818309f141a28c88bdc397c0b163.png,center_2,neo,1,fold_0
center_2/neo/0dab1cf6ed2d4f62a2c8dcb23c185d06.png,0dab1cf6ed2d4f62a2c8dcb23c185d06.png,center_2,neo,1,fold_2
center_2/neo/86d53eea46bb401994bb337ead5ce22e.png,86d53eea46bb401994bb337ead5ce22e.png,center_2,neo,1,fold_2
center_2/neo/b6efb21c39d444f581e39f6dcbde5d4d.png,b6efb21c39d444f581e39f6dcbde5d4d.png,center_2,neo,1,fold_3
center_2/neo/8c3e87a03220437db96668e500d7b6c6.png,8c3e87a03220437db96668e500d7b6c6.png,center_2,neo,1,fold_0
center_2/neo/4ec00412ff0c428a857f20315dc89491.png,4ec00412ff0c428a857f20315dc89491.png,center_2,neo,1,fold_2
center_2/neo/33ac822ca47b4a92988882e425893b47.png,33ac822ca47b4a92988882e425893b47.png,center_2,neo,1,fold_1
center_2/neo/c20a9ede49504b20aac1175ab452f28a.png,c20a9ede49504b20aac1175ab452f28a.png,center_2,neo,1,fold_3
center_2/neo/64e1aaaf1d1e45e2b82f7ed68a6a8bf9.png,64e1aaaf1d1e45e2b82f7ed68a6a8bf9.png,center_2,neo,1,fold_0
center_2/neo/240302ee936f4e2ea724c1989fb0173c.png,240302ee936f4e2ea724c1989fb0173c.png,center_2,neo,1,fold_2
center_2/neo/8b621cd2bef4407b909274f91f055f51.png,8b621cd2bef4407b909274f91f055f51.png,center_2,neo,1,fold_2
center_2/neo/7f1e7815058d44d0baea68aeb1937504.png,7f1e7815058d44d0baea68aeb1937504.png,center_2,neo,1,fold_1
center_2/neo/ab6e0938ad484c3e8d47a7fba4b64265.png,ab6e0938ad484c3e8d47a7fba4b64265.png,center_2,neo,1,fold_2
center_2/neo/e650f0df91e84ca596b4a3582a9239db.png,e650f0df91e84ca596b4a3582a9239db.png,center_2,neo,1,fold_1
center_2/neo/6a2ed76321884d8bb6fecb63142a89fd.png,6a2ed76321884d8bb6fecb63142a89fd.png,center_2,neo,1,fold_2
center_2/neo/165805c59f074685afe196216ed41ba4.png,165805c59f074685afe196216ed41ba4.png,center_2,neo,1,fold_2
center_2/neo/887bc4cd81224cf5a69bb31501d10297.png,887bc4cd81224cf5a69bb31501d10297.png,center_2,neo,1,fold_4
center_2/neo/5290a70efd344083bf23b1a08d297b1b.png,5290a70efd344083bf23b1a08d297b1b.png,center_2,neo,1,fold_2
center_2/neo/7a9ba4b5e43c4e8c8fe6e51ab49c3d38.png,7a9ba4b5e43c4e8c8fe6e51ab49c3d38.png,center_2,neo,1,fold_3
center_2/neo/92ee1a43c6f244e4a3d4381359dab8fb.png,92ee1a43c6f244e4a3d4381359dab8fb.png,center_2,neo,1,fold_4
center_2/neo/90e7ff1ca0de49bf866e8e14e6209662.png,90e7ff1ca0de49bf866e8e14e6209662.png,center_2,neo,1,fold_4
center_2/neo/49e3ac7a7c304bd1b231d1d307659b49.png,49e3ac7a7c304bd1b231d1d307659b49.png,center_2,neo,1,fold_4
center_2/neo/a694aa7948734e228d3c3ef293199c77.png,a694aa7948734e228d3c3ef293199c77.png,center_2,neo,1,fold_4
center_2/neo/b014811cb6944b3f8503e0eb31f411d2.png,b014811cb6944b3f8503e0eb31f411d2.png,center_2,neo,1,fold_1
center_2/neo/5257325fb336470d994cf05f3e392e55.png,5257325fb336470d994cf05f3e392e55.png,center_2,neo,1,fold_3
center_2/neo/741e8b5db031478d8db35423923123b0.png,741e8b5db031478d8db35423923123b0.png,center_2,neo,1,fold_1
center_2/neo/0c828dfa493c46a7bab031e9153f3e06.png,0c828dfa493c46a7bab031e9153f3e06.png,center_2,neo,1,fold_4
center_2/neo/62c18acc49ca4c45ad795d1bd31f7f93.png,62c18acc49ca4c45ad795d1bd31f7f93.png,center_2,neo,1,fold_3
center_2/neo/e9f12c66bfc04d00bb021069e88c9de4.png,e9f12c66bfc04d00bb021069e88c9de4.png,center_2,neo,1,fold_3
center_2/neo/8954e248b90e499a9acdf3d9ecc8a622.png,8954e248b90e499a9acdf3d9ecc8a622.png,center_2,neo,1,fold_3
center_2/neo/f4cb9c74ee094e1db93897f6b157fbcc.png,f4cb9c74ee094e1db93897f6b157fbcc.png,center_2,neo,1,fold_2
center_2/neo/1a946836ed0944309c30814e07bda9e5.png,1a946836ed0944309c30814e07bda9e5.png,center_2,neo,1,fold_0
center_2/neo/019ae1ccfb6342978ce868209fcc93e1.png,019ae1ccfb6342978ce868209fcc93e1.png,center_2,neo,1,fold_4
center_2/neo/7b6f2f8b32fb46169de17f93ebe6b84d.png,7b6f2f8b32fb46169de17f93ebe6b84d.png,center_2,neo,1,fold_2
center_2/neo/180e7f4e403d4ce2964f240c21cb6dcd.png,180e7f4e403d4ce2964f240c21cb6dcd.png,center_2,neo,1,fold_3
center_2/neo/7dae95efbb434cefb36d22ffad485b98.png,7dae95efbb434cefb36d22ffad485b98.png,center_2,neo,1,fold_0
center_2/neo/230ef4984b70421fa5609bc16a1f7cfc.png,230ef4984b70421fa5609bc16a1f7cfc.png,center_2,neo,1,fold_2
center_2/neo/5b47c8b4bfa9476ab1035daf64236a89.png,5b47c8b4bfa9476ab1035daf64236a89.png,center_2,neo,1,fold_4
center_2/neo/7e7f67616ecf42e08d40611c24c05a97.png,7e7f67616ecf42e08d40611c24c05a97.png,center_2,neo,1,fold_3
center_2/neo/9eee7946821f460fa1bc7164b8dd1877.png,9eee7946821f460fa1bc7164b8dd1877.png,center_2,neo,1,fold_0
center_2/neo/930e780fed514f26b4076fe6b6179561.png,930e780fed514f26b4076fe6b6179561.png,center_2,neo,1,fold_1
center_2/neo/321a14c02f3e4bddb5281e10e2f6cde2.png,321a14c02f3e4bddb5281e10e2f6cde2.png,center_2,neo,1,fold_4
center_2/neo/58cf8654ff7a416eb33356446c596522.png,58cf8654ff7a416eb33356446c596522.png,center_2,neo,1,fold_1
center_2/neo/3ac76498b3a24e3e9eb5e52effd38dd1.png,3ac76498b3a24e3e9eb5e52effd38dd1.png,center_2,neo,1,fold_4
center_2/neo/a14bb610925d421b983100ab01c3090a.png,a14bb610925d421b983100ab01c3090a.png,center_2,neo,1,fold_3
center_2/neo/71505091537d4f8db2db260e574752dc.png,71505091537d4f8db2db260e574752dc.png,center_2,neo,1,fold_0
center_2/neo/5c9f4a24dc3c4e939b195e9d51424f41.png,5c9f4a24dc3c4e939b195e9d51424f41.png,center_2,neo,1,fold_1
center_2/neo/b04ff8e123294d05982776cc77373efe.png,b04ff8e123294d05982776cc77373efe.png,center_2,neo,1,fold_3
center_2/neo/074fbebedbdb43a6bdde9caead58c7fe.png,074fbebedbdb43a6bdde9caead58c7fe.png,center_2,neo,1,fold_1
center_2/neo/ade75169de904a09978b5324e2ee2e13.png,ade75169de904a09978b5324e2ee2e13.png,center_2,neo,1,fold_3
center_2/neo/af976469d15043f2beb16558d837678d.png,af976469d15043f2beb16558d837678d.png,center_2,neo,1,fold_1
center_2/neo/a0a896715958424fb015bae353092f49.png,a0a896715958424fb015bae353092f49.png,center_2,neo,1,fold_0
center_2/neo/5c6a0945aa2645cb85c28539c06f80fc.png,5c6a0945aa2645cb85c28539c06f80fc.png,center_2,neo,1,fold_1
center_2/neo/0bc384ed6e4c49eebc59607f542fad67.png,0bc384ed6e4c49eebc59607f542fad67.png,center_2,neo,1,fold_0
center_2/neo/014db94b309049baa872f5d876b2e0cf.png,014db94b309049baa872f5d876b2e0cf.png,center_2,neo,1,fold_1
center_2/neo/e3d087e928e94428aa9bce0692b793ce.png,e3d087e928e94428aa9bce0692b793ce.png,center_2,neo,1,fold_1
center_2/neo/a1ec3856334f4856a2300605d15781ed.png,a1ec3856334f4856a2300605d15781ed.png,center_2,neo,1,fold_3
center_2/neo/20e6171c17d140b3962c3246d88b01e1.png,20e6171c17d140b3962c3246d88b01e1.png,center_2,neo,1,fold_0
center_2/neo/57e078bc7512477885da9e7b7d7b5254.png,57e078bc7512477885da9e7b7d7b5254.png,center_2,neo,1,fold_0
center_2/neo/15becb10a15b43dea0beff068380446a.png,15becb10a15b43dea0beff068380446a.png,center_2,neo,1,fold_2
center_2/neo/68ff7f2271844e3d9178015098a82c99.png,68ff7f2271844e3d9178015098a82c99.png,center_2,neo,1,fold_0
center_2/neo/28d1798ad5ea41a58d5fb31f588cc9ef.png,28d1798ad5ea41a58d5fb31f588cc9ef.png,center_2,neo,1,fold_0
center_2/neo/77482b3ec05043999cd3ec9588b46157.png,77482b3ec05043999cd3ec9588b46157.png,center_2,neo,1,fold_0
center_2/neo/e6209c8434c845549ddbfb1f9caaa6e6.png,e6209c8434c845549ddbfb1f9caaa6e6.png,center_2,neo,1,fold_1
center_2/neo/4304e46273a64ba184d207357cbd068c.png,4304e46273a64ba184d207357cbd068c.png,center_2,neo,1,fold_0
